date,grid_id,latitude,longitude,coarse_rain_forecast_mm,temperature_c,humidity_pct,wind_speed_ms,soil_moisture,satellite_rain_mm,elevation_m,rainfall_target_mm,rain_event,predicted_rainfall_mm,baseline_rainfall_mm
2026-09-11,G0191,25.90045,86.97018,11.55,31.82,74.64,2.6,0.344,8.8,65.44,10.76,1,8.154299,11.55
2026-09-11,G0195,25.90045,87.13012,11.76,32.35,84.76,2.73,0.378,12.26,64.57,8.73,1,11.050036,11.76
2026-09-11,G0194,25.90045,87.09024,15.46,31.43,83.55,3.19,0.43,15.47,66.3,13.55,1,13.765694,15.46
2026-09-11,G0193,25.90045,87.05022,7.57,31.97,74.03,1.35,0.384,7.67,63.52,3.67,1,5.9770107,7.57
2026-09-11,G0192,25.90045,87.0102,13.54,31.75,68.04,2.92,0.467,11.67,68.37,7.75,1,10.528241,13.54
2026-09-11,G0190,25.90045,86.93017,17.57,31.1,70.94,4.34,0.456,6.41,70.21,10.51,1,9.121467,17.57
2026-09-11,G0182,25.90045,86.61003,4.06,31.34,69.19,2.26,0.446,15.45,63.09,7.81,1,10.34862,4.06
2026-09-11,G0188,25.90045,86.85013,10.65,32.95,76.99,2.13,0.368,4.55,62.04,3.56,1,6.2185616,10.65
2026-09-11,G0187,25.90045,86.81011,15.0,30.34,76.81,2.38,0.471,8.32,63.63,5.61,1,9.607014,15.0
2026-09-11,G0186,25.90045,86.7701,12.25,32.91,80.2,3.03,0.358,15.14,66.73,8.73,1,12.102981,12.25
2026-09-11,G0185,25.90045,86.73008,12.88,33.17,73.17,2.29,0.341,13.39,69.62,14.3,1,11.175096,12.88
2026-09-11,G0184,25.90045,86.69006,9.93,31.36,69.65,3.02,0.412,18.37,64.4,13.74,1,13.65895,9.93
2026-09-11,G0183,25.90045,86.65004,9.65,31.88,68.21,4.56,0.413,14.4,68.16,11.67,1,11.370052,9.65
2026-09-11,G0189,25.90045,86.89015,14.81,29.45,65.3,1.49,0.472,13.61,66.01,13.46,1,11.764075,14.81
2026-09-11,G0196,25.93649,86.57001,10.16,31.81,78.32,2.12,0.474,8.82,66.91,11.3,1,8.8399105,10.16
2026-09-11,G0213,25.97252,86.65004,14.24,32.95,68.14,3.41,0.344,14.38,68.5,14.78,1,11.93152,14.24
2026-09-11,G0198,25.93649,86.65004,7.14,30.65,71.44,3.25,0.428,12.65,64.7,5.27,1,9.4292,7.14
2026-09-11,G0181,25.90045,86.57001,12.89,30.38,80.67,5.97,0.458,17.32,67.66,11.6,1,13.234552,12.89
2026-09-11,G0212,25.97252,86.61003,12.01,31.03,69.15,2.21,0.465,22.85,70.76,14.93,1,15.884845,12.01
2026-09-11,G0211,25.97252,86.57001,16.36,29.95,68.82,4.17,0.405,12.41,67.82,5.02,1,11.176056,16.36
2026-09-11,G0210,25.93649,87.13012,12.48,31.48,70.51,3.9,0.477,16.23,68.29,12.44,1,12.483172,12.48
2026-09-11,G0209,25.93649,87.09024,16.37,29.84,79.79,5.11,0.427,21.8,65.28,14.57,1,17.93037,16.37
2026-09-11,G0208,25.93649,87.05022,13.98,30.14,76.48,4.46,0.458,13.9,70.05,12.58,1,12.817052,13.98
2026-09-11,G0207,25.93649,87.0102,12.85,30.26,86.77,2.95,0.405,15.91,66.56,16.17,1,13.208618,12.85
2026-09-11,G0206,25.93649,86.97018,13.01,32.87,74.45,4.45,0.497,11.88,69.94,10.49,1,10.197657,13.01
2026-09-11,G0205,25.93649,86.93017,13.49,32.72,73.11,3.89,0.398,5.07,69.36,4.6,1,6.9216504,13.49
2026-09-11,G0204,25.93649,86.89015,5.92,30.09,70.57,1.79,0.387,8.79,66.1,7.34,1,7.0703077,5.92
2026-09-11,G0203,25.93649,86.85013,15.35,30.87,78.08,1.74,0.386,8.17,67.89,8.05,1,9.432688,15.35
2026-09-11,G0202,25.93649,86.81011,20.99,29.37,75.36,4.5,0.506,13.52,71.17,13.41,1,13.366165,20.99
2026-09-11,G0201,25.93649,86.7701,11.1,29.8,73.54,3.54,0.455,14.05,63.95,11.49,1,11.33953,11.1
2026-09-11,G0200,25.93649,86.73008,8.31,33.12,76.9,3.87,0.345,18.15,72.82,15.82,1,14.103495,8.31
2026-09-11,G0199,25.93649,86.69006,14.18,32.5,74.69,4.26,0.399,18.03,68.66,17.61,1,14.582664,14.18
2026-09-11,G0197,25.93649,86.61003,11.52,30.35,76.23,6.51,0.358,22.52,68.27,13.57,1,15.764139,11.52
2026-09-11,G0180,25.86441,87.13012,20.88,30.11,70.82,3.49,0.39,12.74,62.58,14.68,1,12.803719,20.88
2026-09-11,G0162,25.82838,87.0102,20.07,29.49,75.35,5.49,0.442,7.62,63.13,9.62,1,9.383405,20.07
2026-09-11,G0178,25.86441,87.05022,14.96,30.52,71.68,4.41,0.447,12.99,62.91,11.83,1,11.625383,14.96
2026-09-11,G0158,25.82838,86.85013,12.51,31.57,71.73,4.94,0.468,12.82,64.67,9.23,1,11.382445,12.51
2026-09-11,G0157,25.82838,86.81011,18.2,32.33,64.13,2.72,0.465,14.21,66.46,10.71,1,13.302389,18.2
2026-09-11,G0156,25.82838,86.7701,13.28,30.65,70.75,4.1,0.435,10.85,61.51,9.46,1,9.731674,13.28
2026-09-11,G0155,25.82838,86.73008,11.84,32.13,75.59,2.86,0.442,13.05,63.03,10.46,1,11.368981,11.84
2026-09-11,G0154,25.82838,86.69006,9.95,32.19,76.4,2.75,0.474,10.11,63.06,7.52,1,9.840756,9.95
2026-09-11,G0153,25.82838,86.65004,6.46,31.55,67.96,3.67,0.437,10.83,61.47,10.03,1,8.175398,6.46
2026-09-11,G0159,25.82838,86.89015,8.29,30.86,76.69,2.44,0.457,12.62,63.18,6.58,1,10.381156,8.29
2026-09-11,G0152,25.82838,86.61003,15.64,32.71,77.19,3.81,0.342,10.52,63.48,14.5,1,11.012157,15.64
2026-09-11,G0150,25.79234,87.13012,6.86,32.82,91.29,1.14,0.4,10.78,62.34,14.8,1,8.574148,6.86
2026-09-11,G0149,25.79234,87.09024,10.5,32.95,71.13,2.6,0.405,12.62,60.27,11.46,1,10.095313,10.5
2026-09-11,G0148,25.79234,87.05022,7.61,31.47,78.15,4.2,0.411,16.56,59.85,12.9,1,12.153908,7.61
2026-09-11,G0147,25.79234,87.0102,10.01,32.67,81.94,4.52,0.449,16.19,63.43,6.52,1,12.305481,10.01
2026-09-11,G0146,25.79234,86.97018,17.58,30.9,64.72,4.37,0.488,14.02,58.11,14.08,1,13.594624,17.58
2026-09-11,G0145,25.79234,86.93017,18.52,29.21,62.29,3.64,0.368,3.6,62.98,0.48,0,6.8120146,18.52
2026-09-11,G0151,25.82838,86.57001,13.74,28.35,73.34,2.22,0.39,7.91,59.54,11.72,1,8.432503,13.74
2026-09-11,G0179,25.86441,87.09024,12.28,28.2,77.5,2.71,0.449,11.26,64.32,8.32,1,10.4613495,12.28
2026-09-11,G0160,25.82838,86.93017,17.71,29.28,72.63,4.55,0.399,0.0,63.06,1.27,1,4.680379,17.71
2026-09-11,G0163,25.82838,87.05022,9.31,32.56,76.28,3.46,0.377,8.76,62.86,8.94,1,7.2808743,9.31
2026-09-11,G0177,25.86441,87.0102,12.97,31.88,74.7,3.24,0.464,11.53,61.93,9.08,1,10.334867,12.97
2026-09-11,G0176,25.86441,86.97018,13.94,32.12,78.07,1.7,0.464,0.68,60.67,2.16,1,5.141873,13.94
2026-09-11,G0175,25.86441,86.93017,15.17,31.91,74.03,2.03,0.499,7.87,64.81,8.22,1,8.94884,15.17
2026-09-11,G0174,25.86441,86.89015,8.91,30.87,74.92,2.64,0.413,9.36,65.31,6.99,1,8.635578,8.91
2026-09-11,G0173,25.86441,86.85013,16.58,32.13,70.29,3.03,0.426,8.83,62.09,11.64,1,10.339945,16.58
2026-09-11,G0172,25.86441,86.81011,17.77,31.11,77.47,2.03,0.382,14.88,62.94,10.56,1,12.920321,17.77
2026-09-11,G0161,25.82838,86.97018,15.6,31.93,70.61,3.18,0.502,5.21,63.8,11.37,1,7.9950385,15.6
2026-09-11,G0171,25.86441,86.7701,16.67,31.09,70.3,4.46,0.482,15.83,62.08,17.54,1,14.116098,16.67
2026-09-11,G0169,25.86441,86.69006,13.62,30.64,65.74,2.94,0.495,13.49,63.1,10.44,1,10.871635,13.62
2026-09-11,G0168,25.86441,86.65004,11.68,30.03,81.11,3.26,0.415,15.11,67.12,13.37,1,12.123666,11.68
2026-09-11,G0167,25.86441,86.61003,7.44,31.25,67.16,3.59,0.378,16.96,64.09,14.35,1,11.580169,7.44
2026-09-11,G0166,25.86441,86.57001,20.91,31.59,66.64,4.03,0.433,4.69,62.62,4.19,1,9.460241,20.91
2026-09-11,G0165,25.82838,87.13012,10.04,32.5,71.93,4.89,0.452,10.53,62.18,6.44,1,8.923724,10.04
2026-09-11,G0164,25.82838,87.09024,16.92,29.79,77.4,3.96,0.42,10.23,62.69,10.68,1,10.791751,16.92
2026-09-11,G0170,25.86441,86.73008,15.12,31.02,78.14,0.9,0.412,11.73,65.35,10.43,1,11.840732,15.12
2026-09-11,G0214,25.97252,86.69006,14.63,29.96,81.37,2.51,0.458,22.5,71.61,12.96,1,17.283888,14.63
2026-09-11,G0144,25.79234,86.89015,16.93,33.19,75.48,3.55,0.396,12.06,59.48,11.1,1,11.85352,16.93
2026-09-11,G0216,25.97252,86.7701,13.41,30.59,68.39,3.95,0.412,15.3,65.22,9.97,1,12.172308,13.41
2026-09-11,G0266,26.08063,86.97018,17.65,29.61,79.26,2.03,0.451,19.27,74.07,18.01,1,15.946932,17.65
2026-09-11,G0265,26.08063,86.93017,7.26,30.63,72.22,5.57,0.359,9.13,77.18,6.06,1,7.186718,7.26
2026-09-11,G0264,26.08063,86.89015,18.73,31.24,74.72,3.71,0.484,9.35,74.35,7.51,1,10.748268,18.73
2026-09-11,G0263,26.08063,86.85013,18.09,30.71,83.32,4.04,0.436,6.97,73.31,8.5,1,9.4134445,18.09
2026-09-11,G0262,26.08063,86.81011,14.04,33.07,82.4,3.25,0.423,14.05,73.23,11.34,1,11.944042,14.04
2026-09-11,G0261,26.08063,86.7701,15.29,31.57,73.31,2.13,0.417,12.18,71.56,15.66,1,11.094979,15.29
2026-09-11,G0267,26.08063,87.0102,12.41,29.91,64.64,7.25,0.492,18.46,73.99,11.98,1,12.514088,12.41
2026-09-11,G0260,26.08063,86.73008,14.47,31.39,76.08,3.1,0.472,18.39,73.74,15.01,1,14.527557,14.47
2026-09-11,G0258,26.08063,86.65004,10.55,32.49,70.48,3.22,0.421,13.56,76.39,10.73,1,11.101259,10.55
2026-09-11,G0257,26.08063,86.61003,9.97,28.11,81.41,2.87,0.475,17.98,72.15,17.37,1,13.3138485,9.97
2026-09-11,G0256,26.08063,86.57001,11.69,28.8,70.9,2.99,0.507,15.01,77.3,16.43,1,11.8744,11.69
2026-09-11,G0255,26.04459,87.13012,13.87,33.01,71.99,3.18,0.324,17.76,73.36,13.33,1,14.4932165,13.87
2026-09-11,G0254,26.04459,87.09024,17.78,32.63,77.44,2.85,0.469,12.67,70.59,14.48,1,11.857527,17.78
2026-09-11,G0253,26.04459,87.05022,6.65,31.1,76.66,1.38,0.431,15.13,71.03,11.9,1,11.460436,6.65
2026-09-11,G0259,26.08063,86.69006,13.13,31.15,82.7,3.58,0.42,21.95,75.28,14.44,1,16.012928,13.13
2026-09-11,G0252,26.04459,87.0102,14.83,33.61,70.15,2.9,0.427,7.31,73.47,7.66,1,7.832772,14.83
2026-09-11,G0268,26.08063,87.05022,7.8,32.94,87.77,3.56,0.385,9.12,73.68,8.27,1,7.198346,7.8
2026-09-11,G0270,26.08063,87.13012,14.44,31.57,72.67,3.39,0.426,14.66,74.02,12.85,1,12.138726,14.44
2026-09-11,G0284,26.09932,87.09024,17.73,30.99,77.28,1.81,0.398,17.77,72.83,13.69,1,14.880848,17.73
2026-09-11,G0283,26.09932,87.05022,14.0,30.68,76.37,2.75,0.464,11.6,78.27,11.36,1,11.343046,14.0
2026-09-11,G0282,26.09932,87.0102,12.55,30.99,72.43,3.86,0.483,9.92,74.17,9.02,1,9.04639,12.55
2026-09-11,G0281,26.09932,86.97018,4.69,29.15,73.66,2.57,0.365,10.83,79.18,5.52,1,7.4921985,4.69
2026-09-11,G0280,26.09932,86.93017,7.34,32.12,72.47,2.8,0.372,9.71,71.92,10.5,1,7.643671,7.34
2026-09-11,G0279,26.09932,86.89015,14.67,33.14,77.51,1.8,0.5,9.35,72.42,11.81,1,9.4401245,14.67
2026-09-11,G0269,26.08063,87.09024,10.23,31.0,63.65,4.8,0.414,7.78,74.6,7.24,1,6.987163,10.23
2026-09-11,G0278,26.09932,86.85013,10.34,32.61,72.6,4.76,0.36,12.07,74.45,16.57,1,10.063847,10.34
2026-09-11,G0276,26.09932,86.7701,8.57,31.38,70.94,4.61,0.418,21.57,73.36,17.24,1,14.328782,8.57
2026-09-11,G0275,26.09932,86.73008,11.22,32.12,64.8,2.56,0.446,22.57,75.31,13.68,1,15.216267,11.22
2026-09-11,G0274,26.09932,86.69006,8.44,32.26,70.12,2.82,0.394,19.43,74.47,11.56,1,14.0027,8.44
2026-09-11,G0273,26.09932,86.65004,16.57,29.94,71.52,2.4,0.394,12.93,68.46,10.66,1,11.933839,16.57
2026-09-11,G0272,26.09932,86.61003,16.93,31.59,75.91,4.12,0.389,17.12,76.09,7.16,1,14.8383465,16.93
2026-09-11,G0271,26.09932,86.57001,17.65,32.02,80.04,2.66,0.417,20.09,75.15,15.48,1,17.157198,17.65
2026-09-11,G0277,26.09932,86.81011,19.1,32.03,73.17,3.84,0.456,11.55,74.3,15.16,1,12.491622,19.1
2026-09-11,G0215,25.97252,86.73008,12.97,31.73,74.04,3.41,0.471,14.69,68.37,8.83,1,12.137975,12.97
2026-09-11,G0251,26.04459,86.97018,25.9,32.26,77.36,1.95,0.432,8.97,69.99,6.45,1,11.968983,25.9
2026-09-11,G0249,26.04459,86.89015,11.48,29.39,79.93,1.98,0.392,21.89,75.58,17.34,1,16.025066,11.48
2026-09-11,G0230,26.00856,86.73008,13.08,32.45,80.95,5.62,0.449,15.03,70.94,11.75,1,11.8327055,13.08
2026-09-11,G0229,26.00856,86.69006,13.88,29.81,69.81,4.13,0.478,14.88,68.28,11.31,1,11.841811,13.88
2026-09-11,G0228,26.00856,86.65004,15.73,31.17,77.66,5.53,0.378,25.62,68.62,19.73,1,17.406736,15.73
2026-09-11,G0227,26.00856,86.61003,5.89,32.13,74.39,2.69,0.451,17.04,70.01,11.72,1,11.931581,5.89
2026-09-11,G0226,26.00856,86.57001,13.96,29.26,73.36,4.24,0.434,17.78,74.83,10.64,1,13.262113,13.96
2026-09-11,G0225,25.97252,87.13012,11.22,30.94,82.28,2.85,0.464,20.0,66.52,11.16,1,14.929756,11.22
2026-09-11,G0231,26.00856,86.7701,17.14,31.57,75.53,4.35,0.401,16.61,69.22,11.46,1,14.674064,17.14
2026-09-11,G0224,25.97252,87.09024,6.6,29.84,70.38,1.39,0.49,12.68,68.88,10.21,1,9.324809,6.6
2026-09-11,G0222,25.97252,87.0102,9.38,32.89,69.72,2.02,0.379,6.78,66.72,12.24,1,6.4600577,9.38
2026-09-11,G0221,25.97252,86.97018,12.19,30.72,73.89,1.41,0.494,12.48,64.87,15.23,1,11.061117,12.19
2026-09-11,G0220,25.97252,86.93017,12.18,28.99,64.65,1.38,0.385,19.87,69.08,10.33,1,15.144548,12.18
2026-09-11,G0219,25.97252,86.89015,15.76,33.61,63.23,3.57,0.391,10.18,72.29,11.44,1,10.162024,15.76
2026-09-11,G0218,25.97252,86.85013,16.11,31.47,72.19,3.02,0.414,8.91,70.31,12.85,1,9.788813,16.11
2026-09-11,G0217,25.97252,86.81011,21.2,28.32,73.36,3.17,0.412,15.03,68.58,16.11,1,13.676989,21.2
2026-09-11,G0223,25.97252,87.05022,2.85,32.12,88.5,2.24,0.425,15.74,70.53,12.04,1,11.593351,2.85
2026-09-11,G0250,26.04459,86.93017,13.58,32.21,80.11,2.79,0.386,8.06,71.27,7.95,1,8.8253765,13.58
2026-09-11,G0232,26.00856,86.81011,22.19,28.67,75.08,5.5,0.405,15.23,69.7,21.94,1,14.16388,22.19
2026-09-11,G0234,26.00856,86.89015,9.01,30.45,64.5,3.94,0.467,13.07,69.5,14.38,1,10.214484,9.01
2026-09-11,G0248,26.04459,86.85013,19.32,32.81,83.76,4.46,0.427,14.18,73.74,14.64,1,13.043133,19.32
2026-09-11,G0247,26.04459,86.81011,16.49,31.53,74.21,2.01,0.462,16.2,68.42,14.36,1,13.494205,16.49
2026-09-11,G0246,26.04459,86.7701,9.51,34.02,72.15,3.3,0.436,15.23,72.16,16.58,1,12.09297,9.51
2026-09-11,G0245,26.04459,86.73008,12.21,29.76,77.05,1.84,0.435,15.61,71.87,8.77,1,12.950845,12.21
2026-09-11,G0244,26.04459,86.69006,11.04,32.14,72.05,3.11,0.484,13.95,72.99,5.72,1,11.2566595,11.04
2026-09-11,G0243,26.04459,86.65004,8.34,32.21,76.64,4.13,0.44,15.9,70.62,9.82,1,12.49512,8.34
2026-09-11,G0233,26.00856,86.85013,4.73,31.53,71.36,3.62,0.48,16.07,74.7,5.66,1,9.939328,4.73
2026-09-11,G0242,26.04459,86.61003,16.06,31.59,85.25,3.1,0.362,15.06,74.84,10.07,1,13.217213,16.06
2026-09-11,G0240,26.00856,87.13012,17.19,33.08,73.63,4.5,0.43,11.71,74.48,9.33,1,11.16758,17.19
2026-09-11,G0239,26.00856,87.09024,8.12,30.71,69.66,4.51,0.466,12.81,68.79,10.4,1,10.148255,8.12
2026-09-11,G0238,26.00856,87.05022,18.69,30.55,72.93,3.81,0.396,10.88,66.3,12.08,1,11.118452,18.69
2026-09-11,G0237,26.00856,87.0102,10.29,29.65,71.95,3.97,0.476,12.44,71.76,10.85,1,10.399269,10.29
2026-09-11,G0236,26.00856,86.97018,12.47,29.56,76.71,1.63,0.428,12.4,72.87,13.79,1,11.011685,12.47
2026-09-11,G0235,26.00856,86.93017,20.53,32.69,77.29,4.67,0.443,13.98,73.56,12.0,1,14.32703,20.53
2026-09-11,G0241,26.04459,86.57001,13.25,31.1,73.95,1.99,0.402,13.29,73.77,7.63,1,11.46008,13.25
2026-09-11,G0285,26.09932,87.13012,9.78,30.24,79.77,4.38,0.454,12.14,75.27,11.24,1,10.40414,9.78
2026-09-11,G0143,25.79234,86.85013,13.65,32.39,75.89,3.66,0.423,6.76,65.78,10.49,1,7.8343215,13.65
2026-09-11,G0141,25.79234,86.7701,13.29,32.02,75.38,5.02,0.402,8.37,60.77,13.49,1,8.626265,13.29
2026-09-11,G0050,25.57613,86.73008,17.86,32.43,75.32,2.45,0.386,15.08,49.72,15.64,1,13.43821,17.86
2026-09-11,G0049,25.57613,86.69006,18.49,34.13,73.69,2.37,0.46,18.2,47.65,16.63,1,15.230675,18.49
2026-09-11,G0048,25.57613,86.65004,12.14,31.74,78.6,3.52,0.458,13.55,47.73,10.69,1,11.961593,12.14
2026-09-11,G0047,25.57613,86.61003,16.44,30.8,73.54,3.08,0.449,16.8,49.93,21.65,1,14.07109,16.44
2026-09-11,G0046,25.57613,86.57001,10.33,30.09,74.07,3.53,0.482,21.92,49.48,20.22,1,16.417955,10.33
2026-09-11,G0045,25.54009,87.13012,12.53,32.54,76.04,3.73,0.439,17.79,46.33,9.92,1,14.498438,12.53
2026-09-11,G0051,25.57613,86.7701,8.2,31.51,77.52,4.94,0.451,11.34,49.93,8.8,1,9.336678,8.2
2026-09-11,G0044,25.54009,87.09024,12.69,30.26,78.68,1.28,0.452,13.62,45.98,13.39,1,11.448765,12.69
2026-09-11,G0042,25.54009,87.0102,11.24,33.0,63.37,5.1,0.472,13.52,49.02,10.75,1,10.585688,11.24
2026-09-11,G0041,25.54009,86.97018,15.47,32.18,80.64,3.78,0.409,18.12,46.67,13.95,1,15.016607,15.47
2026-09-11,G0040,25.54009,86.93017,9.05,32.13,70.95,4.57,0.416,9.24,52.61,9.25,1,8.093623,9.05
2026-09-11,G0039,25.54009,86.89015,10.88,32.71,69.3,3.47,0.406,19.48,43.76,15.19,1,14.030126,10.88
2026-09-11,G0038,25.54009,86.85013,11.33,30.78,80.63,5.65,0.362,18.73,47.36,15.21,1,14.465749,11.33
2026-09-11,G0037,25.54009,86.81011,8.88,32.35,70.52,5.23,0.42,15.97,46.66,13.09,1,11.834988,8.88
2026-09-11,G0043,25.54009,87.05022,9.32,31.14,78.03,3.71,0.354,14.46,46.92,14.41,1,10.883185,9.32
2026-09-11,G0036,25.54009,86.7701,11.19,33.39,72.77,3.1,0.411,16.92,53.4,8.72,1,13.143513,11.19
2026-09-11,G0052,25.57613,86.81011,21.09,33.71,74.58,3.08,0.374,9.88,51.51,11.73,1,11.474122,21.09
2026-09-11,G0054,25.57613,86.89015,8.16,30.42,79.62,3.46,0.484,12.37,48.86,16.92,1,10.540252,8.16
2026-09-11,G0068,25.61216,86.85013,14.52,32.07,68.27,5.49,0.479,13.64,52.26,9.65,1,11.434516,14.52
2026-09-11,G0067,25.61216,86.81011,18.42,31.17,74.57,4.57,0.495,15.74,54.13,17.47,1,14.358798,18.42
2026-09-11,G0066,25.61216,86.7701,15.12,31.24,68.96,3.94,0.432,16.74,52.79,18.48,1,13.404139,15.12
2026-09-11,G0065,25.61216,86.73008,14.9,31.63,73.11,5.81,0.423,17.17,55.56,13.01,1,14.124306,14.9
2026-09-11,G0064,25.61216,86.69006,9.55,32.85,75.76,2.77,0.424,11.08,45.3,13.02,1,9.721851,9.55
2026-09-11,G0063,25.61216,86.65004,10.72,31.78,74.63,1.85,0.38,12.87,54.46,9.14,1,10.8764,10.72
2026-09-11,G0053,25.57613,86.85013,11.05,32.32,69.33,4.85,0.433,0.0,52.15,4.75,1,4.232357,11.05
2026-09-11,G0062,25.61216,86.61003,2.54,34.22,69.94,2.7,0.387,16.99,53.1,7.62,1,10.602695,2.54
2026-09-11,G0060,25.57613,87.13012,9.82,32.55,69.99,2.56,0.389,12.73,49.83,9.31,1,10.578991,9.82
2026-09-11,G0059,25.57613,87.09024,15.44,30.19,76.54,4.95,0.448,23.68,47.09,17.11,1,17.972391,15.44
2026-09-11,G0058,25.57613,87.05022,18.1,31.79,68.7,4.45,0.454,10.99,50.12,10.19,1,11.334792,18.1
2026-09-11,G0057,25.57613,87.0102,19.05,31.85,70.07,1.51,0.446,5.53,52.94,9.75,1,8.457769,19.05
2026-09-11,G0056,25.57613,86.97018,6.65,34.76,68.39,4.14,0.425,13.58,45.42,12.35,1,10.072584,6.65
2026-09-11,G0055,25.57613,86.93017,8.96,30.56,67.05,2.07,0.356,3.91,54.24,9.35,1,5.577213,8.96
2026-09-11,G0061,25.61216,86.57001,17.74,32.57,77.53,4.13,0.436,13.51,50.44,17.43,1,12.822874,17.74
2026-09-11,G0069,25.61216,86.89015,21.71,33.02,65.39,3.17,0.439,7.84,54.07,8.86,1,10.686506,21.71
2026-09-11,G0035,25.54009,86.73008,12.8,31.67,79.64,4.89,0.433,22.13,45.99,14.54,1,16.439995,12.8
2026-09-11,G0033,25.54009,86.65004,9.53,33.19,83.91,3.91,0.383,15.57,47.51,13.45,1,12.913104,9.53
2026-09-11,G0014,25.46802,87.09024,3.6,33.42,70.14,5.6,0.393,9.51,45.31,5.2,1,6.8555307,3.6
2026-09-11,G0013,25.46802,87.05022,11.61,33.44,74.77,4.54,0.43,10.0,47.08,3.8,1,9.128736,11.61
2026-09-11,G0012,25.46802,87.0102,15.16,33.09,68.53,4.83,0.445,12.03,47.5,12.57,1,10.869977,15.16
2026-09-11,G0011,25.46802,86.97018,21.5,31.82,77.5,2.91,0.405,13.38,49.85,13.88,1,12.602779,21.5
2026-09-11,G0010,25.46802,86.93017,12.58,30.39,65.8,5.51,0.399,9.68,45.35,14.44,1,8.561152,12.58
2026-09-11,G0009,25.46802,86.89015,6.83,31.53,72.19,3.72,0.407,9.11,48.91,7.92,1,7.211715,6.83
2026-09-11,G0015,25.46802,87.13012,13.37,30.89,83.18,3.15,0.46,16.01,46.78,9.15,1,13.351744,13.37
2026-09-11,G0008,25.46802,86.85013,11.28,32.76,81.72,3.01,0.478,14.35,44.15,9.54,1,12.212333,11.28
2026-09-11,G0006,25.46802,86.7701,11.44,31.29,67.37,4.42,0.447,18.21,45.61,17.76,1,13.657573,11.44
2026-09-11,G0005,25.46802,86.73008,15.73,32.08,69.8,4.06,0.439,13.09,46.65,8.3,1,12.267932,15.73
2026-09-11,G0004,25.46802,86.69006,8.23,31.25,71.27,4.94,0.464,19.29,45.79,7.63,1,12.915866,8.23
2026-09-11,G0003,25.46802,86.65004,10.45,32.09,65.98,6.64,0.41,17.96,45.71,14.02,1,13.608303,10.45
2026-09-11,G0002,25.46802,86.61003,12.8,32.49,74.16,3.4,0.406,20.58,45.27,16.27,1,15.525697,12.8
2026-09-11,G0001,25.46802,86.57001,4.3,35.03,67.78,3.76,0.455,15.58,44.79,9.76,1,9.580652,4.3
2026-09-11,G0007,25.46802,86.81011,11.72,31.12,70.66,3.49,0.378,13.7,48.02,10.45,1,10.77889,11.72
2026-09-11,G0034,25.54009,86.69006,18.43,33.23,79.02,3.43,0.421,13.23,49.92,16.97,1,13.380122,18.43
2026-09-11,G0016,25.50405,86.57001,18.79,29.52,67.9,3.94,0.429,14.21,47.3,12.14,1,13.303929,18.79
2026-09-11,G0018,25.50405,86.65004,16.51,32.31,80.55,2.64,0.357,17.81,43.69,13.49,1,14.988061,16.51
2026-09-11,G0032,25.54009,86.61003,12.37,31.76,76.52,1.37,0.4,12.46,47.24,4.59,1,11.381842,12.37
2026-09-11,G0031,25.54009,86.57001,14.24,32.6,67.95,2.39,0.482,7.12,44.94,8.51,1,8.081703,14.24
2026-09-11,G0030,25.50405,87.13012,15.47,30.9,69.65,3.64,0.44,11.86,46.49,14.01,1,11.340084,15.47
2026-09-11,G0029,25.50405,87.09024,4.97,33.09,74.87,3.67,0.443,16.22,50.51,14.33,1,10.541773,4.97
2026-09-11,G0028,25.50405,87.05022,16.57,33.03,74.03,4.08,0.348,22.68,46.0,20.06,1,16.907007,16.57
2026-09-11,G0027,25.50405,87.0102,11.62,32.88,78.05,4.24,0.419,13.95,45.16,15.13,1,12.438524,11.62
2026-09-11,G0017,25.50405,86.61003,20.84,31.39,83.19,1.83,0.441,18.82,50.76,19.77,1,17.593306,20.84
2026-09-11,G0026,25.50405,86.97018,13.84,30.09,74.84,4.03,0.409,12.58,47.96,9.42,1,11.511551,13.84
2026-09-11,G0024,25.50405,86.89015,14.9,30.68,72.98,2.94,0.456,12.55,48.92,9.51,1,11.9450035,14.9
2026-09-11,G0023,25.50405,86.85013,17.2,31.52,75.25,1.56,0.408,11.91,49.08,8.43,1,11.196272,17.2
2026-09-11,G0022,25.50405,86.81011,7.73,31.07,70.92,5.09,0.396,12.99,49.65,15.38,1,9.594514,7.73
2026-09-11,G0021,25.50405,86.7701,9.04,33.66,74.11,2.68,0.514,10.17,43.51,6.16,1,7.1516542,9.04
2026-09-11,G0020,25.50405,86.73008,17.49,30.89,75.23,2.67,0.382,19.36,48.43,15.87,1,15.034398,17.49
2026-09-11,G0019,25.50405,86.69006,7.75,33.07,74.46,4.98,0.379,10.47,48.12,11.31,1,8.5710535,7.75
2026-09-11,G0025,25.50405,86.93017,13.21,29.34,71.87,4.13,0.409,6.89,45.23,3.07,1,7.5639086,13.21
2026-09-11,G0070,25.61216,86.93017,5.12,33.65,79.55,2.92,0.38,9.01,53.07,9.05,1,6.951093,5.12
2026-09-11,G0142,25.79234,86.81011,13.01,31.38,76.87,3.08,0.397,4.85,60.89,2.93,1,6.417131,13.01
2026-09-11,G0072,25.61216,87.0102,6.48,31.79,74.15,2.68,0.432,17.0,51.02,14.09,1,11.98321,6.48
2026-09-11,G0122,25.75631,86.61003,15.95,30.6,78.92,3.09,0.426,15.72,60.85,16.22,1,13.971691,15.95
2026-09-11,G0121,25.75631,86.57001,17.9,33.74,79.5,4.41,0.46,1.38,56.04,4.94,1,6.5736895,17.9
2026-09-11,G0120,25.72027,87.13012,14.7,31.79,81.13,1.56,0.465,12.9,58.19,8.94,1,12.014907,14.7
2026-09-11,G0119,25.72027,87.09024,2.83,32.97,77.15,1.91,0.478,13.58,55.13,6.43,1,9.2440815,2.83
2026-09-11,G0118,25.72027,87.05022,14.47,30.91,79.03,3.56,0.369,14.81,56.11,13.38,1,12.780915,14.47
2026-09-11,G0117,25.72027,87.0102,9.6,30.91,69.96,2.82,0.46,12.74,56.22,11.23,1,10.573663,9.6
2026-09-11,G0071,25.61216,86.97018,11.92,31.04,83.77,2.7,0.44,11.34,50.65,6.02,1,10.486753,11.92
2026-09-11,G0116,25.72027,86.97018,17.8,33.4,74.41,2.21,0.441,9.2,59.47,5.57,1,10.176894,17.8
2026-09-11,G0114,25.72027,86.89015,13.55,30.71,76.04,3.57,0.418,9.13,58.32,12.61,1,9.352323,13.55
2026-09-11,G0113,25.72027,86.85013,15.4,32.74,71.93,4.32,0.48,8.14,56.33,8.58,1,9.430909,15.4
2026-09-11,G0112,25.72027,86.81011,19.19,31.06,73.24,2.54,0.49,15.95,56.97,7.5,1,14.460156,19.19
2026-09-11,G0111,25.72027,86.7701,10.02,30.18,79.1,3.48,0.38,21.46,60.82,16.71,1,16.079481,10.02
2026-09-11,G0110,25.72027,86.73008,14.61,31.69,78.45,5.09,0.446,11.82,57.28,13.9,1,11.161665,14.61
2026-09-11,G0109,25.72027,86.69006,17.34,31.62,76.43,5.94,0.442,12.87,57.92,13.97,1,13.0318985,17.34
2026-09-11,G0115,25.72027,86.93017,6.18,30.66,73.99,6.48,0.336,6.69,59.11,5.43,1,5.3918753,6.18
2026-09-11,G0108,25.72027,86.65004,11.97,33.05,73.03,1.8,0.374,13.44,57.67,8.47,1,11.099511,11.97
2026-09-11,G0124,25.75631,86.69006,17.62,33.73,68.54,4.33,0.427,17.98,61.65,15.45,1,15.47865,17.62
2026-09-11,G0126,25.75631,86.7701,20.11,31.28,69.66,4.2,0.511,18.52,58.5,17.93,1,15.54886,20.11
2026-09-11,G0140,25.79234,86.73008,6.13,32.7,80.87,3.63,0.402,7.99,60.87,11.73,1,6.7415285,6.13
2026-09-11,G0139,25.79234,86.69006,9.03,31.56,70.29,2.95,0.397,17.37,59.91,18.33,1,13.130775,9.03
2026-09-11,G0138,25.79234,86.65004,7.34,31.85,84.18,4.16,0.45,13.47,59.32,10.23,1,10.3209,7.34
2026-09-11,G0137,25.79234,86.61003,17.49,31.35,69.81,2.79,0.333,17.96,59.72,18.03,1,14.829006,17.49
2026-09-11,G0136,25.79234,86.57001,13.36,32.95,77.33,2.73,0.389,6.86,61.32,5.48,1,8.1552515,13.36
2026-09-11,G0135,25.75631,87.13012,11.88,30.2,73.93,3.03,0.48,11.9,59.45,7.83,1,10.0879345,11.88
2026-09-11,G0125,25.75631,86.73008,8.4,28.51,77.63,3.22,0.441,15.54,58.58,14.46,1,12.12131,8.4
2026-09-11,G0134,25.75631,87.09024,8.49,31.92,72.21,0.44,0.416,12.39,58.49,5.92,1,8.946211,8.49
2026-09-11,G0132,25.75631,87.0102,12.21,30.77,72.74,3.61,0.399,9.15,60.18,8.94,1,8.652048,12.21
2026-09-11,G0131,25.75631,86.97018,9.6,32.61,67.55,2.56,0.364,13.86,58.49,8.93,1,10.740017,9.6
2026-09-11,G0130,25.75631,86.93017,11.63,31.05,73.62,3.29,0.399,5.64,58.44,12.92,1,6.943552,11.63
2026-09-11,G0129,25.75631,86.89015,8.63,30.96,71.54,3.38,0.402,8.39,60.33,12.73,1,7.691848,8.63
2026-09-11,G0128,25.75631,86.85013,12.76,31.21,77.17,1.59,0.392,11.06,61.83,7.43,1,10.114901,12.76
2026-09-11,G0127,25.75631,86.81011,15.09,30.96,68.18,4.36,0.388,14.87,56.51,9.76,1,13.092275,15.09
2026-09-11,G0133,25.75631,87.05022,5.87,32.73,72.47,5.83,0.451,9.46,58.93,9.15,1,6.77985,5.87
2026-09-11,G0107,25.72027,86.61003,13.3,30.57,75.43,2.66,0.468,12.27,59.47,11.13,1,10.6453905,13.3
2026-09-11,G0123,25.75631,86.65004,11.18,31.99,77.62,2.45,0.477,12.63,60.68,15.17,1,10.328562,11.18
2026-09-11,G0105,25.68423,87.13012,11.64,31.92,68.66,2.62,0.504,14.42,55.35,8.39,1,10.909796,11.64
2026-09-11,G0086,25.6482,86.97018,13.69,32.03,84.73,3.26,0.405,6.94,53.04,12.75,1,7.636481,13.69
2026-09-11,G0085,25.6482,86.93017,8.58,32.17,71.76,3.86,0.432,10.77,51.43,13.23,1,9.031187,8.58
2026-09-11,G0084,25.6482,86.89015,2.62,31.89,76.89,4.71,0.416,10.91,55.89,8.63,1,7.712933,2.62
2026-09-11,G0083,25.6482,86.85013,14.64,31.95,72.29,4.55,0.381,14.6,54.14,15.37,1,12.757975,14.64
2026-09-11,G0082,25.6482,86.81011,5.14,29.85,80.25,1.49,0.416,9.65,55.58,5.38,1,8.971516,5.14
2026-09-11,G0080,25.6482,86.73008,16.06,30.65,74.84,5.68,0.427,8.69,51.29,8.9,1,9.66113,16.06
2026-09-11,G0087,25.6482,87.0102,14.22,33.44,77.67,2.61,0.433,8.71,51.14,12.01,1,8.863143,14.22
2026-09-11,G0079,25.6482,86.69006,16.91,32.23,78.11,1.32,0.429,17.08,54.18,19.08,1,15.032503,16.91
2026-09-11,G0077,25.6482,86.61003,12.18,33.44,73.39,4.41,0.339,12.13,54.53,9.71,1,9.970367,12.18
2026-09-11,G0076,25.6482,86.57001,7.68,31.91,78.21,4.12,0.421,6.96,56.74,10.95,1,6.290057,7.68
2026-09-11,G0075,25.61216,87.13012,17.76,32.51,69.14,4.87,0.399,16.73,54.65,11.97,1,14.41742,17.76
2026-09-11,G0074,25.61216,87.09024,18.91,33.67,75.23,3.08,0.425,16.9,50.76,14.95,1,14.100716,18.91
2026-09-11,G0073,25.61216,87.05022,15.48,32.08,73.08,3.15,0.445,8.85,52.94,6.8,1,9.29273,15.48
2026-09-11,G0106,25.72027,86.57001,16.42,31.57,77.33,1.57,0.362,12.27,58.8,15.64,1,11.702995,16.42
2026-09-11,G0078,25.6482,86.65004,8.94,32.69,71.03,3.96,0.425,9.2,54.24,3.8,1,8.193527,8.94
2026-09-11,G0088,25.6482,87.05022,11.28,30.38,73.94,4.73,0.41,12.94,48.78,10.43,1,10.694057,11.28
2026-09-11,G0081,25.6482,86.7701,16.66,28.76,73.68,3.86,0.462,16.87,55.82,15.47,1,14.628298,16.66
2026-09-11,G0090,25.6482,87.13012,15.97,31.36,64.46,2.96,0.49,14.51,53.91,11.51,1,12.134837,15.97
2026-09-11,G0089,25.6482,87.09024,3.43,30.62,68.19,4.81,0.454,11.97,51.83,3.71,1,8.26402,3.43
2026-09-11,G0103,25.68423,87.05022,18.36,31.99,80.62,2.96,0.43,12.64,54.6,11.91,1,12.453331,18.36
2026-09-11,G0102,25.68423,87.0102,11.79,31.47,71.99,1.87,0.522,3.47,55.25,1.43,1,6.3574038,11.79
2026-09-11,G0101,25.68423,86.97018,8.44,31.42,73.25,1.89,0.408,14.05,58.71,15.12,1,10.7991705,8.44
2026-09-11,G0100,25.68423,86.93017,20.88,30.74,73.84,3.59,0.509,9.16,57.72,12.37,1,10.442123,20.88
2026-09-11,G0099,25.68423,86.89015,11.19,31.11,74.5,4.33,0.448,10.65,55.49,9.51,1,9.451882,11.19
2026-09-11,G0098,25.68423,86.85013,4.36,30.08,78.21,2.08,0.44,17.51,55.96,15.24,1,11.28835,4.36
2026-09-11,G0104,25.68423,87.09024,7.84,31.46,79.12,4.71,0.458,5.76,58.24,2.01,1,6.0920706,7.84
2026-09-11,G0096,25.68423,86.7701,11.41,30.47,70.51,4.54,0.419,14.66,56.6,13.27,1,11.598467,11.41
2026-09-11,G0095,25.68423,86.73008,14.18,30.88,80.64,4.14,0.473,11.86,55.4,8.31,1,11.018142,14.18
2026-09-11,G0094,25.68423,86.69006,20.71,30.62,70.49,3.88,0.434,9.41,55.39,12.06,1,11.467629,20.71
2026-09-11,G0093,25.68423,86.65004,15.42,29.56,69.87,4.46,0.445,7.75,57.06,2.81,1,9.008408,15.42
2026-09-11,G0092,25.68423,86.61003,9.78,32.02,81.84,4.29,0.426,14.27,56.8,7.87,1,12.264336,9.78
2026-09-11,G0091,25.68423,86.57001,15.0,28.64,74.96,3.03,0.458,15.52,55.85,15.8,1,13.557552,15.0
2026-09-11,G0097,25.68423,86.81011,13.31,31.23,74.8,4.85,0.423,10.26,53.34,12.27,1,9.984178,13.31
2026-09-12,G0193,25.90045,87.05022,4.99,32.05,78.02,2.7,0.487,9.31,67.34,10.17,1,7.316065,4.99
2026-09-12,G0192,25.90045,87.0102,16.85,32.61,70.99,3.1,0.418,10.47,64.47,16.92,1,11.33054,16.85
2026-09-12,G0191,25.90045,86.97018,8.71,32.44,78.89,4.04,0.492,11.89,68.54,11.66,1,9.871831,8.71
2026-09-12,G0190,25.90045,86.93017,19.42,32.39,76.8,4.13,0.436,10.77,64.73,14.08,1,11.998313,19.42
2026-09-12,G0189,25.90045,86.89015,17.64,29.01,72.31,1.55,0.44,11.7,65.21,12.86,1,12.003811,17.64
2026-09-12,G0188,25.90045,86.85013,11.09,30.9,71.72,2.97,0.403,5.87,67.81,10.47,1,7.298646,11.09
2026-09-12,G0184,25.90045,86.69006,18.93,31.07,75.19,5.02,0.434,13.98,65.63,14.18,1,13.98851,18.93
2026-09-12,G0186,25.90045,86.7701,8.41,32.16,66.9,3.17,0.43,14.59,69.49,15.96,1,10.8407545,8.41
2026-09-12,G0185,25.90045,86.73008,14.37,30.53,83.11,3.39,0.388,10.9,67.87,8.2,1,11.398408,14.37
2026-09-12,G0183,25.90045,86.65004,9.2,29.3,75.47,1.48,0.391,22.67,66.84,13.26,1,15.436732,9.2
2026-09-12,G0182,25.90045,86.61003,14.23,32.25,73.57,2.26,0.412,15.87,67.36,13.84,1,13.309271,14.23
2026-09-12,G0181,25.90045,86.57001,15.44,31.87,73.92,2.7,0.397,23.86,69.31,23.63,1,18.048431,15.44
2026-09-12,G0194,25.90045,87.09024,8.24,31.74,86.23,0.05,0.382,13.19,64.39,10.71,1,8.970005,8.24
2026-09-12,G0187,25.90045,86.81011,11.31,31.05,74.57,4.31,0.458,16.52,68.27,4.48,1,12.9881115,11.31
2026-09-12,G0195,25.90045,87.13012,15.98,29.18,71.9,3.0,0.422,15.7,62.54,18.34,1,13.958219,15.98
2026-09-12,G0212,25.97252,86.61003,14.18,31.41,74.77,2.67,0.463,16.33,67.56,20.37,1,13.057401,14.18
2026-09-12,G0197,25.93649,86.61003,16.02,30.27,75.49,2.56,0.384,11.57,66.37,14.85,1,10.906399,16.02
2026-09-12,G0211,25.97252,86.57001,9.53,31.22,78.53,4.12,0.479,11.45,68.9,13.03,1,10.169683,9.53
2026-09-12,G0210,25.93649,87.13012,8.13,33.37,67.99,2.03,0.372,22.51,65.88,17.32,1,13.604989,8.13
2026-09-12,G0209,25.93649,87.09024,16.91,31.82,76.51,2.87,0.401,9.51,72.93,10.1,1,9.859784,16.91
2026-09-12,G0208,25.93649,87.05022,15.16,29.56,74.62,2.88,0.385,7.7,69.51,11.89,1,8.851642,15.16
2026-09-12,G0207,25.93649,87.0102,13.3,30.24,77.04,3.19,0.45,11.68,62.59,11.49,1,10.721444,13.3
2026-09-12,G0206,25.93649,86.97018,11.75,31.29,75.93,0.83,0.446,11.98,64.26,11.59,1,10.519995,11.75
2026-09-12,G0196,25.93649,86.57001,10.72,34.51,75.84,4.35,0.45,13.31,70.17,8.65,1,12.573156,10.72
2026-09-12,G0205,25.93649,86.93017,10.44,30.21,68.4,3.37,0.434,12.66,70.56,15.23,1,10.898901,10.44
2026-09-12,G0203,25.93649,86.85013,8.25,33.03,77.33,3.53,0.433,10.46,65.27,12.16,1,8.936364,8.25
2026-09-12,G0202,25.93649,86.81011,11.54,31.77,73.54,1.86,0.48,11.71,66.67,8.26,1,9.930313,11.54
2026-09-12,G0201,25.93649,86.7701,15.6,29.89,74.78,2.26,0.39,15.98,64.59,13.95,1,13.551772,15.6
2026-09-12,G0200,25.93649,86.73008,11.45,31.72,74.66,4.94,0.449,11.98,62.5,5.0,1,10.622024,11.45
2026-09-12,G0199,25.93649,86.69006,15.6,32.09,76.52,4.05,0.411,13.54,66.52,11.97,1,12.29627,15.6
2026-09-12,G0198,25.93649,86.65004,8.74,29.87,77.01,2.14,0.388,18.28,69.85,13.83,1,13.4769945,8.74
2026-09-12,G0204,25.93649,86.89015,21.35,30.7,78.24,2.69,0.376,9.13,65.62,17.76,1,10.958254,21.35
2026-09-12,G0180,25.86441,87.13012,19.65,33.18,79.59,4.18,0.335,17.42,67.12,15.12,1,17.396927,19.65
2026-09-12,G0145,25.79234,86.93017,17.01,30.48,71.24,4.24,0.409,5.61,60.32,12.37,1,7.5624094,17.01
2026-09-12,G0178,25.86441,87.05022,10.59,31.69,72.8,0.53,0.415,6.21,62.64,3.84,1,5.6194134,10.59
2026-09-12,G0158,25.82838,86.85013,14.39,32.77,75.47,3.05,0.398,10.36,64.25,9.81,1,10.780401,14.39
2026-09-12,G0157,25.82838,86.81011,16.33,31.64,77.04,2.13,0.46,9.13,63.47,12.31,1,10.226784,16.33
2026-09-12,G0156,25.82838,86.7701,12.67,33.17,67.83,4.85,0.439,9.62,67.63,10.31,1,9.3793745,12.67
2026-09-12,G0155,25.82838,86.73008,20.36,29.63,65.45,2.41,0.438,15.55,63.83,11.91,1,14.967008,20.36
2026-09-12,G0154,25.82838,86.69006,12.73,32.25,73.15,4.36,0.449,11.32,63.57,11.64,1,10.203405,12.73
2026-09-12,G0153,25.82838,86.65004,15.22,31.89,66.97,4.46,0.467,16.17,61.5,15.4,1,13.925901,15.22
2026-09-12,G0159,25.82838,86.89015,12.74,32.2,64.77,3.67,0.466,9.93,61.42,7.57,1,9.535966,12.74
2026-09-12,G0152,25.82838,86.61003,13.53,31.86,76.61,2.36,0.427,4.15,61.28,2.81,1,6.3359604,13.53
2026-09-12,G0150,25.79234,87.13012,4.02,31.49,65.54,3.83,0.346,11.54,59.32,2.76,1,7.4105988,4.02
2026-09-12,G0149,25.79234,87.09024,14.52,32.25,72.99,4.26,0.412,5.44,63.22,6.42,1,7.3516946,14.52
2026-09-12,G0148,25.79234,87.05022,11.33,30.67,76.35,3.33,0.516,11.4,59.54,13.96,1,10.324079,11.33
2026-09-12,G0147,25.79234,87.0102,7.65,31.81,72.11,3.21,0.449,6.75,61.35,3.34,1,5.792651,7.65
2026-09-12,G0146,25.79234,86.97018,14.08,31.54,66.14,1.66,0.426,10.32,60.68,10.82,1,10.517422,14.08
2026-09-12,G0213,25.97252,86.65004,7.94,31.62,73.32,4.05,0.408,14.5,73.65,7.22,1,10.547458,7.94
2026-09-12,G0151,25.82838,86.57001,12.36,31.4,69.35,3.19,0.54,11.0,60.17,5.17,1,10.072221,12.36
2026-09-12,G0160,25.82838,86.93017,13.46,31.07,68.69,3.97,0.434,8.19,64.93,5.31,1,8.734687,13.46
2026-09-12,G0161,25.82838,86.97018,11.11,34.05,81.25,3.4,0.517,6.51,64.05,6.15,1,8.308837,11.11
2026-09-12,G0162,25.82838,87.0102,14.41,30.81,74.54,4.39,0.338,4.14,61.82,7.93,1,6.6122093,14.41
2026-09-12,G0177,25.86441,87.0102,12.55,30.12,77.54,4.15,0.32,17.69,66.41,11.04,1,13.83489,12.55
2026-09-12,G0176,25.86441,86.97018,12.46,30.79,68.8,2.53,0.392,6.29,65.59,12.01,1,7.561261,12.46
2026-09-12,G0175,25.86441,86.93017,7.06,31.86,73.65,4.31,0.383,7.36,65.13,3.71,1,6.2947907,7.06
2026-09-12,G0174,25.86441,86.89015,9.44,31.34,74.55,3.43,0.394,13.97,64.12,12.88,1,11.53704,9.44
2026-09-12,G0173,25.86441,86.85013,15.61,33.14,69.82,3.67,0.422,13.17,64.91,8.54,1,11.998301,15.61
2026-09-12,G0172,25.86441,86.81011,15.85,31.6,70.16,2.61,0.443,13.67,65.32,8.99,1,11.946342,15.85
2026-09-12,G0171,25.86441,86.7701,12.52,31.95,74.85,5.2,0.479,17.98,62.62,14.97,1,14.446577,12.52
2026-09-12,G0170,25.86441,86.73008,14.26,31.64,68.78,1.84,0.498,13.67,65.08,11.97,1,11.070092,14.26
2026-09-12,G0169,25.86441,86.69006,13.39,30.92,69.97,3.6,0.462,17.37,64.26,8.48,1,13.53604,13.39
2026-09-12,G0168,25.86441,86.65004,19.36,31.52,71.51,4.3,0.432,19.64,64.27,9.78,1,16.742035,19.36
2026-09-12,G0167,25.86441,86.61003,8.64,31.18,73.89,2.88,0.447,11.93,63.83,9.72,1,9.269779,8.64
2026-09-12,G0166,25.86441,86.57001,16.14,33.17,74.93,2.17,0.447,7.62,61.74,14.22,1,9.035444,16.14
2026-09-12,G0165,25.82838,87.13012,16.21,30.44,62.26,2.53,0.369,21.75,60.8,15.05,1,16.81925,16.21
2026-09-12,G0164,25.82838,87.09024,15.28,31.71,71.48,2.53,0.352,11.0,62.85,9.81,1,10.223337,15.28
2026-09-12,G0163,25.82838,87.05022,15.72,29.37,71.24,2.13,0.453,7.04,59.99,8.52,1,8.351774,15.72
2026-09-12,G0179,25.86441,87.09024,16.49,32.32,70.66,2.85,0.399,19.51,65.51,15.49,1,15.823182,16.49
2026-09-12,G0214,25.97252,86.69006,12.56,28.73,80.05,3.85,0.503,14.71,70.04,13.01,1,12.601259,12.56
2026-09-12,G0249,26.04459,86.89015,8.68,32.56,77.7,1.65,0.425,13.92,69.99,10.56,1,11.423328,8.68
2026-09-12,G0216,25.97252,86.7701,17.88,30.03,74.07,3.26,0.37,16.87,68.35,10.95,1,13.824773,17.88
2026-09-12,G0267,26.08063,87.0102,17.51,29.35,74.36,5.27,0.417,17.04,74.8,15.65,1,14.400698,17.51
2026-09-12,G0266,26.08063,86.97018,15.44,32.16,80.52,2.85,0.407,13.93,71.31,10.48,1,12.717269,15.44
2026-09-12,G0265,26.08063,86.93017,14.16,29.11,79.99,4.53,0.375,9.79,73.84,9.02,1,9.716709,14.16
2026-09-12,G0264,26.08063,86.89015,13.56,31.4,66.8,3.9,0.354,12.92,73.21,10.37,1,10.572454,13.56
2026-09-12,G0263,26.08063,86.85013,13.96,31.17,71.74,3.34,0.461,13.79,74.15,12.45,1,11.614501,13.96
2026-09-12,G0262,26.08063,86.81011,18.5,30.85,70.56,1.79,0.407,12.97,76.67,14.77,1,13.119839,18.5
2026-09-12,G0268,26.08063,87.05022,12.39,30.76,63.96,4.56,0.437,13.51,74.65,8.7,1,11.234772,12.39
2026-09-12,G0261,26.08063,86.7701,10.31,32.29,77.99,3.8,0.396,15.92,76.03,16.01,1,12.444369,10.31
2026-09-12,G0259,26.08063,86.69006,12.01,32.25,74.22,4.65,0.434,14.71,75.63,5.99,1,12.061092,12.01
2026-09-12,G0258,26.08063,86.65004,13.26,30.81,74.57,1.76,0.396,19.61,72.56,17.24,1,15.319649,13.26
2026-09-12,G0257,26.08063,86.61003,20.33,30.08,72.63,2.94,0.344,13.41,73.94,12.6,1,13.810269,20.33
2026-09-12,G0256,26.08063,86.57001,13.73,30.65,65.96,3.48,0.385,10.23,73.76,8.73,1,9.715253,13.73
2026-09-12,G0255,26.04459,87.13012,11.32,33.08,75.14,3.69,0.467,19.23,73.47,14.3,1,12.9032755,11.32
2026-09-12,G0254,26.04459,87.09024,9.53,31.98,69.0,4.98,0.407,15.97,71.44,10.53,1,11.841981,9.53
2026-09-12,G0260,26.08063,86.73008,16.09,30.48,72.46,3.94,0.373,20.09,73.96,16.21,1,16.01419,16.09
2026-09-12,G0253,26.04459,87.05022,14.76,31.2,81.18,3.41,0.476,19.05,72.23,18.14,1,14.759053,14.76
2026-09-12,G0269,26.08063,87.09024,10.64,29.42,75.95,5.28,0.432,23.33,77.39,15.07,1,15.514825,10.64
2026-09-12,G0271,26.09932,86.57001,14.64,30.58,75.69,2.8,0.522,10.43,74.49,12.22,1,12.614047,14.64
2026-09-12,G0144,25.79234,86.89015,13.26,28.49,76.53,4.46,0.406,12.77,63.31,14.36,1,11.072229,13.26
2026-09-12,G0284,26.09932,87.09024,3.43,31.65,78.14,2.43,0.434,17.55,76.33,10.75,1,11.988119,3.43
2026-09-12,G0283,26.09932,87.05022,10.53,31.16,80.47,3.74,0.351,14.46,75.23,17.4,1,11.963781,10.53
2026-09-12,G0282,26.09932,87.0102,18.89,33.4,77.83,5.11,0.486,16.82,77.39,17.32,1,13.941451,18.89
2026-09-12,G0281,26.09932,86.97018,15.92,29.59,76.64,3.37,0.488,18.81,73.19,10.46,1,14.718597,15.92
2026-09-12,G0280,26.09932,86.93017,6.38,30.44,73.8,1.74,0.406,11.02,75.24,11.77,1,8.910301,6.38
2026-09-12,G0270,26.08063,87.13012,10.84,30.01,67.82,1.8,0.428,17.47,76.97,15.11,1,13.889713,10.84
2026-09-12,G0279,26.09932,86.89015,20.4,31.71,73.2,2.99,0.391,16.08,74.67,12.12,1,14.900351,20.4
2026-09-12,G0277,26.09932,86.81011,15.64,31.63,80.1,0.0,0.352,10.33,76.72,12.3,1,12.107546,15.64
2026-09-12,G0276,26.09932,86.7701,6.13,31.05,63.01,4.39,0.48,19.35,75.96,10.89,1,11.588358,6.13
2026-09-12,G0275,26.09932,86.73008,17.67,30.89,80.1,1.17,0.365,21.48,73.12,16.69,1,17.274689,17.67
2026-09-12,G0274,26.09932,86.69006,15.04,30.75,70.43,3.23,0.388,16.92,74.68,5.9,1,14.160967,15.04
2026-09-12,G0273,26.09932,86.65004,7.24,31.06,79.11,2.06,0.427,20.15,75.55,14.58,1,14.777695,7.24
2026-09-12,G0272,26.09932,86.61003,16.98,30.37,80.68,3.36,0.455,13.1,75.83,12.18,1,12.828248,16.98
2026-09-12,G0278,26.09932,86.85013,24.62,31.14,73.45,4.73,0.369,3.57,72.87,8.46,1,7.979468,24.62
2026-09-12,G0215,25.97252,86.73008,11.03,31.44,72.01,4.67,0.452,17.73,70.97,12.85,1,14.011392,11.03
2026-09-12,G0252,26.04459,87.0102,7.41,30.97,68.82,4.49,0.467,13.71,69.13,10.39,1,9.7372055,7.41
2026-09-12,G0250,26.04459,86.93017,4.17,31.21,71.2,4.97,0.471,10.36,74.46,4.31,1,7.3515406,4.17
2026-09-12,G0230,26.00856,86.73008,17.35,30.01,84.72,3.95,0.489,17.77,70.27,13.13,1,15.312169,17.35
2026-09-12,G0229,26.00856,86.69006,15.45,30.06,72.52,3.26,0.401,18.72,71.54,11.71,1,14.697476,15.45
2026-09-12,G0228,26.00856,86.65004,8.84,31.11,78.8,2.25,0.427,7.41,70.77,8.44,1,7.7226496,8.84
2026-09-12,G0227,26.00856,86.61003,21.12,30.95,72.96,2.25,0.455,15.99,75.41,11.53,1,14.591853,21.12
2026-09-12,G0226,26.00856,86.57001,18.24,31.55,79.0,2.0,0.404,16.37,72.81,11.16,1,15.385899,18.24
2026-09-12,G0225,25.97252,87.13012,9.83,31.04,76.71,4.82,0.395,12.64,68.08,5.76,1,11.049235,9.83
2026-09-12,G0231,26.00856,86.7701,13.04,31.28,78.83,3.53,0.469,14.24,68.06,14.51,1,12.406264,13.04
2026-09-12,G0224,25.97252,87.09024,12.47,31.21,73.66,4.09,0.47,16.52,69.57,18.69,1,12.573417,12.47
2026-09-12,G0222,25.97252,87.0102,15.8,29.45,73.14,4.36,0.455,5.21,69.17,6.84,1,8.051459,15.8
2026-09-12,G0221,25.97252,86.97018,10.32,30.81,76.05,0.87,0.415,11.56,68.54,8.32,1,10.536857,10.32
2026-09-12,G0220,25.97252,86.93017,9.54,30.8,68.77,2.02,0.401,8.6,66.75,4.65,1,7.679833,9.54
2026-09-12,G0219,25.97252,86.89015,10.58,31.21,73.68,4.87,0.446,16.68,69.59,11.39,1,12.964622,10.58
2026-09-12,G0218,25.97252,86.85013,21.97,30.61,70.28,1.72,0.458,12.14,70.32,11.45,1,13.939846,21.97
2026-09-12,G0217,25.97252,86.81011,4.06,28.91,72.16,1.66,0.447,15.17,68.6,7.88,1,10.958267,4.06
2026-09-12,G0223,25.97252,87.05022,16.63,31.03,76.72,3.92,0.463,17.3,73.05,14.82,1,13.651628,16.63
2026-09-12,G0251,26.04459,86.97018,10.14,31.0,75.22,1.15,0.476,13.22,75.11,11.12,1,11.188698,10.14
2026-09-12,G0232,26.00856,86.81011,10.23,33.02,75.07,2.29,0.347,9.91,71.48,15.29,1,9.437558,10.23
2026-09-12,G0234,26.00856,86.89015,10.94,29.92,83.08,2.17,0.439,9.49,68.63,4.36,1,9.348126,10.94
2026-09-12,G0248,26.04459,86.85013,17.72,31.15,66.95,2.12,0.468,10.63,68.86,9.92,1,11.553818,17.72
2026-09-12,G0247,26.04459,86.81011,18.29,29.42,76.38,3.11,0.355,18.64,72.92,10.44,1,14.938806,18.29
2026-09-12,G0246,26.04459,86.7701,10.52,30.74,85.86,3.45,0.375,16.18,70.84,14.94,1,12.981588,10.52
2026-09-12,G0245,26.04459,86.73008,10.44,28.77,72.55,3.23,0.418,22.66,75.18,16.06,1,14.6132,10.44
2026-09-12,G0244,26.04459,86.69006,10.58,29.94,70.31,3.24,0.408,21.08,71.87,14.91,1,15.419258,10.58
2026-09-12,G0243,26.04459,86.65004,15.12,32.14,77.08,5.11,0.413,14.84,69.0,14.68,1,13.371218,15.12
2026-09-12,G0233,26.00856,86.85013,12.39,31.28,72.04,1.99,0.486,12.0,70.39,13.28,1,10.433192,12.39
2026-09-12,G0242,26.04459,86.61003,15.18,32.94,83.46,4.51,0.476,14.99,71.68,9.67,1,13.028143,15.18
2026-09-12,G0240,26.00856,87.13012,14.66,30.86,70.38,3.29,0.431,14.24,70.34,6.51,1,12.681193,14.66
2026-09-12,G0239,26.00856,87.09024,15.82,29.66,65.14,2.32,0.476,19.09,68.8,16.41,1,14.954438,15.82
2026-09-12,G0238,26.00856,87.05022,13.38,31.96,81.31,4.97,0.397,11.45,71.17,8.07,1,10.201778,13.38
2026-09-12,G0237,26.00856,87.0102,12.03,30.97,73.25,2.59,0.434,19.75,72.35,13.69,1,14.220038,12.03
2026-09-12,G0236,26.00856,86.97018,17.47,28.74,78.83,3.36,0.489,8.74,72.39,6.58,1,11.233942,17.47
2026-09-12,G0235,26.00856,86.93017,9.73,31.11,68.52,3.32,0.416,11.13,69.36,9.75,1,9.459603,9.73
2026-09-12,G0241,26.04459,86.57001,11.11,31.16,75.2,3.19,0.381,14.4,71.98,12.77,1,11.821453,11.11
2026-09-12,G0285,26.09932,87.13012,22.97,30.13,64.91,5.49,0.351,17.65,75.8,15.77,1,17.352169,22.97
2026-09-12,G0143,25.79234,86.85013,15.05,31.57,77.41,5.53,0.458,9.7,60.97,10.71,1,9.687472,15.05
2026-09-12,G0141,25.79234,86.7701,9.43,30.4,79.24,3.0,0.379,10.72,61.71,8.24,1,9.584622,9.43
2026-09-12,G0050,25.57613,86.73008,11.73,33.62,76.5,3.88,0.445,10.91,48.05,8.89,1,10.411147,11.73
2026-09-12,G0049,25.57613,86.69006,18.46,29.82,74.98,3.84,0.381,14.53,46.15,9.62,1,12.887642,18.46
2026-09-12,G0048,25.57613,86.65004,12.02,30.65,72.31,5.59,0.413,16.46,47.47,11.62,1,13.610936,12.02
2026-09-12,G0047,25.57613,86.61003,16.14,30.83,70.62,3.25,0.425,15.01,48.94,9.8,1,12.7397175,16.14
2026-09-12,G0046,25.57613,86.57001,15.17,32.51,73.67,2.78,0.472,14.2,48.7,12.05,1,12.871545,15.17
2026-09-12,G0045,25.54009,87.13012,8.7,31.71,73.54,3.4,0.372,13.28,48.32,9.3,1,10.318596,8.7
2026-09-12,G0051,25.57613,86.7701,15.71,34.28,76.17,3.46,0.43,21.35,50.04,15.82,1,15.681307,15.71
2026-09-12,G0044,25.54009,87.09024,5.52,30.65,75.26,3.04,0.482,6.76,48.08,5.94,1,6.4389772,5.52
2026-09-12,G0042,25.54009,87.0102,12.8,30.89,80.01,3.78,0.467,10.5,49.35,7.18,1,10.231431,12.8
2026-09-12,G0041,25.54009,86.97018,18.06,33.05,77.68,6.6,0.472,7.49,48.7,10.81,1,10.080495,18.06
2026-09-12,G0040,25.54009,86.93017,12.62,31.48,65.02,3.82,0.411,14.84,48.79,13.56,1,12.076167,12.62
2026-09-12,G0039,25.54009,86.89015,18.13,31.36,73.3,3.04,0.441,13.12,49.35,17.01,1,12.842259,18.13
2026-09-12,G0038,25.54009,86.85013,13.6,30.79,71.28,3.98,0.509,15.32,51.1,12.35,1,11.429205,13.6
2026-09-12,G0037,25.54009,86.81011,14.58,30.7,82.65,2.54,0.442,9.62,49.18,11.25,1,10.461992,14.58
2026-09-12,G0043,25.54009,87.05022,18.49,32.09,76.17,4.33,0.45,18.37,49.23,16.2,1,15.484265,18.49
2026-09-12,G0035,25.54009,86.73008,7.59,33.64,81.95,0.79,0.39,22.03,51.66,9.92,1,14.752745,7.59
2026-09-12,G0052,25.57613,86.81011,13.97,29.0,80.91,3.28,0.431,9.61,52.37,7.92,1,9.958764,13.97
2026-09-12,G0054,25.57613,86.89015,14.46,32.4,71.59,3.2,0.408,17.16,47.77,13.31,1,13.735733,14.46
2026-09-12,G0068,25.61216,86.85013,16.26,30.99,68.38,5.51,0.368,15.22,49.16,17.33,1,12.977226,16.26
2026-09-12,G0067,25.61216,86.81011,22.04,30.71,71.87,2.51,0.43,7.43,54.39,14.68,1,10.110728,22.04
2026-09-12,G0066,25.61216,86.7701,15.29,30.98,82.28,3.44,0.393,18.16,53.81,14.21,1,14.728668,15.29
2026-09-12,G0065,25.61216,86.73008,11.29,32.36,79.43,3.28,0.388,18.85,47.46,17.29,1,14.909304,11.29
2026-09-12,G0064,25.61216,86.69006,8.28,31.64,71.43,4.78,0.445,17.21,54.93,13.36,1,12.495361,8.28
2026-09-12,G0063,25.61216,86.65004,18.23,31.89,73.18,3.54,0.407,17.26,54.24,12.19,1,14.901489,18.23
2026-09-12,G0053,25.57613,86.85013,14.09,34.72,81.14,4.0,0.425,9.17,52.55,7.72,1,10.392973,14.09
2026-09-12,G0062,25.61216,86.61003,13.79,31.95,72.56,2.57,0.505,17.21,53.85,19.81,1,12.963427,13.79
2026-09-12,G0060,25.57613,87.13012,18.36,34.67,71.93,3.44,0.422,16.8,53.06,16.18,1,14.183288,18.36
2026-09-12,G0059,25.57613,87.09024,13.89,32.42,69.22,5.07,0.443,10.49,52.28,14.75,1,10.505156,13.89
2026-09-12,G0058,25.57613,87.05022,16.73,32.61,68.72,4.08,0.403,14.37,51.7,11.38,1,12.532029,16.73
2026-09-12,G0057,25.57613,87.0102,8.79,32.87,75.11,5.69,0.368,5.58,54.21,4.71,1,6.1640024,8.79
2026-09-12,G0056,25.57613,86.97018,9.18,31.12,74.69,2.71,0.405,14.56,49.7,8.82,1,10.811432,9.18
2026-09-12,G0055,25.57613,86.93017,15.24,32.6,73.05,1.67,0.353,5.1,49.73,3.75,1,6.732768,15.24
2026-09-12,G0061,25.61216,86.57001,12.97,34.05,74.06,3.73,0.411,13.72,55.14,17.64,1,11.495163,12.97
2026-09-12,G0069,25.61216,86.89015,13.69,31.83,77.26,4.79,0.447,17.94,50.04,12.36,1,14.106555,13.69
2026-09-12,G0034,25.54009,86.69006,13.65,32.46,66.8,3.24,0.48,11.41,51.4,12.25,1,10.71928,13.65
2026-09-12,G0032,25.54009,86.61003,13.4,32.45,71.06,4.78,0.442,12.91,46.64,12.89,1,11.615703,13.4
2026-09-12,G0013,25.46802,87.05022,9.66,32.15,79.82,0.86,0.468,8.93,45.42,8.42,1,7.4741755,9.66
2026-09-12,G0012,25.46802,87.0102,15.78,33.35,79.28,3.37,0.434,12.72,45.56,8.18,1,11.761548,15.78
2026-09-12,G0011,25.46802,86.97018,10.67,29.66,72.36,2.15,0.425,20.65,43.88,13.4,1,14.088074,10.67
2026-09-12,G0010,25.46802,86.93017,20.67,30.53,69.88,4.52,0.42,15.64,45.78,14.91,1,15.533641,20.67
2026-09-12,G0009,25.46802,86.89015,12.15,33.87,74.92,4.15,0.41,12.95,43.6,13.14,1,12.160128,12.15
2026-09-12,G0008,25.46802,86.85013,10.37,29.46,74.88,2.1,0.382,10.14,43.59,8.54,1,8.497967,10.37
2026-09-12,G0014,25.46802,87.09024,12.32,29.31,74.55,4.62,0.402,19.91,46.75,13.79,1,15.345481,12.32
2026-09-12,G0007,25.46802,86.81011,17.09,34.04,78.46,3.68,0.425,19.6,46.78,18.09,1,14.7195835,17.09
2026-09-12,G0005,25.46802,86.73008,22.54,32.14,65.8,3.77,0.419,12.87,46.47,9.69,1,12.914774,22.54
2026-09-12,G0004,25.46802,86.69006,0.0,32.92,74.69,4.19,0.381,20.62,48.19,13.64,1,11.3883,0.0
2026-09-12,G0003,25.46802,86.65004,13.38,31.14,70.6,3.31,0.425,17.58,44.9,13.78,1,13.537152,13.38
2026-09-12,G0002,25.46802,86.61003,13.72,30.64,75.5,5.52,0.424,16.0,45.04,12.87,1,13.738037,13.72
2026-09-12,G0001,25.46802,86.57001,12.1,31.91,73.39,2.46,0.45,10.6,46.16,12.56,1,10.25199,12.1
2026-09-12,G0142,25.79234,86.81011,5.94,31.6,73.69,3.68,0.501,7.76,58.72,6.85,1,6.7003875,5.94
2026-09-12,G0006,25.46802,86.7701,15.64,31.79,81.65,2.34,0.374,18.49,45.21,13.58,1,14.7177,15.64
2026-09-12,G0033,25.54009,86.65004,14.17,33.15,82.78,3.69,0.422,18.9,51.74,8.11,1,14.20331,14.17
2026-09-12,G0015,25.46802,87.13012,12.08,32.39,73.64,3.71,0.4,19.51,45.61,14.71,1,14.486794,12.08
2026-09-12,G0017,25.50405,86.61003,10.74,30.4,78.15,2.19,0.47,14.52,47.29,11.54,1,11.693819,10.74
2026-09-12,G0031,25.54009,86.57001,12.82,33.49,79.74,1.03,0.431,8.6,50.79,14.25,1,9.364597,12.82
2026-09-12,G0030,25.50405,87.13012,14.75,30.7,84.41,5.33,0.43,17.63,46.78,18.45,1,14.955836,14.75
2026-09-12,G0029,25.50405,87.09024,15.25,29.69,76.53,3.91,0.461,12.82,48.66,13.91,1,12.225487,15.25
2026-09-12,G0028,25.50405,87.05022,15.94,31.37,79.05,4.0,0.419,19.64,45.03,14.25,1,16.0901,15.94
2026-09-12,G0027,25.50405,87.0102,9.41,30.85,65.36,4.56,0.408,10.84,48.86,8.96,1,9.600162,9.41
2026-09-12,G0026,25.50405,86.97018,11.85,32.62,73.56,5.1,0.458,16.6,47.9,15.33,1,14.292895,11.85
2026-09-12,G0016,25.50405,86.57001,8.11,31.56,66.41,5.13,0.412,18.01,49.31,9.43,1,13.297722,8.11
2026-09-12,G0025,25.50405,86.93017,14.99,33.65,75.36,4.0,0.387,12.15,47.23,12.41,1,11.388779,14.99
2026-09-12,G0023,25.50405,86.85013,7.77,33.25,61.23,3.11,0.444,10.31,49.7,6.03,1,8.880614,7.77
2026-09-12,G0022,25.50405,86.81011,8.64,33.1,75.61,2.3,0.376,16.45,45.85,16.59,1,12.329084,8.64
2026-09-12,G0021,25.50405,86.7701,12.87,32.31,74.34,5.12,0.395,17.65,47.91,14.27,1,14.436492,12.87
2026-09-12,G0020,25.50405,86.73008,14.66,34.01,70.66,1.12,0.481,16.16,51.13,10.03,1,13.713217,14.66
2026-09-12,G0019,25.50405,86.69006,15.69,32.84,83.81,5.79,0.44,23.27,47.02,20.02,1,16.79558,15.69
2026-09-12,G0018,25.50405,86.65004,13.04,30.89,77.58,1.57,0.436,15.39,46.38,14.52,1,12.3460245,13.04
2026-09-12,G0024,25.50405,86.89015,11.65,32.41,77.98,4.58,0.449,8.76,48.49,10.56,1,8.739765,11.65
2026-09-12,G0070,25.61216,86.93017,5.58,32.06,71.38,3.62,0.395,17.73,54.19,8.45,1,11.825454,5.58
2026-09-12,G0036,25.54009,86.7701,16.71,29.88,82.18,4.82,0.489,16.09,52.84,15.88,1,14.518329,16.71
2026-09-12,G0072,25.61216,87.0102,9.57,34.07,72.04,2.35,0.347,19.58,53.04,16.52,1,13.420929,9.57
2026-09-12,G0122,25.75631,86.61003,15.58,33.22,70.63,2.78,0.487,10.03,61.08,13.48,1,9.988428,15.58
2026-09-12,G0121,25.75631,86.57001,16.68,31.41,72.71,5.25,0.402,13.44,57.98,7.83,1,12.440688,16.68
2026-09-12,G0120,25.72027,87.13012,14.04,29.89,80.2,2.55,0.422,11.24,58.84,11.37,1,11.148515,14.04
2026-09-12,G0119,25.72027,87.09024,12.65,32.6,70.26,5.49,0.469,7.74,55.56,6.63,1,7.5688396,12.65
2026-09-12,G0118,25.72027,87.05022,10.12,30.89,67.27,1.63,0.485,7.73,57.96,4.31,1,7.5592904,10.12
2026-09-12,G0117,25.72027,87.0102,17.33,31.9,69.52,1.97,0.434,8.41,56.57,10.12,1,9.577265,17.33
2026-09-12,G0123,25.75631,86.65004,14.46,31.44,80.38,1.63,0.329,14.97,57.07,8.88,1,12.7950115,14.46
2026-09-12,G0116,25.72027,86.97018,15.92,31.48,76.01,4.41,0.42,9.79,57.76,15.8,1,10.08697,15.92
2026-09-12,G0114,25.72027,86.89015,5.71,28.68,75.16,4.38,0.484,11.13,59.79,8.33,1,9.219577,5.71
2026-09-12,G0113,25.72027,86.85013,7.36,30.64,75.57,4.19,0.422,8.83,54.85,4.62,1,7.928686,7.36
2026-09-12,G0112,25.72027,86.81011,10.01,31.54,73.07,1.97,0.42,3.6,59.08,3.37,1,5.589484,10.01
2026-09-12,G0111,25.72027,86.7701,15.23,33.0,63.12,5.22,0.355,11.2,58.7,10.56,1,11.642992,15.23
2026-09-12,G0110,25.72027,86.73008,10.11,32.36,76.89,1.41,0.389,18.26,57.2,11.0,1,13.516822,10.11
2026-09-12,G0109,25.72027,86.69006,14.6,31.2,66.15,3.85,0.453,14.26,59.57,9.39,1,12.331741,14.6
2026-09-12,G0115,25.72027,86.93017,12.53,32.05,79.23,3.45,0.415,1.71,58.2,2.61,1,5.470388,12.53
2026-09-12,G0108,25.72027,86.65004,13.32,32.74,68.86,3.1,0.37,12.31,58.92,9.24,1,10.608809,13.32
2026-09-12,G0124,25.75631,86.69006,18.96,34.15,70.54,2.72,0.429,5.02,60.15,7.97,1,9.829718,18.96
2026-09-12,G0126,25.75631,86.7701,10.99,30.96,82.63,4.29,0.409,5.71,56.39,9.42,1,7.0836163,10.99
2026-09-12,G0071,25.61216,86.97018,8.18,31.11,71.65,3.62,0.387,12.56,49.9,11.02,1,10.027071,8.18
2026-09-12,G0139,25.79234,86.69006,16.04,32.92,68.16,3.61,0.466,20.33,62.14,13.49,1,16.589516,16.04
2026-09-12,G0138,25.79234,86.65004,12.35,31.05,65.69,1.54,0.398,13.57,64.12,9.54,1,10.969639,12.35
2026-09-12,G0137,25.79234,86.61003,17.8,31.46,78.6,2.65,0.433,7.5,62.62,14.76,1,9.354797,17.8
2026-09-12,G0136,25.79234,86.57001,13.29,31.39,72.03,3.0,0.49,14.26,59.54,7.43,1,11.5471945,13.29
2026-09-12,G0135,25.75631,87.13012,14.8,29.08,72.61,5.4,0.409,10.45,57.26,11.43,1,9.872255,14.8
2026-09-12,G0125,25.75631,86.73008,9.91,34.0,68.71,4.65,0.419,8.24,57.68,10.47,1,8.181415,9.91
2026-09-12,G0134,25.75631,87.09024,14.8,31.44,75.04,1.36,0.452,7.48,57.65,16.93,1,7.8812304,14.8
2026-09-12,G0132,25.75631,87.0102,12.96,31.78,78.64,3.89,0.46,13.24,58.05,14.41,1,11.549134,12.96
2026-09-12,G0131,25.75631,86.97018,15.57,31.92,67.63,3.51,0.402,9.04,60.42,9.65,1,9.400013,15.57
2026-09-12,G0130,25.75631,86.93017,15.07,31.66,71.66,1.51,0.435,8.83,57.61,9.38,1,9.083617,15.07
2026-09-12,G0129,25.75631,86.89015,6.59,31.91,71.31,3.23,0.378,11.82,59.5,11.22,1,8.665765,6.59
2026-09-12,G0128,25.75631,86.85013,9.44,29.35,74.52,2.89,0.399,7.47,61.32,3.89,1,7.301495,9.44
2026-09-12,G0127,25.75631,86.81011,20.0,31.04,74.55,1.84,0.358,11.63,61.41,11.24,1,13.3327265,20.0
2026-09-12,G0133,25.75631,87.05022,13.96,32.4,69.63,4.35,0.398,13.0,61.84,12.85,1,11.701295,13.96
2026-09-12,G0107,25.72027,86.61003,8.43,28.65,68.42,3.11,0.421,9.99,55.93,12.42,1,8.631371,8.43
2026-09-12,G0140,25.79234,86.73008,16.63,29.23,68.02,4.35,0.371,16.08,64.27,9.72,1,13.73093,16.63
2026-09-12,G0105,25.68423,87.13012,16.61,30.73,69.79,3.12,0.456,14.09,57.35,13.51,1,12.472904,16.61
2026-09-12,G0086,25.6482,86.97018,11.34,31.18,69.85,3.25,0.421,13.09,53.04,12.34,1,10.952174,11.34
2026-09-12,G0085,25.6482,86.93017,11.38,31.85,69.97,4.3,0.485,13.1,55.69,9.16,1,11.089155,11.38
2026-09-12,G0084,25.6482,86.89015,4.72,31.63,66.99,0.0,0.4,9.05,57.96,8.39,1,6.699841,4.72
2026-09-12,G0083,25.6482,86.85013,8.56,30.98,70.77,1.33,0.383,5.38,49.33,5.5,1,6.2835007,8.56
2026-09-12,G0082,25.6482,86.81011,13.5,32.37,76.49,3.45,0.424,16.24,50.92,8.83,1,13.33125,13.5
2026-09-12,G0081,25.6482,86.7701,14.06,32.74,74.73,3.06,0.431,9.54,49.38,9.15,1,9.791062,14.06
2026-09-12,G0087,25.6482,87.0102,12.01,31.97,71.9,3.37,0.429,10.85,55.38,11.03,1,9.401068,12.01
2026-09-12,G0080,25.6482,86.73008,13.06,30.08,78.24,3.23,0.411,14.59,51.82,12.13,1,11.961745,13.06
2026-09-12,G0078,25.6482,86.65004,11.13,32.35,79.88,2.72,0.416,9.86,53.07,5.33,1,9.429112,11.13
2026-09-12,G0077,25.6482,86.61003,15.35,30.34,78.78,3.26,0.448,18.64,56.74,11.26,1,14.741858,15.35
2026-09-12,G0076,25.6482,86.57001,12.91,31.31,67.7,4.26,0.458,10.45,52.63,12.67,1,9.820484,12.91
2026-09-12,G0075,25.61216,87.13012,14.99,33.87,81.06,5.86,0.435,21.29,52.19,16.37,1,15.918305,14.99
2026-09-12,G0074,25.61216,87.09024,16.98,31.4,74.1,4.41,0.431,5.75,56.14,7.9,1,7.6074405,16.98
2026-09-12,G0106,25.72027,86.57001,12.37,31.66,79.29,4.23,0.392,14.58,54.75,9.98,1,11.824638,12.37
2026-09-12,G0079,25.6482,86.69006,15.92,33.42,61.93,4.2,0.463,17.2,51.47,12.22,1,13.8243475,15.92
2026-09-12,G0088,25.6482,87.05022,10.6,31.19,70.15,2.25,0.392,11.54,53.85,5.29,1,9.798011,10.6
2026-09-12,G0073,25.61216,87.05022,1.87,32.59,79.33,4.62,0.409,14.41,49.35,8.08,1,9.10225,1.87
2026-09-12,G0090,25.6482,87.13012,15.8,31.34,76.75,2.93,0.358,15.4,53.66,18.58,1,13.537833,15.8
2026-09-12,G0104,25.68423,87.09024,16.72,31.72,71.26,3.32,0.472,14.83,56.99,15.11,1,12.438031,16.72
2026-09-12,G0103,25.68423,87.05022,18.82,31.64,73.0,5.09,0.479,8.41,52.05,14.33,1,10.936744,18.82
2026-09-12,G0102,25.68423,87.0102,13.39,29.77,63.84,3.81,0.382,5.33,54.83,8.58,1,7.1013284,13.39
2026-09-12,G0101,25.68423,86.97018,10.46,30.15,75.77,2.86,0.472,7.31,57.48,7.06,1,7.742705,10.46
2026-09-12,G0089,25.6482,87.09024,5.46,32.42,73.35,3.52,0.426,17.41,52.95,16.38,1,11.546664,5.46
2026-09-12,G0099,25.68423,86.89015,7.37,30.81,70.58,2.99,0.458,10.66,54.65,7.31,1,8.442309,7.37
2026-09-12,G0098,25.68423,86.85013,8.8,30.19,73.37,2.87,0.397,9.1,54.14,10.04,1,8.230585,8.8
2026-09-12,G0100,25.68423,86.93017,7.55,31.07,71.05,2.44,0.434,10.29,57.52,9.69,1,8.530433,7.55
2026-09-12,G0096,25.68423,86.7701,10.44,32.38,71.55,5.12,0.362,10.32,54.55,6.96,1,8.832214,10.44
2026-09-12,G0095,25.68423,86.73008,10.33,30.4,76.35,3.18,0.414,15.89,57.48,6.69,1,12.550446,10.33
2026-09-12,G0094,25.68423,86.69006,11.29,31.35,84.91,3.38,0.443,10.83,55.73,6.58,1,10.106495,11.29
2026-09-12,G0093,25.68423,86.65004,12.68,30.76,69.84,4.82,0.377,10.63,56.04,8.22,1,9.881245,12.68
2026-09-12,G0092,25.68423,86.61003,18.81,33.19,74.15,3.14,0.416,11.65,54.14,10.72,1,12.016988,18.81
2026-09-12,G0091,25.68423,86.57001,16.69,29.71,84.28,3.13,0.452,11.71,54.34,10.61,1,11.912346,16.69
2026-09-12,G0097,25.68423,86.81011,7.99,31.2,65.33,4.26,0.482,10.32,56.04,8.81,1,8.52375,7.99
2026-09-13,G0194,25.90045,87.09024,15.42,31.31,74.26,1.64,0.466,8.08,68.29,4.59,1,8.914442,15.42
2026-09-13,G0193,25.90045,87.05022,16.61,30.4,76.06,3.02,0.377,10.24,65.3,14.18,1,10.537468,16.61
2026-09-13,G0192,25.90045,87.0102,17.74,31.03,68.23,1.57,0.434,8.33,64.81,10.68,1,9.9299965,17.74
2026-09-13,G0191,25.90045,86.97018,8.64,32.14,69.97,5.61,0.451,8.0,69.27,7.41,1,7.5515556,8.64
2026-09-13,G0190,25.90045,86.93017,13.56,29.04,77.71,2.89,0.442,6.94,66.78,7.84,1,8.615004,13.56
2026-09-13,G0189,25.90045,86.89015,15.91,30.73,71.36,3.21,0.408,10.42,67.64,7.23,1,10.337619,15.91
2026-09-13,G0181,25.90045,86.57001,15.82,32.01,73.84,3.79,0.425,5.55,66.41,6.19,1,7.0488496,15.82
2026-09-13,G0187,25.90045,86.81011,16.14,30.33,70.18,2.44,0.536,6.47,62.15,9.82,1,8.981484,16.14
2026-09-13,G0186,25.90045,86.7701,12.3,31.18,73.22,4.7,0.404,14.73,66.76,17.18,1,12.374527,12.3
2026-09-13,G0185,25.90045,86.73008,20.9,31.36,74.36,4.29,0.37,14.93,67.0,7.8,1,14.165784,20.9
2026-09-13,G0184,25.90045,86.69006,13.97,31.54,72.63,2.44,0.438,10.03,61.43,9.71,1,10.053974,13.97
2026-09-13,G0183,25.90045,86.65004,12.1,30.72,76.23,2.65,0.393,14.0,63.69,13.08,1,11.479448,12.1
2026-09-13,G0182,25.90045,86.61003,12.7,30.18,69.23,4.78,0.441,16.94,68.05,7.41,1,13.257078,12.7
2026-09-13,G0212,25.97252,86.61003,8.86,32.75,77.59,2.58,0.416,17.09,69.02,11.48,1,13.302529,8.86
2026-09-13,G0188,25.90045,86.85013,11.27,31.37,74.56,1.68,0.378,2.03,60.96,8.63,1,4.9468803,11.27
2026-09-13,G0195,25.90045,87.13012,17.23,32.6,65.44,2.46,0.453,15.07,65.42,15.07,1,13.484065,17.23
2026-09-13,G0203,25.93649,86.85013,11.02,28.89,86.88,1.21,0.387,10.65,64.88,13.4,1,9.380762,11.02
2026-09-13,G0197,25.93649,86.61003,10.18,30.49,83.42,6.42,0.452,16.79,68.91,11.78,1,11.080294,10.18
2026-09-13,G0180,25.86441,87.13012,14.25,31.41,73.16,4.9,0.472,12.32,65.37,11.66,1,11.113518,14.25
2026-09-13,G0211,25.97252,86.57001,17.15,29.42,69.02,3.54,0.386,16.03,68.88,14.24,1,13.05933,17.15
2026-09-13,G0210,25.93649,87.13012,17.8,30.6,73.75,3.73,0.403,10.59,64.45,12.36,1,10.777859,17.8
2026-09-13,G0209,25.93649,87.09024,18.15,31.09,71.73,3.8,0.46,9.43,66.4,7.9,1,10.7429695,18.15
2026-09-13,G0208,25.93649,87.05022,10.72,31.35,70.94,5.68,0.39,8.23,65.86,4.45,1,7.519342,10.72
2026-09-13,G0207,25.93649,87.0102,6.44,32.0,77.84,3.52,0.435,7.51,62.86,9.22,1,6.183995,6.44
2026-09-13,G0196,25.93649,86.57001,6.49,31.52,77.14,4.86,0.398,11.79,66.79,5.45,1,8.919835,6.49
2026-09-13,G0206,25.93649,86.97018,14.06,30.48,66.01,2.14,0.389,8.12,66.68,5.3,1,8.703267,14.06
2026-09-13,G0204,25.93649,86.89015,12.49,31.56,67.51,4.16,0.471,5.41,64.95,4.45,1,7.168459,12.49
2026-09-13,G0202,25.93649,86.81011,15.9,31.72,74.61,3.29,0.492,15.01,71.73,15.82,1,12.614326,15.9
2026-09-13,G0201,25.93649,86.7701,18.6,28.91,70.46,4.61,0.447,23.98,69.7,14.67,1,19.734825,18.6
2026-09-13,G0200,25.93649,86.73008,12.64,31.36,75.77,3.27,0.459,15.47,67.21,12.61,1,12.393381,12.64
2026-09-13,G0199,25.93649,86.69006,13.93,31.11,71.13,4.43,0.534,13.19,63.84,9.7,1,11.9690695,13.93
2026-09-13,G0198,25.93649,86.65004,14.69,30.84,70.61,1.96,0.488,7.25,64.38,6.82,1,8.222849,14.69
2026-09-13,G0205,25.93649,86.93017,18.8,31.04,74.51,1.78,0.457,15.69,67.45,13.97,1,14.103089,18.8
2026-09-13,G0179,25.86441,87.09024,10.52,29.92,85.19,3.66,0.402,1.44,60.51,6.65,1,4.1001143,10.52
2026-09-13,G0162,25.82838,87.0102,18.0,31.26,74.32,4.97,0.46,7.64,62.87,7.94,1,10.028248,18.0
2026-09-13,G0177,25.86441,87.0102,20.11,31.81,67.13,4.44,0.428,6.3,67.3,9.98,1,9.808269,20.11
2026-09-13,G0157,25.82838,86.81011,8.66,31.24,79.2,5.15,0.421,6.2,68.25,5.4,1,6.9119644,8.66
2026-09-13,G0156,25.82838,86.7701,20.48,33.24,76.6,4.99,0.474,6.6,62.5,11.46,1,9.981573,20.48
2026-09-13,G0155,25.82838,86.73008,12.07,29.47,81.04,2.6,0.42,12.11,62.22,6.18,1,10.657175,12.07
2026-09-13,G0154,25.82838,86.69006,13.39,29.49,75.61,3.95,0.447,16.22,58.61,11.95,1,13.094115,13.39
2026-09-13,G0153,25.82838,86.65004,9.2,31.67,75.7,4.42,0.429,9.49,62.67,3.3,1,8.908856,9.2
2026-09-13,G0152,25.82838,86.61003,16.67,31.97,69.53,2.06,0.369,6.37,63.9,4.9,1,8.89134,16.67
2026-09-13,G0158,25.82838,86.85013,15.05,34.38,70.83,2.86,0.414,12.52,63.88,12.28,1,12.664999,15.05
2026-09-13,G0151,25.82838,86.57001,9.06,29.82,78.58,3.07,0.425,12.81,63.75,3.7,1,10.711972,9.06
2026-09-13,G0149,25.79234,87.09024,2.96,31.34,79.89,3.11,0.448,16.26,60.94,10.84,1,10.619811,2.96
2026-09-13,G0148,25.79234,87.05022,14.59,31.34,64.51,4.74,0.384,10.57,59.84,12.09,1,10.600035,14.59
2026-09-13,G0147,25.79234,87.0102,11.15,31.87,80.09,3.55,0.45,9.83,62.25,12.74,1,9.405486,11.15
2026-09-13,G0146,25.79234,86.97018,17.41,31.35,67.68,2.91,0.497,12.69,60.47,14.56,1,12.286133,17.41
2026-09-13,G0145,25.79234,86.93017,11.62,32.84,81.69,4.53,0.319,6.8,60.85,7.03,1,7.2786083,11.62
2026-09-13,G0213,25.97252,86.65004,15.3,31.86,73.93,2.96,0.42,14.36,68.83,16.08,1,12.589059,15.3
2026-09-13,G0150,25.79234,87.13012,17.13,31.45,74.69,5.1,0.398,9.9,59.19,13.35,1,9.693801,17.13
2026-09-13,G0178,25.86441,87.05022,10.42,31.93,77.26,4.45,0.486,6.11,63.13,8.51,1,7.0573688,10.42
2026-09-13,G0159,25.82838,86.89015,9.2,31.89,76.92,6.03,0.453,12.54,62.19,12.84,1,10.680874,9.2
2026-09-13,G0161,25.82838,86.97018,5.48,31.96,80.59,4.96,0.409,5.07,61.13,4.52,1,5.104761,5.48
2026-09-13,G0176,25.86441,86.97018,11.18,30.51,73.39,2.7,0.441,13.08,61.44,5.82,1,10.721578,11.18
2026-09-13,G0175,25.86441,86.93017,14.48,29.77,73.01,2.96,0.433,5.23,61.71,8.18,1,7.8366857,14.48
2026-09-13,G0174,25.86441,86.89015,17.13,30.16,70.89,4.54,0.424,10.46,63.24,8.07,1,10.454183,17.13
2026-09-13,G0173,25.86441,86.85013,11.26,31.86,73.54,4.14,0.435,3.89,67.07,2.96,1,6.283043,11.26
2026-09-13,G0172,25.86441,86.81011,16.28,30.99,77.98,3.9,0.406,15.21,67.65,13.67,1,12.97675,16.28
2026-09-13,G0171,25.86441,86.7701,15.85,31.35,74.98,4.95,0.479,9.6,66.38,8.99,1,10.248998,15.85
2026-09-13,G0160,25.82838,86.93017,17.32,30.44,63.14,3.76,0.468,6.71,62.25,8.14,1,8.6654215,17.32
2026-09-13,G0170,25.86441,86.73008,11.7,33.89,82.89,3.81,0.423,5.62,64.43,9.63,1,6.605537,11.7
2026-09-13,G0168,25.86441,86.65004,14.93,30.49,70.8,3.24,0.411,10.1,66.06,14.08,1,9.891155,14.93
2026-09-13,G0167,25.86441,86.61003,14.45,32.51,75.69,3.6,0.469,8.51,62.03,8.02,1,9.895404,14.45
2026-09-13,G0166,25.86441,86.57001,11.7,31.57,80.68,4.19,0.451,11.17,61.58,7.52,1,10.278527,11.7
2026-09-13,G0165,25.82838,87.13012,12.0,27.4,75.46,4.68,0.385,12.72,60.82,10.9,1,11.630281,12.0
2026-09-13,G0164,25.82838,87.09024,16.81,31.59,67.94,1.93,0.324,7.47,61.43,6.42,1,9.420062,16.81
2026-09-13,G0163,25.82838,87.05022,1.93,30.33,69.15,4.02,0.442,17.62,65.39,6.6,1,11.527504,1.93
2026-09-13,G0169,25.86441,86.69006,14.01,31.02,70.72,3.63,0.452,20.99,63.61,11.74,1,15.350677,14.01
2026-09-13,G0285,26.09932,87.13012,16.6,29.95,74.52,3.42,0.401,19.34,75.58,15.87,1,14.195763,16.6
2026-09-13,G0144,25.79234,86.89015,12.17,29.81,78.24,2.0,0.44,2.16,61.74,2.57,1,5.7637544,12.17
2026-09-13,G0216,25.97252,86.7701,13.01,32.94,74.09,1.57,0.42,10.4,71.22,16.16,1,10.737385,13.01
2026-09-13,G0266,26.08063,86.97018,12.55,29.84,70.59,4.38,0.49,13.89,72.4,7.98,1,11.601826,12.55
2026-09-13,G0265,26.08063,86.93017,5.05,31.1,65.06,4.43,0.421,12.29,73.89,2.14,1,7.9329348,5.05
2026-09-13,G0264,26.08063,86.89015,12.67,29.57,75.43,2.37,0.333,15.74,72.36,13.91,1,12.355491,12.67
2026-09-13,G0263,26.08063,86.85013,13.87,30.95,68.53,3.79,0.411,5.02,73.37,7.83,1,6.404603,13.87
2026-09-13,G0262,26.08063,86.81011,6.34,31.9,76.5,3.71,0.438,13.77,75.6,9.77,1,10.032965,6.34
2026-09-13,G0261,26.08063,86.7701,10.56,32.54,81.62,5.4,0.464,10.45,74.34,10.58,1,9.7444935,10.56
2026-09-13,G0267,26.08063,87.0102,14.3,31.51,81.73,4.0,0.461,15.88,74.2,17.14,1,13.12313,14.3
2026-09-13,G0260,26.08063,86.73008,15.54,32.76,78.45,2.67,0.418,13.31,70.42,12.96,1,12.187138,15.54
2026-09-13,G0258,26.08063,86.65004,21.48,31.63,70.74,2.32,0.442,20.65,72.98,17.75,1,18.009424,21.48
2026-09-13,G0257,26.08063,86.61003,12.7,31.39,72.03,3.06,0.466,19.37,72.79,18.22,1,14.077106,12.7
2026-09-13,G0256,26.08063,86.57001,19.06,31.78,72.72,3.45,0.424,12.01,74.78,9.5,1,12.436315,19.06
2026-09-13,G0255,26.04459,87.13012,10.25,29.53,81.49,3.71,0.471,7.87,72.87,13.13,1,7.3303537,10.25
2026-09-13,G0254,26.04459,87.09024,17.17,30.04,71.12,2.26,0.427,16.78,72.22,11.66,1,13.656514,17.17
2026-09-13,G0253,26.04459,87.05022,9.47,32.11,74.71,1.81,0.399,8.23,69.22,10.48,1,7.6696477,9.47
2026-09-13,G0259,26.08063,86.69006,8.1,30.6,72.24,3.07,0.493,15.35,74.86,7.88,1,10.92317,8.1
2026-09-13,G0252,26.04459,87.0102,16.36,31.1,63.23,1.64,0.441,9.34,73.56,10.79,1,10.156413,16.36
2026-09-13,G0268,26.08063,87.05022,14.4,28.23,69.57,3.44,0.364,13.49,72.35,9.46,1,11.750839,14.4
2026-09-13,G0270,26.08063,87.13012,11.34,30.95,77.45,1.88,0.41,17.14,75.36,15.13,1,13.736851,11.34
2026-09-13,G0284,26.09932,87.09024,11.07,32.89,66.67,2.3,0.355,8.93,75.55,11.32,1,8.018889,11.07
2026-09-13,G0283,26.09932,87.05022,13.51,31.96,74.86,3.88,0.465,17.66,69.78,11.89,1,14.404594,13.51
2026-09-13,G0282,26.09932,87.0102,9.83,31.28,68.7,4.33,0.488,6.32,75.4,5.14,1,7.2326965,9.83
2026-09-13,G0281,26.09932,86.97018,14.74,31.66,77.82,3.2,0.475,8.25,73.82,12.46,1,9.406468,14.74
2026-09-13,G0280,26.09932,86.93017,12.57,29.4,75.76,5.84,0.426,20.65,75.33,14.77,1,15.170148,12.57
2026-09-13,G0279,26.09932,86.89015,18.6,30.74,63.98,4.26,0.408,15.63,78.86,13.8,1,14.2698965,18.6
2026-09-13,G0269,26.08063,87.09024,12.85,29.67,72.55,5.8,0.429,17.1,73.63,14.65,1,13.006156,12.85
2026-09-13,G0278,26.09932,86.85013,13.05,31.08,77.03,2.15,0.371,9.14,76.98,10.3,1,9.543546,13.05
2026-09-13,G0276,26.09932,86.7701,3.2,29.82,73.75,1.76,0.482,12.4,75.83,9.28,1,9.192694,3.2
2026-09-13,G0275,26.09932,86.73008,16.01,30.93,70.42,3.25,0.487,10.8,73.01,14.13,1,9.559005,16.01
2026-09-13,G0274,26.09932,86.69006,11.29,32.24,73.48,3.96,0.462,25.41,74.23,15.46,1,16.719004,11.29
2026-09-13,G0273,26.09932,86.65004,13.01,31.06,76.1,4.23,0.476,15.37,75.76,9.61,1,12.588381,13.01
2026-09-13,G0272,26.09932,86.61003,11.77,31.7,80.1,1.86,0.458,18.96,73.92,7.07,1,14.326241,11.77
2026-09-13,G0271,26.09932,86.57001,15.57,29.62,79.84,2.5,0.426,16.65,74.15,11.99,1,13.483709,15.57
2026-09-13,G0277,26.09932,86.81011,18.02,29.95,78.09,3.35,0.422,14.86,75.63,19.61,1,13.097092,18.02
2026-09-13,G0215,25.97252,86.73008,16.17,30.84,75.0,2.44,0.486,16.67,68.04,18.84,1,13.73646,16.17
2026-09-13,G0251,26.04459,86.97018,9.32,31.5,73.67,3.92,0.411,13.89,73.24,10.32,1,11.189125,9.32
2026-09-13,G0249,26.04459,86.89015,10.57,30.49,78.52,2.84,0.383,15.46,73.15,9.34,1,11.659239,10.57
2026-09-13,G0230,26.00856,86.73008,16.62,30.27,76.74,5.61,0.401,18.84,70.98,18.0,1,15.092309,16.62
2026-09-13,G0229,26.00856,86.69006,15.55,31.86,73.24,2.63,0.434,15.97,70.64,19.01,1,13.362264,15.55
2026-09-13,G0228,26.00856,86.65004,14.74,30.99,68.19,3.03,0.462,21.3,70.99,17.75,1,16.077072,14.74
2026-09-13,G0227,26.00856,86.61003,15.68,30.04,71.92,6.1,0.482,13.32,73.06,12.78,1,12.092885,15.68
2026-09-13,G0226,26.00856,86.57001,12.99,30.96,69.95,4.62,0.415,15.47,70.78,10.73,1,12.330625,12.99
2026-09-13,G0225,25.97252,87.13012,12.17,30.81,72.06,3.24,0.511,11.39,70.68,12.48,1,10.150136,12.17
2026-09-13,G0231,26.00856,86.7701,15.82,31.07,75.48,3.24,0.397,4.85,69.75,6.12,1,7.462115,15.82
2026-09-13,G0224,25.97252,87.09024,10.23,31.4,78.8,2.85,0.43,17.26,68.04,14.4,1,12.949003,10.23
2026-09-13,G0222,25.97252,87.0102,9.91,30.27,82.53,3.16,0.449,10.18,70.57,5.17,1,10.150047,9.91
2026-09-13,G0221,25.97252,86.97018,6.09,30.22,71.2,5.52,0.458,11.59,67.05,9.35,1,8.700136,6.09
2026-09-13,G0220,25.97252,86.93017,7.98,31.5,79.79,3.32,0.416,15.83,71.85,7.62,1,11.945055,7.98
2026-09-13,G0219,25.97252,86.89015,16.3,30.97,72.53,2.33,0.348,13.51,67.48,17.89,1,12.161545,16.3
2026-09-13,G0218,25.97252,86.85013,12.95,30.67,81.96,1.89,0.456,6.69,70.17,6.65,1,8.00264,12.95
2026-09-13,G0217,25.97252,86.81011,9.91,31.68,76.88,4.26,0.415,13.71,68.88,11.93,1,11.545265,9.91
2026-09-13,G0223,25.97252,87.05022,7.08,29.73,68.49,3.19,0.488,13.22,70.54,8.84,1,9.760851,7.08
2026-09-13,G0250,26.04459,86.93017,17.47,32.9,65.44,3.81,0.427,13.88,69.1,9.13,1,12.608916,17.47
2026-09-13,G0232,26.00856,86.81011,17.36,31.09,71.66,4.02,0.415,10.18,69.21,2.51,1,10.679982,17.36
2026-09-13,G0234,26.00856,86.89015,12.51,30.87,78.37,3.98,0.386,17.55,70.2,14.34,1,13.76635,12.51
2026-09-13,G0248,26.04459,86.85013,10.81,31.33,68.98,3.64,0.294,13.24,71.96,13.25,1,10.890404,10.81
2026-09-13,G0247,26.04459,86.81011,13.95,31.17,72.63,2.54,0.473,11.06,70.31,17.88,1,9.4395275,13.95
2026-09-13,G0246,26.04459,86.7701,11.69,32.04,73.06,3.91,0.46,17.29,74.13,14.43,1,13.395698,11.69
2026-09-13,G0245,26.04459,86.73008,11.51,30.17,69.42,3.49,0.392,20.18,72.14,14.71,1,15.158793,11.51
2026-09-13,G0244,26.04459,86.69006,16.14,32.39,67.88,3.23,0.416,19.32,69.46,19.01,1,15.362257,16.14
2026-09-13,G0243,26.04459,86.65004,9.76,31.01,76.43,5.54,0.454,21.94,71.69,15.91,1,15.258578,9.76
2026-09-13,G0233,26.00856,86.85013,10.63,28.73,64.03,3.21,0.402,9.63,73.97,7.67,1,7.435923,10.63
2026-09-13,G0242,26.04459,86.61003,16.54,31.6,73.28,3.21,0.411,12.1,73.44,6.85,1,10.962657,16.54
2026-09-13,G0240,26.00856,87.13012,11.1,28.71,73.87,4.41,0.422,17.09,73.45,12.73,1,11.793271,11.1
2026-09-13,G0239,26.00856,87.09024,16.54,29.58,72.04,1.03,0.413,13.33,72.41,10.69,1,12.113006,16.54
2026-09-13,G0238,26.00856,87.05022,14.12,31.08,63.77,2.54,0.308,12.18,73.94,8.59,1,10.46341,14.12
2026-09-13,G0237,26.00856,87.0102,10.45,32.74,73.31,1.82,0.418,8.53,69.6,6.66,1,7.9211984,10.45
2026-09-13,G0236,26.00856,86.97018,11.39,32.55,82.67,4.98,0.335,6.78,72.4,1.8,1,7.3400097,11.39
2026-09-13,G0235,26.00856,86.93017,18.74,30.46,69.19,3.37,0.466,13.32,69.52,10.18,1,12.764263,18.74
2026-09-13,G0241,26.04459,86.57001,17.32,28.89,75.95,3.74,0.417,11.04,73.1,7.49,1,10.409923,17.32
2026-09-13,G0143,25.79234,86.85013,15.8,29.09,71.86,2.52,0.403,9.56,56.35,9.46,1,9.752408,15.8
2026-09-13,G0214,25.97252,86.69006,9.83,33.12,65.4,4.14,0.42,17.93,69.17,10.85,1,14.414005,9.83
2026-09-13,G0141,25.79234,86.7701,15.59,31.4,79.03,3.03,0.471,11.99,58.76,8.01,1,11.38503,15.59
2026-09-13,G0050,25.57613,86.73008,5.85,31.69,78.57,4.03,0.403,22.31,51.65,15.13,1,14.023617,5.85
2026-09-13,G0049,25.57613,86.69006,19.7,31.39,84.91,3.57,0.463,16.24,51.33,22.79,1,15.009053,19.7
2026-09-13,G0048,25.57613,86.65004,7.91,32.46,68.79,3.34,0.416,22.16,49.61,15.39,1,13.7638855,7.91
2026-09-13,G0047,25.57613,86.61003,9.99,31.28,74.56,5.46,0.473,9.96,51.98,5.33,1,9.231166,9.99
2026-09-13,G0046,25.57613,86.57001,15.6,31.91,71.0,4.17,0.452,7.57,51.95,14.25,1,9.058725,15.6
2026-09-13,G0045,25.54009,87.13012,11.62,31.95,75.75,2.68,0.486,13.65,51.41,12.91,1,12.356306,11.62
2026-09-13,G0051,25.57613,86.7701,16.59,31.69,78.78,3.58,0.419,7.99,49.78,5.11,1,9.504647,16.59
2026-09-13,G0044,25.54009,87.09024,13.14,31.92,80.61,2.89,0.449,13.51,53.64,12.64,1,11.445532,13.14
2026-09-13,G0042,25.54009,87.0102,16.63,30.5,76.92,3.94,0.455,13.12,47.96,14.83,1,12.004123,16.63
2026-09-13,G0041,25.54009,86.97018,11.37,32.6,79.59,3.83,0.436,11.02,49.25,8.76,1,10.364565,11.37
2026-09-13,G0040,25.54009,86.93017,18.72,31.64,75.38,4.66,0.453,11.79,52.55,14.37,1,12.13025,18.72
2026-09-13,G0039,25.54009,86.89015,12.05,33.32,73.64,4.77,0.418,12.93,46.94,11.16,1,11.73342,12.05
2026-09-13,G0038,25.54009,86.85013,6.97,31.02,72.14,3.29,0.36,11.78,47.24,12.97,1,9.179996,6.97
2026-09-13,G0037,25.54009,86.81011,9.24,31.5,73.79,0.83,0.396,9.78,50.92,9.56,1,8.740984,9.24
2026-09-13,G0043,25.54009,87.05022,13.55,33.8,72.54,4.03,0.523,8.42,49.22,10.72,1,7.6516976,13.55
2026-09-13,G0036,25.54009,86.7701,11.85,31.59,79.86,3.05,0.404,13.15,48.83,13.07,1,11.029436,11.85
2026-09-13,G0052,25.57613,86.81011,12.82,31.13,70.92,6.23,0.411,15.81,51.06,13.07,1,12.557761,12.82
2026-09-13,G0054,25.57613,86.89015,23.4,31.05,75.47,3.86,0.457,8.57,50.14,9.18,1,11.029614,23.4
2026-09-13,G0068,25.61216,86.85013,11.74,33.8,74.89,3.62,0.42,9.38,53.64,7.28,1,8.434914,11.74
2026-09-13,G0067,25.61216,86.81011,16.59,30.51,62.32,4.11,0.433,12.98,48.56,17.52,1,11.862183,16.59
2026-09-13,G0066,25.61216,86.7701,11.97,31.59,70.73,3.99,0.468,15.47,49.67,11.8,1,11.731576,11.97
2026-09-13,G0065,25.61216,86.73008,13.93,31.97,63.81,4.74,0.436,17.34,54.8,13.21,1,13.89462,13.93
2026-09-13,G0064,25.61216,86.69006,14.84,30.57,75.43,2.43,0.419,14.19,55.08,14.85,1,12.5252695,14.84
2026-09-13,G0063,25.61216,86.65004,14.52,32.64,75.43,2.92,0.461,12.52,52.11,11.78,1,12.579738,14.52
2026-09-13,G0053,25.57613,86.85013,7.22,30.62,73.13,6.35,0.382,16.93,47.37,8.64,1,11.661446,7.22
2026-09-13,G0062,25.61216,86.61003,11.65,31.76,83.21,2.02,0.364,5.73,55.44,7.03,1,7.189506,11.65
2026-09-13,G0060,25.57613,87.13012,14.9,34.17,70.02,3.03,0.397,23.76,52.65,11.35,1,16.26283,14.9
2026-09-13,G0059,25.57613,87.09024,12.64,32.03,69.67,2.51,0.455,13.97,54.94,12.6,1,11.280552,12.64
2026-09-13,G0058,25.57613,87.05022,11.71,31.58,70.73,3.65,0.417,7.36,52.3,11.32,1,7.9065895,11.71
2026-09-13,G0057,25.57613,87.0102,7.24,33.01,73.93,0.98,0.374,19.68,52.36,13.48,1,12.743209,7.24
2026-09-13,G0056,25.57613,86.97018,11.75,31.31,73.16,3.6,0.407,13.94,54.41,9.44,1,11.014584,11.75
2026-09-13,G0055,25.57613,86.93017,11.27,30.29,74.87,2.23,0.429,9.53,52.09,8.86,1,9.304766,11.27
2026-09-13,G0061,25.61216,86.57001,11.65,33.85,69.98,2.76,0.372,7.44,50.94,6.51,1,7.7997184,11.65
2026-09-13,G0069,25.61216,86.89015,10.88,32.44,74.2,5.4,0.383,11.54,50.55,7.56,1,9.624849,10.88
2026-09-13,G0035,25.54009,86.73008,12.03,29.59,79.47,2.89,0.435,18.55,47.83,14.97,1,14.709228,12.03
2026-09-13,G0033,25.54009,86.65004,15.53,32.36,73.84,2.2,0.389,13.69,48.79,11.02,1,12.680478,15.53
2026-09-13,G0014,25.46802,87.09024,12.01,33.48,77.7,5.43,0.474,15.08,47.91,14.28,1,11.484889,12.01
2026-09-13,G0013,25.46802,87.05022,16.42,32.18,81.61,3.39,0.453,16.46,44.91,10.27,1,14.264627,16.42
2026-09-13,G0012,25.46802,87.0102,10.29,30.52,70.03,4.49,0.49,8.47,43.84,9.93,1,7.961547,10.29
2026-09-13,G0011,25.46802,86.97018,3.86,29.6,72.7,2.62,0.459,11.16,44.48,12.26,1,8.383179,3.86
2026-09-13,G0010,25.46802,86.93017,11.89,31.79,75.11,3.32,0.401,4.92,49.66,11.84,1,6.9079723,11.89
2026-09-13,G0009,25.46802,86.89015,13.36,33.28,70.08,5.48,0.463,19.29,45.4,14.35,1,13.704838,13.36
2026-09-13,G0015,25.46802,87.13012,12.23,32.15,76.01,3.25,0.427,17.08,45.32,10.79,1,14.258479,12.23
2026-09-13,G0008,25.46802,86.85013,2.48,31.47,72.35,2.93,0.457,7.43,48.47,4.43,1,5.975771,2.48
2026-09-13,G0006,25.46802,86.7701,17.73,33.84,79.78,3.46,0.38,17.81,43.97,14.62,1,14.663345,17.73
2026-09-13,G0005,25.46802,86.73008,9.87,30.62,67.41,4.02,0.41,18.54,46.83,13.75,1,13.267258,9.87
2026-09-13,G0004,25.46802,86.69006,13.49,31.7,71.86,2.09,0.435,15.46,47.92,8.52,1,12.530833,13.49
2026-09-13,G0003,25.46802,86.65004,21.07,32.12,70.8,2.75,0.412,19.9,49.48,17.54,1,16.732676,21.07
2026-09-13,G0002,25.46802,86.61003,18.52,30.78,73.04,1.95,0.463,17.34,45.44,15.49,1,15.76033,18.52
2026-09-13,G0001,25.46802,86.57001,13.06,31.31,74.78,2.2,0.353,12.7,47.19,12.55,1,11.479813,13.06
2026-09-13,G0007,25.46802,86.81011,8.49,33.62,75.12,3.51,0.458,16.53,45.27,13.59,1,11.61948,8.49
2026-09-13,G0034,25.54009,86.69006,16.84,30.92,75.6,2.05,0.382,12.86,51.03,10.84,1,12.072848,16.84
2026-09-13,G0016,25.50405,86.57001,9.76,33.08,66.59,3.77,0.459,24.23,48.21,19.85,1,17.524158,9.76
2026-09-13,G0018,25.50405,86.65004,18.6,33.95,60.55,3.51,0.459,22.11,47.68,14.24,1,16.22566,18.6
2026-09-13,G0032,25.54009,86.61003,14.65,32.16,77.35,1.28,0.449,19.0,48.55,13.32,1,16.122072,14.65
2026-09-13,G0031,25.54009,86.57001,14.04,32.02,78.66,5.04,0.426,17.88,47.52,17.44,1,14.670724,14.04
2026-09-13,G0030,25.50405,87.13012,4.74,34.53,66.46,4.43,0.375,13.21,49.61,11.99,1,8.103717,4.74
2026-09-13,G0029,25.50405,87.09024,12.65,31.4,72.08,1.63,0.379,14.29,48.37,9.87,1,11.7569895,12.65
2026-09-13,G0028,25.50405,87.05022,11.15,32.38,73.51,3.37,0.43,6.36,48.79,4.63,1,6.5791836,11.15
2026-09-13,G0027,25.50405,87.0102,15.76,33.13,80.75,3.4,0.465,12.01,50.22,9.64,1,11.119488,15.76
2026-09-13,G0017,25.50405,86.61003,1.26,32.08,73.41,4.32,0.451,13.23,47.08,8.64,1,8.676503,1.26
2026-09-13,G0026,25.50405,86.97018,18.25,31.29,78.86,2.32,0.455,17.73,48.4,18.55,1,15.27595,18.25
2026-09-13,G0024,25.50405,86.89015,9.96,29.83,76.91,5.64,0.34,12.31,49.03,10.68,1,9.591998,9.96
2026-09-13,G0023,25.50405,86.85013,14.29,31.72,71.05,3.29,0.386,6.99,44.18,8.61,1,7.6581273,14.29
2026-09-13,G0022,25.50405,86.81011,16.27,31.94,72.5,2.72,0.383,21.06,44.01,13.15,1,16.700962,16.27
2026-09-13,G0021,25.50405,86.7701,12.74,31.64,76.85,6.4,0.409,15.96,44.01,19.88,1,13.620039,12.74
2026-09-13,G0020,25.50405,86.73008,13.52,31.5,67.97,5.18,0.408,20.99,47.36,16.35,1,15.384918,13.52
2026-09-13,G0019,25.50405,86.69006,13.23,28.92,84.55,5.78,0.432,16.93,50.48,13.05,1,13.745683,13.23
2026-09-13,G0025,25.50405,86.93017,8.74,31.3,88.61,2.94,0.38,10.63,46.72,10.3,1,9.176066,8.74
2026-09-13,G0070,25.61216,86.93017,9.66,31.12,68.53,4.09,0.441,11.49,51.47,11.92,1,9.139441,9.66
2026-09-13,G0142,25.79234,86.81011,11.38,30.67,77.16,4.64,0.41,11.66,60.05,11.69,1,10.100424,11.38
2026-09-13,G0072,25.61216,87.0102,8.81,30.46,71.22,4.67,0.383,14.62,53.26,13.6,1,11.060987,8.81
2026-09-13,G0122,25.75631,86.61003,16.42,32.03,69.45,2.99,0.409,10.65,60.3,9.74,1,10.864919,16.42
2026-09-13,G0121,25.75631,86.57001,6.59,32.42,66.07,3.9,0.5,10.97,57.63,9.39,1,7.772187,6.59
2026-09-13,G0120,25.72027,87.13012,19.03,30.95,76.52,1.34,0.361,12.94,55.33,10.35,1,12.252717,19.03
2026-09-13,G0119,25.72027,87.09024,14.47,30.87,75.55,3.97,0.457,11.87,55.83,8.9,1,10.796257,14.47
2026-09-13,G0118,25.72027,87.05022,7.74,31.96,74.93,3.91,0.394,5.29,52.52,3.31,1,5.6313963,7.74
2026-09-13,G0117,25.72027,87.0102,6.19,30.78,68.28,2.28,0.372,10.1,57.81,11.7,1,7.9725165,6.19
2026-09-13,G0071,25.61216,86.97018,13.91,32.9,68.84,3.62,0.389,20.59,54.6,14.71,1,15.180033,13.91
2026-09-13,G0116,25.72027,86.97018,6.61,33.89,72.3,2.31,0.429,13.25,60.56,8.23,1,10.628945,6.61
2026-09-13,G0114,25.72027,86.89015,7.87,31.92,80.37,5.9,0.382,6.6,61.03,8.89,1,6.2840776,7.87
2026-09-13,G0113,25.72027,86.85013,15.09,30.58,82.03,3.32,0.492,7.42,57.32,14.28,1,9.482479,15.09
2026-09-13,G0112,25.72027,86.81011,11.12,30.35,72.32,4.99,0.395,16.56,59.18,17.41,1,13.064925,11.12
2026-09-13,G0111,25.72027,86.7701,10.84,31.1,78.72,4.06,0.368,10.08,57.47,13.04,1,9.224894,10.84
2026-09-13,G0110,25.72027,86.73008,11.28,32.9,68.79,2.88,0.394,10.06,56.16,7.17,1,8.962821,11.28
2026-09-13,G0109,25.72027,86.69006,12.11,32.86,72.79,3.02,0.488,12.68,59.47,8.05,1,11.27728,12.11
2026-09-13,G0115,25.72027,86.93017,7.58,31.65,73.04,4.28,0.435,10.83,59.72,8.26,1,8.622344,7.58
2026-09-13,G0108,25.72027,86.65004,13.23,32.95,75.26,2.88,0.48,10.76,57.09,5.66,1,10.256531,13.23
2026-09-13,G0124,25.75631,86.69006,13.46,29.34,67.31,5.15,0.333,10.0,57.59,13.84,1,9.662889,13.46
2026-09-13,G0126,25.75631,86.7701,15.29,32.02,78.42,3.55,0.488,16.48,56.22,13.2,1,13.907355,15.29
2026-09-13,G0140,25.79234,86.73008,22.85,30.74,66.22,4.26,0.403,13.35,60.09,10.98,1,14.440758,22.85
2026-09-13,G0139,25.79234,86.69006,14.52,29.06,71.29,5.46,0.391,20.05,59.99,5.16,1,15.732414,14.52
2026-09-13,G0138,25.79234,86.65004,9.34,29.71,85.53,4.3,0.465,7.62,59.52,7.89,1,7.7656794,9.34
2026-09-13,G0137,25.79234,86.61003,11.2,30.15,74.39,4.87,0.442,14.52,64.63,8.32,1,11.756998,11.2
2026-09-13,G0136,25.79234,86.57001,13.93,31.8,78.46,4.25,0.458,14.89,62.4,11.39,1,12.324335,13.93
2026-09-13,G0135,25.75631,87.13012,11.93,31.24,73.04,2.88,0.439,13.29,56.34,11.36,1,10.9733305,11.93
2026-09-13,G0125,25.75631,86.73008,10.42,33.41,78.76,3.34,0.448,16.76,59.88,14.65,1,13.073149,10.42
2026-09-13,G0134,25.75631,87.09024,15.83,30.6,80.32,3.32,0.403,4.83,58.44,4.96,1,7.3268847,15.83
2026-09-13,G0132,25.75631,87.0102,21.87,33.2,69.1,4.01,0.352,7.21,58.53,6.55,1,10.320938,21.87
2026-09-13,G0131,25.75631,86.97018,22.77,31.14,70.3,4.21,0.446,5.22,54.38,15.07,1,9.426228,22.77
2026-09-13,G0130,25.75631,86.93017,18.86,30.68,75.53,4.06,0.416,11.25,56.09,6.97,1,11.871543,18.86
2026-09-13,G0129,25.75631,86.89015,14.56,29.42,73.13,4.41,0.476,11.26,60.47,16.02,1,10.807007,14.56
2026-09-13,G0128,25.75631,86.85013,11.96,31.06,73.36,3.71,0.427,5.55,59.92,5.03,1,6.9174676,11.96
2026-09-13,G0127,25.75631,86.81011,9.69,31.18,79.0,3.93,0.384,7.23,58.98,8.82,1,7.4050927,9.69
2026-09-13,G0133,25.75631,87.05022,5.68,30.92,79.34,3.58,0.439,13.07,57.28,12.12,1,9.495644,5.68
2026-09-13,G0107,25.72027,86.61003,9.48,30.25,68.07,3.1,0.41,12.01,57.38,9.55,1,10.056164,9.48
2026-09-13,G0123,25.75631,86.65004,8.49,30.5,72.15,1.98,0.488,12.92,60.91,6.48,1,10.028154,8.49
2026-09-13,G0105,25.68423,87.13012,15.83,32.49,63.46,3.53,0.464,12.13,50.79,9.13,1,10.889617,15.83
2026-09-13,G0086,25.6482,86.97018,14.74,32.26,73.57,2.18,0.326,10.83,55.25,14.51,1,10.721627,14.74
2026-09-13,G0085,25.6482,86.93017,12.63,31.33,73.36,2.83,0.438,14.41,56.13,9.41,1,11.524524,12.63
2026-09-13,G0084,25.6482,86.89015,13.29,30.32,77.23,2.91,0.464,7.42,54.95,11.97,1,8.331664,13.29
2026-09-13,G0083,25.6482,86.85013,10.52,31.56,69.48,2.42,0.414,6.89,53.94,6.55,1,7.362809,10.52
2026-09-13,G0082,25.6482,86.81011,10.2,31.44,80.09,1.63,0.415,11.43,51.86,13.18,1,10.463844,10.2
2026-09-13,G0080,25.6482,86.73008,9.64,32.06,79.69,2.03,0.423,13.81,58.93,9.72,1,11.889945,9.64
2026-09-13,G0087,25.6482,87.0102,16.94,34.02,64.19,2.95,0.481,24.89,58.73,17.9,1,18.967764,16.94
2026-09-13,G0079,25.6482,86.69006,17.45,33.58,72.62,3.54,0.458,12.7,53.62,9.87,1,11.616022,17.45
2026-09-13,G0077,25.6482,86.61003,16.71,32.39,74.22,4.56,0.384,8.45,52.83,7.64,1,10.5687275,16.71
2026-09-13,G0076,25.6482,86.57001,11.75,32.26,73.79,2.95,0.393,19.67,52.95,18.0,1,15.263885,11.75
2026-09-13,G0075,25.61216,87.13012,10.5,31.36,73.46,3.62,0.476,13.41,52.81,14.82,1,10.318314,10.5
2026-09-13,G0074,25.61216,87.09024,11.35,30.8,80.38,2.95,0.447,7.21,52.92,11.48,1,8.32843,11.35
2026-09-13,G0073,25.61216,87.05022,10.52,28.95,76.68,4.77,0.445,16.36,49.18,15.86,1,12.663641,10.52
2026-09-13,G0106,25.72027,86.57001,7.81,31.66,76.78,5.08,0.448,11.91,56.64,9.41,1,9.061781,7.81
2026-09-13,G0078,25.6482,86.65004,8.48,34.68,75.83,3.26,0.438,13.34,54.46,4.82,1,11.179294,8.48
2026-09-13,G0088,25.6482,87.05022,12.25,30.27,75.28,5.0,0.417,13.82,54.61,13.86,1,12.280278,12.25
2026-09-13,G0081,25.6482,86.7701,18.92,32.13,79.87,2.87,0.421,7.57,55.33,10.31,1,9.983696,18.92
2026-09-13,G0090,25.6482,87.13012,18.23,30.74,74.22,4.35,0.434,3.84,52.47,8.55,1,7.883305,18.23
2026-09-13,G0089,25.6482,87.09024,11.6,31.23,65.65,2.57,0.399,8.97,53.65,8.91,1,8.601041,11.6
2026-09-13,G0103,25.68423,87.05022,12.37,31.75,69.17,2.57,0.446,10.84,52.78,13.11,1,9.646391,12.37
2026-09-13,G0102,25.68423,87.0102,19.41,32.1,60.84,2.25,0.461,2.78,56.37,4.69,1,7.811401,19.41
2026-09-13,G0101,25.68423,86.97018,10.59,34.15,77.6,2.52,0.435,1.62,52.54,6.15,1,5.9286766,10.59
2026-09-13,G0100,25.68423,86.93017,8.91,33.9,74.61,3.24,0.421,15.83,56.98,14.83,1,11.780351,8.91
2026-09-13,G0099,25.68423,86.89015,6.06,30.92,68.94,3.22,0.436,7.83,57.84,6.72,1,6.8850822,6.06
2026-09-13,G0098,25.68423,86.85013,9.15,30.55,70.43,5.03,0.378,7.46,55.67,4.84,1,7.47459,9.15
2026-09-13,G0104,25.68423,87.09024,12.31,33.16,67.64,5.2,0.44,8.4,56.97,3.88,1,8.359675,12.31
2026-09-13,G0096,25.68423,86.7701,10.73,34.06,70.0,4.59,0.405,11.17,54.14,8.39,1,9.322048,10.73
2026-09-13,G0095,25.68423,86.73008,15.46,32.61,80.03,4.23,0.44,20.48,55.93,17.61,1,17.101448,15.46
2026-09-13,G0094,25.68423,86.69006,6.8,30.61,77.93,3.54,0.345,11.97,53.34,10.38,1,8.936387,6.8
2026-09-13,G0093,25.68423,86.65004,16.0,28.7,74.22,2.91,0.394,14.71,54.68,14.14,1,12.700403,16.0
2026-09-13,G0092,25.68423,86.61003,10.16,33.31,74.79,2.46,0.467,21.56,56.24,10.14,1,15.846699,10.16
2026-09-13,G0091,25.68423,86.57001,14.56,32.9,70.44,2.67,0.411,5.0,55.45,1.8,1,6.8235955,14.56
2026-09-13,G0097,25.68423,86.81011,15.68,30.41,67.94,4.16,0.441,16.65,56.91,17.47,1,13.807678,15.68
2026-09-14,G0194,25.90045,87.09024,18.47,32.57,74.7,4.17,0.417,13.63,68.93,15.38,1,12.483483,18.47
2026-09-14,G0193,25.90045,87.05022,7.95,32.92,80.97,1.48,0.451,17.78,64.26,14.69,1,13.627642,7.95
2026-09-14,G0192,25.90045,87.0102,19.17,31.18,75.77,3.87,0.431,13.53,65.53,15.71,1,13.23762,19.17
2026-09-14,G0191,25.90045,86.97018,16.14,30.3,77.21,4.28,0.489,11.95,64.26,9.59,1,11.557497,16.14
2026-09-14,G0190,25.90045,86.93017,10.22,30.7,69.2,5.01,0.421,6.35,63.23,5.46,1,7.06591,10.22
2026-09-14,G0189,25.90045,86.89015,19.2,30.34,70.75,4.11,0.444,13.85,64.71,13.07,1,12.91448,19.2
2026-09-14,G0185,25.90045,86.73008,10.81,32.46,75.8,3.19,0.467,12.8,68.85,10.33,1,11.2667675,10.81
2026-09-14,G0187,25.90045,86.81011,11.66,30.74,80.86,1.34,0.423,7.24,63.28,8.36,1,8.711486,11.66
2026-09-14,G0186,25.90045,86.7701,12.49,29.17,72.25,2.94,0.419,26.84,67.04,14.52,1,18.327969,12.49
2026-09-14,G0184,25.90045,86.69006,9.54,30.07,74.65,4.53,0.426,9.35,63.72,8.77,1,8.506885,9.54
2026-09-14,G0183,25.90045,86.65004,13.14,31.56,80.18,3.01,0.395,20.11,68.64,14.8,1,15.820596,13.14
2026-09-14,G0182,25.90045,86.61003,12.51,32.0,68.93,5.2,0.427,9.9,67.51,11.44,1,9.597856,12.51
2026-09-14,G0195,25.90045,87.13012,14.54,32.8,74.72,4.36,0.423,15.53,68.35,13.48,1,13.634557,14.54
2026-09-14,G0188,25.90045,86.85013,8.18,31.77,76.23,2.73,0.376,7.61,68.89,10.28,1,6.8365593,8.18
2026-09-14,G0196,25.93649,86.57001,19.9,32.83,77.23,5.59,0.384,15.67,68.92,14.46,1,14.913293,19.9
2026-09-14,G0213,25.97252,86.65004,16.02,32.25,67.51,3.53,0.433,13.2,68.03,11.63,1,11.941779,16.02
2026-09-14,G0198,25.93649,86.65004,17.38,29.42,72.04,0.85,0.463,9.92,69.51,9.74,1,11.036831,17.38
2026-09-14,G0212,25.97252,86.61003,7.98,29.64,75.11,4.56,0.45,14.43,70.77,11.68,1,10.879434,7.98
2026-09-14,G0211,25.97252,86.57001,12.11,31.0,73.91,3.53,0.482,9.22,70.17,8.94,1,9.302913,12.11
2026-09-14,G0210,25.93649,87.13012,5.95,31.58,77.75,2.52,0.358,19.58,65.4,16.67,1,12.6299515,5.95
2026-09-14,G0209,25.93649,87.09024,15.95,31.63,69.05,3.73,0.417,16.93,70.97,12.74,1,14.1237135,15.95
2026-09-14,G0208,25.93649,87.05022,11.17,32.58,73.47,5.16,0.413,9.02,65.37,11.99,1,8.37169,11.17
2026-09-14,G0207,25.93649,87.0102,8.91,30.97,77.16,0.66,0.413,17.31,68.57,12.86,1,13.285598,8.91
2026-09-14,G0197,25.93649,86.61003,16.85,29.97,81.94,3.86,0.469,9.3,66.46,13.4,1,11.12521,16.85
2026-09-14,G0206,25.93649,86.97018,14.89,30.11,75.99,3.53,0.4,6.84,65.8,2.64,1,8.59995,14.89
2026-09-14,G0204,25.93649,86.89015,10.33,30.17,64.38,6.29,0.361,15.34,63.07,13.61,1,11.69863,10.33
2026-09-14,G0203,25.93649,86.85013,14.31,30.57,67.01,5.46,0.381,6.44,64.76,9.62,1,8.510765,14.31
2026-09-14,G0202,25.93649,86.81011,6.76,31.59,78.65,2.7,0.442,12.06,66.19,10.67,1,8.851236,6.76
2026-09-14,G0201,25.93649,86.7701,14.23,29.11,70.15,3.25,0.444,13.43,66.51,11.91,1,11.840673,14.23
2026-09-14,G0200,25.93649,86.73008,14.62,32.33,81.18,2.96,0.38,20.0,67.92,12.46,1,16.394033,14.62
2026-09-14,G0199,25.93649,86.69006,8.35,31.82,78.95,3.45,0.425,14.79,64.54,13.39,1,11.655954,8.35
2026-09-14,G0205,25.93649,86.93017,19.07,33.35,78.92,4.07,0.444,14.31,66.84,14.72,1,12.880695,19.07
2026-09-14,G0181,25.90045,86.57001,4.17,31.2,67.37,3.94,0.395,11.31,62.52,4.0,1,7.9896517,4.17
2026-09-14,G0146,25.79234,86.97018,11.43,32.12,77.02,3.87,0.379,6.06,63.38,1.41,1,6.9845896,11.43
2026-09-14,G0179,25.86441,87.09024,14.3,29.02,73.67,4.57,0.348,6.1,64.21,8.66,1,8.070582,14.3
2026-09-14,G0159,25.82838,86.89015,12.95,32.61,71.83,1.22,0.398,6.79,65.66,3.23,1,7.603238,12.95
2026-09-14,G0158,25.82838,86.85013,14.32,31.62,77.45,3.04,0.468,9.96,64.3,7.55,1,10.1310625,14.32
2026-09-14,G0157,25.82838,86.81011,11.81,31.77,76.83,2.42,0.415,5.37,61.91,3.04,1,7.065132,11.81
2026-09-14,G0156,25.82838,86.7701,14.42,33.25,71.84,5.89,0.413,11.67,60.99,11.43,1,10.722367,14.42
2026-09-14,G0155,25.82838,86.73008,10.12,33.25,78.35,4.43,0.419,7.63,63.18,5.67,1,7.30174,10.12
2026-09-14,G0154,25.82838,86.69006,12.02,31.12,74.98,4.11,0.395,17.85,62.77,10.23,1,13.823593,12.02
2026-09-14,G0160,25.82838,86.93017,15.48,30.09,74.0,3.57,0.457,6.96,60.35,7.07,1,8.02262,15.48
2026-09-14,G0153,25.82838,86.65004,14.7,28.08,76.97,2.77,0.375,11.41,64.56,12.48,1,11.166095,14.7
2026-09-14,G0151,25.82838,86.57001,11.89,31.99,78.09,2.46,0.395,15.27,64.26,7.48,1,12.136629,11.89
2026-09-14,G0150,25.79234,87.13012,20.45,31.22,75.58,3.62,0.44,16.2,63.94,15.07,1,15.261642,20.45
2026-09-14,G0149,25.79234,87.09024,16.39,29.84,71.56,3.02,0.478,10.84,60.6,10.35,1,10.49086,16.39
2026-09-14,G0148,25.79234,87.05022,16.15,31.85,76.07,4.55,0.343,11.66,61.57,8.85,1,11.049726,16.15
2026-09-14,G0147,25.79234,87.0102,10.5,31.81,74.59,3.46,0.321,7.28,61.65,7.47,1,7.008071,10.5
2026-09-14,G0214,25.97252,86.69006,15.33,31.49,65.73,3.92,0.43,22.6,67.55,18.89,1,16.769814,15.33
2026-09-14,G0152,25.82838,86.61003,12.61,32.13,77.66,1.39,0.407,13.68,63.05,17.35,1,11.435363,12.61
2026-09-14,G0161,25.82838,86.97018,15.25,31.84,67.97,1.63,0.417,7.3,62.8,5.67,1,8.24184,15.25
2026-09-14,G0162,25.82838,87.0102,15.39,32.6,75.92,3.99,0.415,5.55,60.74,1.32,1,7.3608937,15.39
2026-09-14,G0163,25.82838,87.05022,9.44,29.2,71.01,4.23,0.409,19.68,64.54,8.39,1,14.733346,9.44
2026-09-14,G0178,25.86441,87.05022,17.94,33.36,70.67,5.12,0.409,5.54,62.65,8.52,1,7.0636587,17.94
2026-09-14,G0177,25.86441,87.0102,18.11,34.57,71.09,4.33,0.448,11.45,65.5,12.92,1,11.518779,18.11
2026-09-14,G0176,25.86441,86.97018,15.28,31.78,80.68,1.27,0.443,6.36,62.39,9.89,1,8.911931,15.28
2026-09-14,G0175,25.86441,86.93017,8.41,31.52,73.31,2.1,0.373,13.87,63.89,12.88,1,10.814297,8.41
2026-09-14,G0174,25.86441,86.89015,14.84,31.5,77.36,3.38,0.394,3.18,66.1,8.9,1,7.457788,14.84
2026-09-14,G0173,25.86441,86.85013,17.17,31.52,70.15,5.41,0.436,13.28,61.37,5.17,1,12.738549,17.17
2026-09-14,G0172,25.86441,86.81011,17.23,30.53,71.92,2.96,0.431,6.62,65.29,8.44,1,8.652249,17.23
2026-09-14,G0171,25.86441,86.7701,9.33,30.33,82.14,4.88,0.397,17.56,66.24,14.2,1,13.592303,9.33
2026-09-14,G0170,25.86441,86.73008,11.4,33.09,75.69,3.64,0.385,11.2,60.93,8.78,1,10.452933,11.4
2026-09-14,G0169,25.86441,86.69006,14.68,32.02,71.04,4.22,0.46,10.73,66.21,11.9,1,10.481554,14.68
2026-09-14,G0168,25.86441,86.65004,13.0,29.3,76.16,2.77,0.378,7.57,65.05,6.43,1,8.260421,13.0
2026-09-14,G0167,25.86441,86.61003,21.11,30.27,71.15,2.5,0.465,20.27,67.78,18.24,1,17.093613,21.11
2026-09-14,G0166,25.86441,86.57001,7.81,33.13,84.21,3.42,0.402,7.92,66.09,4.74,1,6.7749043,7.81
2026-09-14,G0165,25.82838,87.13012,11.05,31.31,83.04,2.88,0.478,11.12,60.94,10.12,1,10.159948,11.05
2026-09-14,G0164,25.82838,87.09024,17.84,29.56,72.33,2.58,0.394,13.28,62.55,9.75,1,12.185134,17.84
2026-09-14,G0180,25.86441,87.13012,6.91,31.72,78.84,4.43,0.448,14.11,64.43,15.48,1,11.105582,6.91
2026-09-14,G0215,25.97252,86.73008,11.92,31.61,77.1,3.21,0.381,14.62,72.96,10.24,1,12.134975,11.92
2026-09-14,G0250,26.04459,86.93017,15.12,30.23,80.33,2.26,0.393,9.78,74.46,12.84,1,11.149217,15.12
2026-09-14,G0217,25.97252,86.81011,16.41,33.09,77.42,3.91,0.489,9.09,67.13,10.93,1,10.273466,16.41
2026-09-14,G0268,26.08063,87.05022,8.3,31.33,76.51,2.2,0.428,16.25,72.52,6.07,1,12.546937,8.3
2026-09-14,G0267,26.08063,87.0102,16.78,31.81,82.01,3.14,0.386,10.34,75.13,9.7,1,11.606773,16.78
2026-09-14,G0266,26.08063,86.97018,13.28,30.19,74.28,4.04,0.46,12.45,73.7,10.72,1,10.7002325,13.28
2026-09-14,G0265,26.08063,86.93017,6.68,31.71,74.72,6.34,0.434,9.82,71.27,2.28,1,7.6363125,6.68
2026-09-14,G0264,26.08063,86.89015,14.3,33.28,78.03,2.84,0.396,7.52,71.86,12.31,1,8.498493,14.3
2026-09-14,G0263,26.08063,86.85013,13.77,29.94,67.84,2.06,0.479,10.39,72.41,6.48,1,9.629392,13.77
2026-09-14,G0269,26.08063,87.09024,15.99,31.27,65.16,1.72,0.449,15.21,72.26,16.25,1,13.086501,15.99
2026-09-14,G0262,26.08063,86.81011,20.06,29.46,81.1,3.7,0.473,10.05,74.35,13.39,1,11.802423,20.06
2026-09-14,G0260,26.08063,86.73008,10.55,30.85,77.85,1.77,0.358,16.33,75.01,16.14,1,13.019895,10.55
2026-09-14,G0259,26.08063,86.69006,8.87,32.63,70.19,3.72,0.441,23.24,74.79,14.37,1,14.903877,8.87
2026-09-14,G0258,26.08063,86.65004,8.16,31.19,76.65,3.75,0.365,10.37,77.95,13.93,1,9.869111,8.16
2026-09-14,G0257,26.08063,86.61003,16.42,29.76,83.33,3.99,0.38,16.83,73.7,17.51,1,14.526849,16.42
2026-09-14,G0256,26.08063,86.57001,13.41,30.61,83.7,2.74,0.41,17.92,72.55,16.71,1,14.876374,13.41
2026-09-14,G0255,26.04459,87.13012,11.56,32.2,76.47,1.66,0.442,16.61,73.1,12.91,1,12.608605,11.56
2026-09-14,G0261,26.08063,86.7701,15.35,30.19,73.56,4.08,0.511,12.93,73.86,10.13,1,12.395974,15.35
2026-09-14,G0254,26.04459,87.09024,15.31,31.97,74.98,2.06,0.481,5.92,75.53,7.32,1,8.601153,15.31
2026-09-14,G0270,26.08063,87.13012,13.6,31.91,80.41,3.18,0.362,14.3,72.27,14.3,1,12.005533,13.6
2026-09-14,G0272,26.09932,86.61003,14.63,30.85,69.79,3.95,0.408,14.7,80.62,9.15,1,13.487721,14.63
2026-09-14,G0145,25.79234,86.93017,16.42,32.7,69.58,3.25,0.4,10.59,58.25,14.9,1,10.724121,16.42
2026-09-14,G0285,26.09932,87.13012,13.72,30.64,76.02,6.39,0.393,19.36,77.4,12.85,1,14.400337,13.72
2026-09-14,G0284,26.09932,87.09024,10.03,31.25,66.08,5.37,0.378,14.1,76.44,16.59,1,10.699029,10.03
2026-09-14,G0283,26.09932,87.05022,12.64,30.07,72.24,1.11,0.448,19.99,72.91,18.27,1,15.49658,12.64
2026-09-14,G0282,26.09932,87.0102,16.97,31.28,74.11,2.47,0.367,16.12,72.35,18.4,1,13.647469,16.97
2026-09-14,G0281,26.09932,86.97018,16.38,32.26,73.14,4.23,0.515,14.39,77.44,11.64,1,13.435797,16.38
2026-09-14,G0271,26.09932,86.57001,4.86,29.92,73.37,2.31,0.525,11.03,76.28,7.44,1,9.255939,4.86
2026-09-14,G0280,26.09932,86.93017,15.12,32.1,70.6,3.37,0.403,17.99,71.24,19.32,1,15.075397,15.12
2026-09-14,G0278,26.09932,86.85013,15.46,29.71,78.39,4.04,0.477,15.4,72.37,17.21,1,12.944033,15.46
2026-09-14,G0277,26.09932,86.81011,22.36,31.61,73.32,2.23,0.415,8.8,73.79,15.07,1,10.539741,22.36
2026-09-14,G0276,26.09932,86.7701,13.97,30.72,84.65,1.79,0.419,14.59,73.07,12.59,1,12.945556,13.97
2026-09-14,G0275,26.09932,86.73008,11.71,31.42,68.49,5.27,0.489,24.07,73.23,15.84,1,17.866114,11.71
2026-09-14,G0274,26.09932,86.69006,12.7,30.81,78.52,3.7,0.458,18.66,76.61,17.49,1,13.993447,12.7
2026-09-14,G0273,26.09932,86.65004,16.28,30.02,80.07,5.14,0.464,23.21,71.69,13.54,1,17.494783,16.28
2026-09-14,G0279,26.09932,86.89015,16.47,31.71,78.95,1.46,0.333,3.54,76.16,6.63,1,6.3597875,16.47
2026-09-14,G0216,25.97252,86.7701,13.66,30.58,79.81,3.28,0.348,14.0,69.7,17.99,1,12.169213,13.66
2026-09-14,G0253,26.04459,87.05022,12.8,29.06,72.38,3.96,0.445,14.86,76.24,18.08,1,12.274107,12.8
2026-09-14,G0251,26.04459,86.97018,15.51,32.4,72.76,4.27,0.457,13.69,72.89,15.88,1,12.210087,15.51
2026-09-14,G0231,26.00856,86.7701,7.49,31.68,69.54,1.46,0.372,16.76,68.29,14.26,1,11.250008,7.49
2026-09-14,G0230,26.00856,86.73008,14.49,31.34,73.19,2.82,0.442,16.17,74.43,11.52,1,13.600517,14.49
2026-09-14,G0229,26.00856,86.69006,8.07,29.84,78.91,5.32,0.38,10.78,72.88,7.21,1,8.813892,8.07
2026-09-14,G0228,26.00856,86.65004,14.64,31.74,72.75,1.56,0.379,19.06,69.48,13.85,1,16.04932,14.64
2026-09-14,G0227,26.00856,86.61003,6.26,30.96,71.38,2.35,0.472,19.55,71.56,15.47,1,12.760107,6.26
2026-09-14,G0226,26.00856,86.57001,20.74,30.43,73.48,3.57,0.438,14.11,71.64,17.55,1,13.639256,20.74
2026-09-14,G0232,26.00856,86.81011,11.82,31.08,74.13,4.58,0.485,13.13,73.69,12.69,1,10.665824,11.82
2026-09-14,G0225,25.97252,87.13012,13.26,32.12,76.14,2.9,0.432,18.48,68.48,15.43,1,14.689374,13.26
2026-09-14,G0223,25.97252,87.05022,14.74,31.07,79.88,3.46,0.38,18.5,67.47,20.42,1,15.224264,14.74
2026-09-14,G0222,25.97252,87.0102,16.11,32.92,76.55,3.8,0.424,6.37,68.19,7.38,1,7.913111,16.11
2026-09-14,G0221,25.97252,86.97018,13.83,31.6,69.51,2.27,0.467,10.49,74.4,11.99,1,9.7368145,13.83
2026-09-14,G0220,25.97252,86.93017,15.79,32.83,71.02,1.87,0.35,5.76,68.7,4.22,1,8.101059,15.79
2026-09-14,G0219,25.97252,86.89015,13.78,31.26,69.16,3.91,0.473,10.57,71.08,16.25,1,10.189484,13.78
2026-09-14,G0218,25.97252,86.85013,9.76,30.37,74.37,3.39,0.393,12.23,68.93,7.13,1,10.374018,9.76
2026-09-14,G0224,25.97252,87.09024,4.21,29.59,76.83,4.23,0.432,12.03,70.48,5.75,1,9.061963,4.21
2026-09-14,G0252,26.04459,87.0102,15.74,31.78,77.01,4.71,0.383,15.98,70.64,12.33,1,14.284419,15.74
2026-09-14,G0233,26.00856,86.85013,14.83,29.18,72.49,4.53,0.431,14.29,74.32,12.39,1,12.591066,14.83
2026-09-14,G0235,26.00856,86.93017,16.57,31.31,66.71,4.22,0.409,16.54,72.25,16.56,1,13.967992,16.57
2026-09-14,G0249,26.04459,86.89015,14.03,31.04,78.03,2.87,0.392,10.88,69.16,9.61,1,10.079859,14.03
2026-09-14,G0248,26.04459,86.85013,15.64,30.78,82.08,2.5,0.382,16.71,72.06,9.84,1,14.166711,15.64
2026-09-14,G0247,26.04459,86.81011,14.67,30.54,72.55,3.37,0.433,13.84,73.56,10.95,1,11.846817,14.67
2026-09-14,G0246,26.04459,86.7701,17.17,31.57,74.41,5.03,0.384,12.5,66.43,11.27,1,12.229062,17.17
2026-09-14,G0245,26.04459,86.73008,17.25,30.69,66.65,2.7,0.454,22.07,71.52,16.23,1,16.532028,17.25
2026-09-14,G0244,26.04459,86.69006,15.07,30.33,78.2,3.67,0.443,19.1,71.06,17.07,1,15.083551,15.07
2026-09-14,G0234,26.00856,86.89015,14.55,30.41,79.07,4.8,0.345,7.7,68.09,11.8,1,8.904786,14.55
2026-09-14,G0243,26.04459,86.65004,14.49,32.25,74.23,2.41,0.385,19.92,73.7,11.99,1,16.12096,14.49
2026-09-14,G0241,26.04459,86.57001,8.74,31.87,73.21,3.04,0.432,15.23,72.37,10.11,1,11.688017,8.74
2026-09-14,G0240,26.00856,87.13012,14.01,30.3,77.97,1.15,0.356,10.7,70.5,9.19,1,11.284579,14.01
2026-09-14,G0239,26.00856,87.09024,11.98,30.62,78.02,2.32,0.502,11.19,70.12,8.46,1,9.689497,11.98
2026-09-14,G0238,26.00856,87.05022,13.87,29.66,70.09,4.1,0.454,10.89,70.4,11.07,1,9.705387,13.87
2026-09-14,G0237,26.00856,87.0102,12.49,31.84,68.54,4.45,0.45,10.18,67.16,9.55,1,9.27134,12.49
2026-09-14,G0236,26.00856,86.97018,16.86,30.86,68.76,3.39,0.414,9.86,70.62,7.28,1,10.233306,16.86
2026-09-14,G0242,26.04459,86.61003,11.83,31.22,71.56,3.12,0.453,13.97,72.7,10.31,1,10.936625,11.83
2026-09-14,G0144,25.79234,86.89015,15.69,28.81,73.75,2.69,0.362,10.56,66.02,11.5,1,9.609735,15.69
2026-09-14,G0143,25.79234,86.85013,11.46,31.19,74.88,3.52,0.442,10.63,59.3,12.91,1,9.835212,11.46
2026-09-14,G0142,25.79234,86.81011,11.34,32.07,76.63,2.95,0.475,10.29,60.84,7.07,1,9.505093,11.34
2026-09-14,G0051,25.57613,86.7701,16.44,33.17,66.32,3.19,0.418,16.23,51.83,16.49,1,14.058513,16.44
2026-09-14,G0050,25.57613,86.73008,10.12,33.13,64.67,3.52,0.421,9.84,48.21,3.78,1,8.511016,10.12
2026-09-14,G0049,25.57613,86.69006,10.78,31.4,78.65,2.91,0.451,20.77,53.67,16.6,1,15.652195,10.78
2026-09-14,G0048,25.57613,86.65004,19.77,31.35,69.2,4.85,0.398,13.7,48.29,14.35,1,13.365883,19.77
2026-09-14,G0047,25.57613,86.61003,19.13,29.9,70.18,3.94,0.419,14.18,52.12,12.64,1,13.335021,19.13
2026-09-14,G0046,25.57613,86.57001,9.31,33.54,72.87,3.35,0.462,11.19,52.75,11.2,1,9.513542,9.31
2026-09-14,G0052,25.57613,86.81011,12.55,32.44,80.39,4.99,0.464,13.56,51.29,12.96,1,11.887023,12.55
2026-09-14,G0045,25.54009,87.13012,11.67,30.94,76.26,3.21,0.465,13.57,51.1,11.73,1,11.255495,11.67
2026-09-14,G0043,25.54009,87.05022,15.84,33.38,75.2,3.04,0.449,16.77,48.24,16.17,1,13.202668,15.84
2026-09-14,G0042,25.54009,87.0102,10.23,32.22,84.78,2.45,0.4,13.77,50.42,15.03,1,11.858915,10.23
2026-09-14,G0041,25.54009,86.97018,15.44,31.9,72.98,5.26,0.404,6.21,46.81,7.21,1,7.3210025,15.44
2026-09-14,G0040,25.54009,86.93017,13.53,30.42,77.19,0.89,0.415,8.09,44.77,9.62,1,9.071215,13.53
2026-09-14,G0039,25.54009,86.89015,12.99,32.3,76.76,4.26,0.416,15.52,49.87,16.63,1,12.746198,12.99
2026-09-14,G0038,25.54009,86.85013,17.29,30.82,81.98,3.28,0.431,15.7,46.12,13.12,1,13.964747,17.29
2026-09-14,G0044,25.54009,87.09024,10.65,28.99,76.75,3.27,0.49,20.49,49.26,12.64,1,15.893616,10.65
2026-09-14,G0037,25.54009,86.81011,13.14,33.21,71.68,3.94,0.478,19.96,49.65,13.93,1,14.806598,13.14
2026-09-14,G0053,25.57613,86.85013,14.75,31.17,75.6,4.75,0.446,11.0,50.5,9.56,1,10.70415,14.75
2026-09-14,G0055,25.57613,86.93017,13.18,29.99,71.41,2.35,0.403,8.79,51.4,11.94,1,9.284534,13.18
2026-09-14,G0069,25.61216,86.89015,13.62,31.18,73.45,3.29,0.412,12.08,53.9,11.92,1,10.550941,13.62
2026-09-14,G0068,25.61216,86.85013,19.05,31.72,68.63,4.07,0.39,17.73,49.97,13.47,1,15.233753,19.05
2026-09-14,G0067,25.61216,86.81011,12.24,32.91,77.67,2.56,0.457,14.72,50.85,16.1,1,11.732293,12.24
2026-09-14,G0066,25.61216,86.7701,19.42,30.72,78.51,3.3,0.395,16.47,54.32,17.68,1,15.183175,19.42
2026-09-14,G0065,25.61216,86.73008,10.57,32.87,74.21,3.43,0.336,12.6,51.58,14.82,1,11.077721,10.57
2026-09-14,G0064,25.61216,86.69006,15.86,31.19,68.23,5.53,0.456,13.19,53.29,4.45,1,11.732166,15.86
2026-09-14,G0054,25.57613,86.89015,3.0,33.09,76.01,4.93,0.388,9.83,52.07,8.37,1,5.674296,3.0
2026-09-14,G0063,25.61216,86.65004,12.86,32.67,73.6,2.55,0.412,13.57,56.34,7.51,1,11.427691,12.86
2026-09-14,G0061,25.61216,86.57001,12.21,31.28,73.39,4.9,0.393,13.99,51.45,11.71,1,12.065339,12.21
2026-09-14,G0060,25.57613,87.13012,9.57,31.39,74.72,2.63,0.425,13.5,51.9,10.22,1,10.398219,9.57
2026-09-14,G0059,25.57613,87.09024,9.49,29.93,68.27,3.0,0.394,10.98,51.31,12.96,1,9.315424,9.49
2026-09-14,G0058,25.57613,87.05022,11.76,31.97,65.96,3.0,0.427,12.03,48.19,17.09,1,9.916689,11.76
2026-09-14,G0057,25.57613,87.0102,18.35,30.68,70.13,2.27,0.376,10.53,51.43,9.72,1,11.43447,18.35
2026-09-14,G0056,25.57613,86.97018,6.41,30.97,68.95,2.07,0.343,9.5,50.99,10.69,1,7.8252716,6.41
2026-09-14,G0062,25.61216,86.61003,20.91,31.12,68.4,4.52,0.491,21.65,52.19,16.81,1,16.490273,20.91
2026-09-14,G0070,25.61216,86.93017,11.36,31.16,75.54,4.26,0.416,5.63,53.38,12.07,1,7.0252414,11.36
2026-09-14,G0036,25.54009,86.7701,14.1,30.86,68.29,1.16,0.458,14.74,46.97,14.74,1,12.664725,14.1
2026-09-14,G0034,25.54009,86.69006,10.75,31.62,66.73,2.58,0.43,19.46,48.39,15.02,1,13.297631,10.75
2026-09-14,G0015,25.46802,87.13012,11.96,32.08,83.28,5.79,0.391,11.39,47.02,13.33,1,10.72174,11.96
2026-09-14,G0014,25.46802,87.09024,14.14,32.22,77.49,3.99,0.382,19.81,45.6,14.32,1,15.615132,14.14
2026-09-14,G0013,25.46802,87.05022,17.74,32.3,65.15,0.59,0.489,7.66,47.71,8.34,1,8.322046,17.74
2026-09-14,G0012,25.46802,87.0102,6.94,30.48,71.49,2.86,0.473,13.07,49.17,7.22,1,9.623194,6.94
2026-09-14,G0011,25.46802,86.97018,10.41,32.89,77.92,3.25,0.427,14.08,47.11,9.48,1,10.982734,10.41
2026-09-14,G0010,25.46802,86.93017,15.09,30.31,70.53,3.93,0.399,8.08,46.67,12.9,1,9.183048,15.09
2026-09-14,G0016,25.50405,86.57001,8.9,31.67,72.58,1.53,0.457,9.5,49.69,8.38,1,8.297964,8.9
2026-09-14,G0009,25.46802,86.89015,13.64,30.11,69.42,2.19,0.437,14.01,46.3,16.0,1,11.84828,13.64
2026-09-14,G0007,25.46802,86.81011,7.59,30.69,72.14,2.82,0.497,16.12,49.9,12.45,1,10.972305,7.59
2026-09-14,G0006,25.46802,86.7701,21.59,33.14,77.53,2.7,0.429,18.86,44.04,17.9,1,15.462357,21.59
2026-09-14,G0005,25.46802,86.73008,11.54,31.81,71.64,6.75,0.419,17.26,45.19,9.11,1,12.873719,11.54
2026-09-14,G0004,25.46802,86.69006,10.08,32.45,77.61,2.41,0.422,16.33,42.84,13.74,1,12.529827,10.08
2026-09-14,G0003,25.46802,86.65004,13.28,32.79,79.7,1.93,0.41,18.27,46.31,12.72,1,14.811188,13.28
2026-09-14,G0002,25.46802,86.61003,15.3,32.41,66.41,2.83,0.438,23.84,46.31,23.89,1,15.646216,15.3
2026-09-14,G0008,25.46802,86.85013,10.64,31.0,67.74,4.46,0.529,13.3,46.17,15.95,1,11.552112,10.64
2026-09-14,G0035,25.54009,86.73008,14.95,30.2,68.31,3.7,0.496,18.04,48.66,13.25,1,13.410162,14.95
2026-09-14,G0017,25.50405,86.61003,16.08,30.04,74.18,4.41,0.421,18.09,47.95,13.15,1,14.30236,16.08
2026-09-14,G0019,25.50405,86.69006,19.08,30.34,69.62,3.29,0.455,20.1,48.33,19.55,1,16.399364,19.08
2026-09-14,G0033,25.54009,86.65004,14.38,31.94,67.38,3.69,0.492,11.44,48.23,8.89,1,10.690406,14.38
2026-09-14,G0032,25.54009,86.61003,18.55,31.24,77.78,4.55,0.4,14.45,46.93,15.11,1,13.61479,18.55
2026-09-14,G0031,25.54009,86.57001,8.48,30.32,77.7,2.62,0.411,1.88,46.72,6.49,1,3.9733324,8.48
2026-09-14,G0030,25.50405,87.13012,12.62,32.52,76.8,3.59,0.371,19.24,50.69,15.12,1,14.952908,12.62
2026-09-14,G0029,25.50405,87.09024,12.49,31.64,73.13,4.03,0.371,12.1,49.36,10.41,1,10.938703,12.49
2026-09-14,G0028,25.50405,87.05022,16.85,31.78,87.21,3.69,0.428,16.52,47.03,10.65,1,13.689244,16.85
2026-09-14,G0018,25.50405,86.65004,16.58,32.51,70.79,2.53,0.392,18.93,48.05,19.74,1,15.519045,16.58
2026-09-14,G0027,25.50405,87.0102,16.58,33.59,75.05,1.48,0.412,14.0,48.55,9.16,1,11.96159,16.58
2026-09-14,G0025,25.50405,86.93017,11.32,31.43,72.44,4.15,0.37,13.37,47.94,9.51,1,10.741551,11.32
2026-09-14,G0024,25.50405,86.89015,16.73,30.31,75.58,2.2,0.434,14.34,46.97,10.79,1,12.474751,16.73
2026-09-14,G0023,25.50405,86.85013,13.5,32.56,73.75,3.41,0.395,15.13,50.02,12.59,1,12.492725,13.5
2026-09-14,G0022,25.50405,86.81011,19.96,34.65,79.51,5.01,0.408,17.58,48.63,10.13,1,16.018795,19.96
2026-09-14,G0021,25.50405,86.7701,19.77,31.65,80.98,6.23,0.386,13.64,49.33,17.3,1,13.595394,19.77
2026-09-14,G0020,25.50405,86.73008,10.54,31.71,77.16,2.71,0.418,11.56,50.09,7.87,1,9.620405,10.54
2026-09-14,G0026,25.50405,86.97018,14.61,33.64,83.28,4.49,0.502,13.1,46.61,14.99,1,11.788641,14.61
2026-09-14,G0071,25.61216,86.97018,31.85,31.57,74.46,2.91,0.359,9.43,52.04,11.73,1,11.466464,31.85
2026-09-14,G0001,25.46802,86.57001,17.45,33.13,80.36,3.2,0.438,19.31,45.37,16.11,1,14.939865,17.45
2026-09-14,G0073,25.61216,87.05022,5.02,34.8,80.92,3.32,0.405,0.5,50.64,6.66,1,4.6796656,5.02
2026-09-14,G0123,25.75631,86.65004,6.21,30.8,80.25,2.76,0.387,19.2,57.41,19.68,1,13.368036,6.21
2026-09-14,G0122,25.75631,86.61003,16.62,33.45,70.58,5.2,0.443,17.6,61.08,19.23,1,14.930313,16.62
2026-09-14,G0121,25.75631,86.57001,18.91,27.52,72.42,4.38,0.413,4.01,60.94,6.3,1,7.6532774,18.91
2026-09-14,G0120,25.72027,87.13012,19.17,30.35,69.25,2.6,0.461,8.04,55.31,9.19,1,10.108891,19.17
2026-09-14,G0119,25.72027,87.09024,13.18,31.43,74.75,4.4,0.447,18.57,54.6,18.24,1,13.456704,13.18
2026-09-14,G0118,25.72027,87.05022,10.13,32.9,73.54,1.87,0.399,15.06,59.11,7.54,1,11.495899,10.13
2026-09-14,G0072,25.61216,87.0102,18.53,30.05,71.17,3.46,0.459,8.82,51.7,12.37,1,10.42649,18.53
2026-09-14,G0117,25.72027,87.0102,16.82,31.41,82.89,2.15,0.401,6.02,58.69,9.49,1,9.4994955,16.82
2026-09-14,G0115,25.72027,86.93017,16.29,29.12,76.57,2.56,0.394,5.93,52.66,4.12,1,8.241775,16.29
2026-09-14,G0114,25.72027,86.89015,9.88,34.14,73.33,4.3,0.351,6.49,58.55,7.05,1,7.008103,9.88
2026-09-14,G0113,25.72027,86.85013,12.69,30.81,82.95,4.41,0.448,9.21,56.31,7.98,1,10.247409,12.69
2026-09-14,G0112,25.72027,86.81011,16.04,34.09,68.98,3.05,0.415,13.59,61.16,6.82,1,12.64709,16.04
2026-09-14,G0111,25.72027,86.7701,9.67,31.2,68.43,4.21,0.449,17.24,56.8,12.16,1,12.459679,9.67
2026-09-14,G0110,25.72027,86.73008,15.69,28.0,74.99,2.71,0.49,13.01,58.7,11.81,1,11.640496,15.69
2026-09-14,G0116,25.72027,86.97018,11.09,31.84,73.1,2.12,0.473,8.87,59.01,9.94,1,8.319429,11.09
2026-09-14,G0109,25.72027,86.69006,15.23,32.27,72.43,2.8,0.396,13.36,59.09,6.41,1,11.996276,15.23
2026-09-14,G0125,25.75631,86.73008,11.81,30.7,65.66,3.77,0.347,15.19,61.6,12.56,1,11.403486,11.81
2026-09-14,G0127,25.75631,86.81011,19.41,31.05,74.41,3.23,0.507,11.69,58.18,11.94,1,11.79515,19.41
2026-09-14,G0141,25.79234,86.7701,14.36,29.94,71.1,3.94,0.408,16.14,63.71,10.26,1,13.433826,14.36
2026-09-14,G0140,25.79234,86.73008,10.62,31.66,74.71,4.45,0.403,1.77,60.7,4.78,1,4.093494,10.62
2026-09-14,G0139,25.79234,86.69006,11.0,30.92,63.01,4.36,0.443,9.7,58.81,5.24,1,9.878982,11.0
2026-09-14,G0138,25.79234,86.65004,7.04,32.74,91.02,2.67,0.427,6.26,61.82,8.37,1,5.906443,7.04
2026-09-14,G0137,25.79234,86.61003,21.75,30.33,62.16,5.05,0.459,9.32,58.91,9.39,1,12.523162,21.75
2026-09-14,G0136,25.79234,86.57001,14.91,29.47,74.91,3.7,0.41,21.73,60.76,19.15,1,17.795172,14.91
2026-09-14,G0126,25.75631,86.7701,19.12,30.99,83.54,2.31,0.424,12.24,55.78,17.01,1,13.248742,19.12
2026-09-14,G0135,25.75631,87.13012,10.97,28.59,77.32,5.23,0.446,11.49,60.31,15.5,1,10.483321,10.97
2026-09-14,G0133,25.75631,87.05022,9.39,30.88,69.78,5.81,0.412,7.42,58.88,13.39,1,6.2276287,9.39
2026-09-14,G0132,25.75631,87.0102,6.29,30.71,72.77,3.64,0.466,11.25,57.36,10.97,1,8.975099,6.29
2026-09-14,G0131,25.75631,86.97018,12.9,29.28,70.73,1.02,0.438,9.26,57.04,9.23,1,9.760919,12.9
2026-09-14,G0130,25.75631,86.93017,12.89,32.0,71.72,4.15,0.483,6.84,59.45,7.25,1,7.2560554,12.89
2026-09-14,G0129,25.75631,86.89015,15.3,33.22,75.66,4.86,0.36,11.66,59.37,10.2,1,11.378336,15.3
2026-09-14,G0128,25.75631,86.85013,15.1,31.87,72.14,4.09,0.438,6.57,56.15,10.26,1,8.070474,15.1
2026-09-14,G0134,25.75631,87.09024,13.77,29.78,72.61,4.99,0.395,9.66,58.85,9.08,1,9.47225,13.77
2026-09-14,G0108,25.72027,86.65004,18.24,32.83,71.04,5.97,0.348,9.17,60.21,10.23,1,10.733311,18.24
2026-09-14,G0124,25.75631,86.69006,5.3,33.29,84.24,5.27,0.421,18.68,62.92,17.76,1,12.810553,5.3
2026-09-14,G0106,25.72027,86.57001,14.8,31.26,72.15,3.65,0.325,13.83,55.7,13.78,1,12.1655655,14.8
2026-09-14,G0087,25.6482,87.0102,8.86,32.94,77.99,2.97,0.431,14.2,54.25,8.7,1,11.043258,8.86
2026-09-14,G0086,25.6482,86.97018,9.61,31.0,81.03,2.19,0.447,9.6,55.11,8.12,1,9.670734,9.61
2026-09-14,G0085,25.6482,86.93017,16.19,30.66,70.57,1.75,0.367,7.08,54.19,4.47,1,8.26875,16.19
2026-09-14,G0084,25.6482,86.89015,11.27,30.44,75.4,3.34,0.391,11.33,58.02,8.52,1,10.193045,11.27
2026-09-14,G0083,25.6482,86.85013,8.07,30.03,76.16,1.61,0.421,13.49,51.21,8.64,1,10.635993,8.07
2026-09-14,G0081,25.6482,86.7701,12.11,31.99,70.81,3.39,0.446,14.13,52.91,4.66,1,11.302385,12.11
2026-09-14,G0088,25.6482,87.05022,14.09,30.15,77.11,4.97,0.471,10.47,49.35,10.01,1,10.537818,14.09
2026-09-14,G0080,25.6482,86.73008,6.73,31.07,75.56,2.02,0.407,12.42,57.06,14.07,1,9.891326,6.73
2026-09-14,G0078,25.6482,86.65004,16.19,30.29,63.63,3.18,0.373,16.19,53.44,15.16,1,13.052109,16.19
2026-09-14,G0077,25.6482,86.61003,18.35,32.03,73.51,2.55,0.395,13.82,52.86,10.59,1,12.62374,18.35
2026-09-14,G0076,25.6482,86.57001,17.46,32.7,67.65,3.24,0.471,12.03,51.43,8.84,1,12.277786,17.46
2026-09-14,G0075,25.61216,87.13012,15.03,31.18,77.13,2.25,0.438,13.67,48.86,10.17,1,12.216745,15.03
2026-09-14,G0074,25.61216,87.09024,11.18,31.19,73.38,5.18,0.434,11.22,51.82,12.29,1,9.988889,11.18
2026-09-14,G0107,25.72027,86.61003,15.3,31.76,73.96,3.1,0.422,16.89,55.11,15.17,1,13.749154,15.3
2026-09-14,G0079,25.6482,86.69006,11.94,31.7,79.13,3.06,0.43,11.41,57.5,11.49,1,10.368003,11.94
2026-09-14,G0089,25.6482,87.09024,16.85,30.07,78.77,5.13,0.418,21.59,57.45,19.32,1,18.51943,16.85
2026-09-14,G0082,25.6482,86.81011,15.95,32.4,80.28,3.9,0.422,15.44,57.51,16.41,1,13.51806,15.95
2026-09-14,G0091,25.68423,86.57001,10.97,33.02,71.44,4.23,0.338,12.81,60.85,10.61,1,9.898265,10.97
2026-09-14,G0090,25.6482,87.13012,14.64,32.21,76.3,4.04,0.42,19.55,53.1,19.11,1,15.169836,14.64
2026-09-14,G0104,25.68423,87.09024,20.25,31.87,73.94,3.56,0.404,10.91,56.08,17.26,1,12.004622,20.25
2026-09-14,G0103,25.68423,87.05022,18.96,32.93,75.0,3.94,0.398,6.48,57.58,9.38,1,8.380879,18.96
2026-09-14,G0102,25.68423,87.0102,8.8,30.02,74.62,4.61,0.465,11.34,56.12,11.8,1,9.455824,8.8
2026-09-14,G0101,25.68423,86.97018,9.28,31.8,85.22,2.69,0.453,5.88,56.05,5.4,1,6.463112,9.28
2026-09-14,G0100,25.68423,86.93017,13.95,32.38,63.39,4.35,0.455,12.84,52.98,13.03,1,11.198615,13.95
2026-09-14,G0099,25.68423,86.89015,14.82,30.49,75.13,0.63,0.43,9.67,56.74,15.81,1,10.287056,14.82
2026-09-14,G0105,25.68423,87.13012,17.25,32.84,72.64,3.31,0.447,15.71,55.78,16.36,1,13.640962,17.25
2026-09-14,G0097,25.68423,86.81011,13.56,29.49,82.32,2.74,0.452,1.53,56.73,0.0,0,5.681794,13.56
2026-09-14,G0096,25.68423,86.7701,13.78,31.04,83.0,2.46,0.461,11.28,55.53,14.32,1,10.94123,13.78
2026-09-14,G0095,25.68423,86.73008,19.98,32.52,76.69,3.6,0.391,1.97,58.76,7.85,1,7.1900454,19.98
2026-09-14,G0094,25.68423,86.69006,18.53,30.2,67.83,3.54,0.497,13.08,58.0,15.35,1,12.446948,18.53
2026-09-14,G0093,25.68423,86.65004,17.32,29.52,71.43,0.27,0.342,18.28,54.76,14.3,1,15.164187,17.32
2026-09-14,G0092,25.68423,86.61003,10.0,31.6,67.5,4.29,0.439,8.01,51.93,10.96,1,7.8047986,10.0
2026-09-14,G0098,25.68423,86.85013,17.3,32.2,76.17,3.7,0.475,4.49,54.27,7.42,1,7.7527146,17.3
2026-09-15,G0194,25.90045,87.09024,15.11,31.29,78.61,3.16,0.361,13.95,67.08,11.9,1,12.567295,15.11
2026-09-15,G0193,25.90045,87.05022,6.33,30.91,72.32,3.45,0.472,13.68,64.36,7.81,1,10.649886,6.33
2026-09-15,G0192,25.90045,87.0102,15.98,32.7,79.14,2.29,0.473,13.69,63.73,8.98,1,12.795381,15.98
2026-09-15,G0191,25.90045,86.97018,10.27,31.85,75.65,5.32,0.455,15.0,66.49,12.96,1,11.772044,10.27
2026-09-15,G0190,25.90045,86.93017,7.58,32.64,80.4,4.46,0.404,8.05,64.71,9.3,1,7.430762,7.58
2026-09-15,G0189,25.90045,86.89015,13.25,33.75,73.63,5.79,0.408,10.86,70.38,4.92,1,9.816602,13.25
2026-09-15,G0185,25.90045,86.73008,6.9,31.53,76.98,5.02,0.366,21.38,65.41,11.28,1,14.879719,6.9
2026-09-15,G0187,25.90045,86.81011,4.8,32.71,72.26,3.14,0.326,3.48,67.09,12.17,1,4.6459193,4.8
2026-09-15,G0186,25.90045,86.7701,13.45,31.12,63.69,3.59,0.467,14.21,65.77,16.42,1,11.793113,13.45
2026-09-15,G0184,25.90045,86.69006,13.11,30.37,75.78,2.34,0.454,13.92,70.06,13.7,1,12.17829,13.11
2026-09-15,G0183,25.90045,86.65004,8.75,27.07,73.95,3.19,0.444,10.19,66.38,9.64,1,8.940057,8.75
2026-09-15,G0182,25.90045,86.61003,11.04,31.22,73.27,4.53,0.426,12.93,66.19,12.43,1,10.781059,11.04
2026-09-15,G0195,25.90045,87.13012,10.07,30.66,68.69,4.93,0.41,6.54,65.7,10.9,1,6.769258,10.07
2026-09-15,G0188,25.90045,86.85013,20.15,30.37,73.95,5.39,0.492,3.86,65.88,13.85,1,8.800017,20.15
2026-09-15,G0196,25.93649,86.57001,10.71,33.39,73.52,5.23,0.404,17.8,67.25,20.11,1,14.2224455,10.71
2026-09-15,G0213,25.97252,86.65004,16.23,31.19,75.43,2.5,0.455,17.36,73.9,17.4,1,13.911886,16.23
2026-09-15,G0198,25.93649,86.65004,12.59,29.99,77.67,5.43,0.357,13.75,71.57,13.49,1,11.894404,12.59
2026-09-15,G0212,25.97252,86.61003,11.13,29.45,67.48,5.16,0.42,15.72,65.63,13.16,1,12.136463,11.13
2026-09-15,G0211,25.97252,86.57001,13.5,27.75,74.62,3.62,0.478,16.66,68.08,16.89,1,14.214875,13.5
2026-09-15,G0210,25.93649,87.13012,18.37,32.29,67.1,5.42,0.425,13.83,68.64,13.75,1,13.135684,18.37
2026-09-15,G0209,25.93649,87.09024,6.84,32.26,71.49,3.56,0.49,14.27,69.56,12.17,1,10.004971,6.84
2026-09-15,G0208,25.93649,87.05022,10.52,31.03,75.31,4.22,0.46,8.6,66.02,8.79,1,8.037803,10.52
2026-09-15,G0207,25.93649,87.0102,12.2,31.69,68.5,3.1,0.498,11.25,70.27,12.1,1,10.117599,12.2
2026-09-15,G0197,25.93649,86.61003,10.98,30.66,75.97,5.03,0.398,10.38,68.81,11.43,1,10.310488,10.98
2026-09-15,G0206,25.93649,86.97018,6.76,30.63,71.31,5.1,0.42,16.32,67.72,10.09,1,12.510838,6.76
2026-09-15,G0204,25.93649,86.89015,13.16,33.35,74.94,4.9,0.427,13.94,67.21,9.1,1,12.399296,13.16
2026-09-15,G0203,25.93649,86.85013,8.81,31.71,68.86,5.63,0.451,10.73,66.32,5.8,1,8.343799,8.81
2026-09-15,G0202,25.93649,86.81011,4.0,30.25,73.67,5.32,0.455,17.0,67.03,13.54,1,11.522516,4.0
2026-09-15,G0201,25.93649,86.7701,4.06,31.66,80.96,3.19,0.422,13.99,69.45,6.35,1,10.822202,4.06
2026-09-15,G0200,25.93649,86.73008,15.75,32.48,73.37,5.59,0.404,13.37,65.32,9.8,1,12.246809,15.75
2026-09-15,G0199,25.93649,86.69006,12.37,31.89,84.55,3.57,0.397,10.93,67.16,4.88,1,11.141376,12.37
2026-09-15,G0205,25.93649,86.93017,11.94,31.26,79.1,2.94,0.388,7.9,68.75,9.47,1,8.82786,11.94
2026-09-15,G0181,25.90045,86.57001,12.09,31.42,66.43,3.16,0.523,9.79,65.52,11.52,1,9.484013,12.09
2026-09-15,G0146,25.79234,86.97018,13.88,31.41,73.04,2.79,0.378,13.19,61.95,12.08,1,11.556492,13.88
2026-09-15,G0179,25.86441,87.09024,5.81,30.39,81.04,2.45,0.458,17.13,63.08,9.6,1,11.41457,5.81
2026-09-15,G0159,25.82838,86.89015,6.69,31.07,76.41,4.29,0.485,6.82,62.4,9.92,1,6.5710196,6.69
2026-09-15,G0158,25.82838,86.85013,19.8,29.76,78.26,1.07,0.418,13.03,63.72,15.57,1,13.435647,19.8
2026-09-15,G0157,25.82838,86.81011,8.71,29.18,72.5,2.68,0.436,12.96,63.85,7.24,1,9.727903,8.71
2026-09-15,G0156,25.82838,86.7701,13.84,31.63,80.26,3.36,0.414,10.66,63.58,10.63,1,10.512537,13.84
2026-09-15,G0155,25.82838,86.73008,15.14,31.62,76.69,4.08,0.374,13.67,61.29,11.87,1,12.620216,15.14
2026-09-15,G0154,25.82838,86.69006,7.67,30.63,76.24,1.69,0.521,16.18,58.86,14.39,1,10.915436,7.67
2026-09-15,G0160,25.82838,86.93017,5.93,32.29,70.43,2.65,0.469,5.25,62.48,1.55,1,5.7174525,5.93
2026-09-15,G0153,25.82838,86.65004,21.27,32.01,75.81,2.16,0.418,16.1,61.6,13.21,1,15.552513,21.27
2026-09-15,G0151,25.82838,86.57001,15.59,31.69,84.36,4.03,0.531,3.22,61.55,9.6,1,8.589648,15.59
2026-09-15,G0150,25.79234,87.13012,11.65,29.44,88.25,6.19,0.382,16.17,62.45,15.49,1,13.31931,11.65
2026-09-15,G0149,25.79234,87.09024,15.34,30.45,73.81,3.32,0.44,14.41,60.23,14.14,1,12.555407,15.34
2026-09-15,G0148,25.79234,87.05022,16.1,31.73,84.09,4.44,0.431,10.35,60.16,10.49,1,11.510177,16.1
2026-09-15,G0147,25.79234,87.0102,12.15,35.63,74.35,3.27,0.442,13.09,59.48,14.03,1,12.276968,12.15
2026-09-15,G0214,25.97252,86.69006,16.41,30.88,73.74,3.28,0.395,22.5,66.53,20.56,1,16.296928,16.41
2026-09-15,G0152,25.82838,86.61003,15.5,30.67,69.56,3.37,0.362,11.13,59.85,6.99,1,10.962274,15.5
2026-09-15,G0161,25.82838,86.97018,15.15,30.85,79.13,2.56,0.441,15.6,67.57,11.45,1,13.609231,15.15
2026-09-15,G0162,25.82838,87.0102,5.54,32.94,70.37,4.27,0.493,11.86,61.45,7.76,1,9.170487,5.54
2026-09-15,G0163,25.82838,87.05022,6.23,30.77,76.07,5.9,0.503,6.14,60.95,8.16,1,5.896687,6.23
2026-09-15,G0178,25.86441,87.05022,9.46,31.83,66.84,3.63,0.426,9.39,64.89,4.77,1,8.080227,9.46
2026-09-15,G0177,25.86441,87.0102,18.4,31.33,74.97,5.22,0.395,11.97,60.04,11.92,1,11.9310255,18.4
2026-09-15,G0176,25.86441,86.97018,11.52,30.51,60.33,3.3,0.491,7.68,62.96,9.68,1,7.8866444,11.52
2026-09-15,G0175,25.86441,86.93017,10.26,31.28,69.74,5.13,0.415,8.4,65.0,12.34,1,7.837822,10.26
2026-09-15,G0174,25.86441,86.89015,16.96,31.39,80.06,1.69,0.479,9.52,61.68,9.02,1,10.686105,16.96
2026-09-15,G0173,25.86441,86.85013,11.75,31.94,78.45,4.13,0.444,10.67,65.15,12.02,1,9.865233,11.75
2026-09-15,G0172,25.86441,86.81011,4.41,30.55,73.62,1.4,0.503,7.43,59.29,2.93,1,6.6525354,4.41
2026-09-15,G0171,25.86441,86.7701,9.63,31.72,67.08,4.88,0.363,13.99,64.28,8.44,1,11.328522,9.63
2026-09-15,G0170,25.86441,86.73008,5.13,30.29,72.44,4.75,0.377,8.04,64.09,9.51,1,7.5034695,5.13
2026-09-15,G0169,25.86441,86.69006,15.09,30.59,71.21,5.3,0.423,9.54,61.68,7.6,1,9.9946,15.09
2026-09-15,G0168,25.86441,86.65004,15.77,31.63,81.81,4.47,0.465,14.02,63.57,10.5,1,13.275618,15.77
2026-09-15,G0167,25.86441,86.61003,11.74,31.04,67.68,2.49,0.483,13.29,67.25,11.43,1,10.638165,11.74
2026-09-15,G0166,25.86441,86.57001,15.0,32.07,74.98,2.01,0.389,17.9,65.48,6.85,1,15.03562,15.0
2026-09-15,G0165,25.82838,87.13012,10.94,32.18,88.24,5.35,0.469,9.37,64.26,3.85,1,8.947822,10.94
2026-09-15,G0164,25.82838,87.09024,15.23,33.52,80.55,2.03,0.465,8.5,68.42,13.54,1,10.037984,15.23
2026-09-15,G0180,25.86441,87.13012,13.21,31.55,76.39,3.0,0.372,12.99,65.98,9.9,1,11.314062,13.21
2026-09-15,G0215,25.97252,86.73008,14.13,30.5,74.22,2.45,0.4,17.77,70.25,15.57,1,13.394613,14.13
2026-09-15,G0250,26.04459,86.93017,9.16,30.15,80.82,2.68,0.46,7.88,73.43,11.39,1,7.5451026,9.16
2026-09-15,G0217,25.97252,86.81011,14.52,31.58,75.41,4.29,0.371,9.06,64.05,10.92,1,9.573978,14.52
2026-09-15,G0268,26.08063,87.05022,10.45,30.96,72.84,3.3,0.461,13.46,78.75,7.01,1,11.216502,10.45
2026-09-15,G0267,26.08063,87.0102,12.48,31.09,71.86,2.71,0.407,11.05,72.35,13.54,1,9.208366,12.48
2026-09-15,G0266,26.08063,86.97018,10.92,30.82,73.52,2.83,0.472,7.93,71.93,6.42,1,7.9887466,10.92
2026-09-15,G0265,26.08063,86.93017,3.38,30.77,77.22,1.99,0.442,19.54,74.02,15.59,1,10.601876,3.38
2026-09-15,G0264,26.08063,86.89015,17.5,31.95,77.87,3.26,0.408,12.53,74.17,16.38,1,12.408082,17.5
2026-09-15,G0263,26.08063,86.85013,14.08,29.43,73.09,4.79,0.409,16.36,77.59,10.11,1,12.885786,14.08
2026-09-15,G0269,26.08063,87.09024,13.83,31.43,77.88,3.28,0.441,16.93,77.02,14.1,1,14.084635,13.83
2026-09-15,G0262,26.08063,86.81011,17.73,28.89,81.03,2.97,0.432,10.32,73.29,12.97,1,10.477492,17.73
2026-09-15,G0260,26.08063,86.73008,13.3,31.93,74.55,3.78,0.465,18.68,75.05,13.46,1,14.082972,13.3
2026-09-15,G0259,26.08063,86.69006,9.3,29.67,72.87,4.79,0.393,17.47,70.48,12.6,1,13.67236,9.3
2026-09-15,G0258,26.08063,86.65004,11.03,29.15,78.21,2.69,0.367,20.62,76.01,12.35,1,15.842508,11.03
2026-09-15,G0257,26.08063,86.61003,15.5,31.93,67.92,5.06,0.44,16.23,72.29,6.94,1,13.650456,15.5
2026-09-15,G0256,26.08063,86.57001,19.9,30.22,77.27,2.65,0.476,15.52,73.65,9.24,1,14.688339,19.9
2026-09-15,G0255,26.04459,87.13012,12.25,31.82,64.96,2.42,0.437,15.5,75.13,12.81,1,12.109883,12.25
2026-09-15,G0261,26.08063,86.7701,13.98,30.26,79.24,3.24,0.364,20.14,73.99,13.44,1,15.950659,13.98
2026-09-15,G0254,26.04459,87.09024,13.73,33.29,72.38,3.66,0.481,17.15,70.66,10.67,1,12.741097,13.73
2026-09-15,G0270,26.08063,87.13012,10.26,30.36,73.91,4.46,0.428,17.92,72.55,13.27,1,12.810334,10.26
2026-09-15,G0272,26.09932,86.61003,9.65,29.57,75.15,5.08,0.334,22.8,73.94,15.29,1,14.418439,9.65
2026-09-15,G0145,25.79234,86.93017,6.01,33.72,74.88,2.95,0.374,7.67,63.15,8.7,1,6.385125,6.01
2026-09-15,G0285,26.09932,87.13012,9.33,30.51,74.89,2.9,0.478,19.25,75.34,8.47,1,12.759163,9.33
2026-09-15,G0284,26.09932,87.09024,6.01,32.52,80.6,1.86,0.391,17.76,74.82,11.63,1,13.587763,6.01
2026-09-15,G0283,26.09932,87.05022,15.79,32.62,76.84,3.86,0.405,20.42,74.01,12.5,1,16.15713,15.79
2026-09-15,G0282,26.09932,87.0102,6.89,33.67,72.11,4.85,0.45,11.44,75.21,12.31,1,8.611922,6.89
2026-09-15,G0281,26.09932,86.97018,11.01,30.87,67.29,5.62,0.45,13.95,78.69,10.05,1,10.734863,11.01
2026-09-15,G0271,26.09932,86.57001,17.89,30.33,81.73,3.54,0.428,10.36,72.02,15.33,1,11.54731,17.89
2026-09-15,G0280,26.09932,86.93017,19.58,31.04,81.8,4.89,0.359,12.08,72.93,14.58,1,12.370028,19.58
2026-09-15,G0278,26.09932,86.85013,19.4,31.65,78.43,4.88,0.424,19.76,76.78,16.79,1,16.936289,19.4
2026-09-15,G0277,26.09932,86.81011,9.27,30.07,68.24,4.46,0.439,18.66,75.98,7.51,1,12.395537,9.27
2026-09-15,G0276,26.09932,86.7701,20.44,30.94,77.13,4.68,0.458,19.19,72.71,15.84,1,16.556343,20.44
2026-09-15,G0275,26.09932,86.73008,17.11,32.04,61.79,3.28,0.449,19.19,76.43,7.9,1,16.143755,17.11
2026-09-15,G0274,26.09932,86.69006,10.03,29.1,68.49,4.56,0.479,17.44,72.86,12.2,1,13.135679,10.03
2026-09-15,G0273,26.09932,86.65004,17.52,33.36,77.42,3.38,0.401,20.44,75.39,15.55,1,16.114027,17.52
2026-09-15,G0279,26.09932,86.89015,14.7,29.65,77.46,1.74,0.453,15.11,72.15,7.46,1,12.941744,14.7
2026-09-15,G0216,25.97252,86.7701,15.19,32.09,74.36,3.68,0.413,9.1,69.54,10.0,1,9.735788,15.19
2026-09-15,G0253,26.04459,87.05022,18.54,30.71,75.51,3.6,0.427,19.33,71.42,15.34,1,15.726024,18.54
2026-09-15,G0251,26.04459,86.97018,17.73,30.46,76.22,3.3,0.404,19.53,72.54,15.77,1,14.703121,17.73
2026-09-15,G0231,26.00856,86.7701,5.56,28.98,72.85,2.53,0.446,19.87,68.98,18.52,1,13.538501,5.56
2026-09-15,G0230,26.00856,86.73008,17.1,31.11,74.12,4.91,0.501,15.84,69.22,7.33,1,14.1916,17.1
2026-09-15,G0229,26.00856,86.69006,11.44,32.26,78.37,4.17,0.412,19.71,69.29,14.27,1,15.818442,11.44
2026-09-15,G0228,26.00856,86.65004,10.59,31.33,76.23,2.97,0.437,19.93,71.33,15.16,1,15.248386,10.59
2026-09-15,G0227,26.00856,86.61003,9.41,29.08,64.99,3.84,0.436,10.48,73.17,12.9,1,8.657764,9.41
2026-09-15,G0226,26.00856,86.57001,16.97,31.83,75.77,3.63,0.447,17.58,73.85,12.3,1,14.747254,16.97
2026-09-15,G0232,26.00856,86.81011,9.25,31.56,70.63,3.01,0.376,15.41,70.54,8.46,1,11.0932,9.25
2026-09-15,G0225,25.97252,87.13012,12.34,29.95,83.92,5.75,0.478,21.46,70.68,15.56,1,16.117994,12.34
2026-09-15,G0223,25.97252,87.05022,16.63,29.91,77.24,3.78,0.446,13.26,67.34,15.41,1,12.369002,16.63
2026-09-15,G0222,25.97252,87.0102,14.51,30.81,77.54,1.94,0.388,9.13,66.14,12.13,1,9.816315,14.51
2026-09-15,G0221,25.97252,86.97018,11.21,29.4,82.95,1.73,0.513,14.67,67.58,6.19,1,11.283447,11.21
2026-09-15,G0220,25.97252,86.93017,10.6,33.93,75.7,3.89,0.436,14.52,68.91,12.72,1,12.983428,10.6
2026-09-15,G0219,25.97252,86.89015,13.32,32.03,67.3,3.79,0.468,20.48,73.08,15.92,1,13.905224,13.32
2026-09-15,G0218,25.97252,86.85013,14.32,29.06,82.36,1.55,0.43,12.42,70.81,12.89,1,11.476061,14.32
2026-09-15,G0224,25.97252,87.09024,18.63,31.47,71.54,3.19,0.439,20.42,65.91,12.9,1,16.871265,18.63
2026-09-15,G0252,26.04459,87.0102,11.03,30.16,73.27,4.28,0.404,20.46,74.43,16.98,1,15.112511,11.03
2026-09-15,G0233,26.00856,86.85013,11.52,31.21,73.81,4.87,0.426,16.39,71.14,13.77,1,13.457856,11.52
2026-09-15,G0235,26.00856,86.93017,14.83,32.95,73.77,2.96,0.464,20.81,73.51,15.48,1,15.404216,14.83
2026-09-15,G0249,26.04459,86.89015,24.04,31.26,74.31,3.31,0.56,11.76,70.5,10.88,1,12.911052,24.04
2026-09-15,G0248,26.04459,86.85013,9.4,32.95,74.81,1.85,0.424,14.57,74.0,13.13,1,11.436145,9.4
2026-09-15,G0247,26.04459,86.81011,6.0,31.58,66.4,4.34,0.399,19.96,72.71,14.0,1,13.232458,6.0
2026-09-15,G0246,26.04459,86.7701,9.23,29.86,74.64,1.64,0.417,5.07,76.18,4.97,1,6.667381,9.23
2026-09-15,G0245,26.04459,86.73008,13.17,30.97,77.67,3.26,0.429,17.42,73.86,10.88,1,13.19423,13.17
2026-09-15,G0244,26.04459,86.69006,23.0,31.11,70.7,4.71,0.388,12.99,75.39,8.83,1,13.425391,23.0
2026-09-15,G0234,26.00856,86.89015,10.21,28.89,79.29,3.57,0.489,6.62,71.17,13.34,1,8.377121,10.21
2026-09-15,G0243,26.04459,86.65004,9.24,32.29,69.71,3.96,0.359,20.85,72.57,18.52,1,15.586879,9.24
2026-09-15,G0241,26.04459,86.57001,11.27,32.34,74.31,3.43,0.458,17.71,72.11,11.34,1,14.371934,11.27
2026-09-15,G0240,26.00856,87.13012,10.51,32.3,75.59,4.31,0.382,24.14,70.23,17.25,1,17.037788,10.51
2026-09-15,G0239,26.00856,87.09024,6.49,31.87,74.21,2.9,0.401,21.55,71.49,13.43,1,14.182552,6.49
2026-09-15,G0238,26.00856,87.05022,13.46,31.53,73.69,3.97,0.374,16.67,70.37,19.24,1,13.483859,13.46
2026-09-15,G0237,26.00856,87.0102,11.37,29.82,85.79,4.48,0.377,11.67,71.1,7.19,1,9.707488,11.37
2026-09-15,G0236,26.00856,86.97018,15.02,30.12,67.23,3.4,0.382,7.5,71.27,7.25,1,8.201299,15.02
2026-09-15,G0242,26.04459,86.61003,7.09,30.04,82.81,2.53,0.407,14.85,69.0,16.75,1,10.957897,7.09
2026-09-15,G0144,25.79234,86.89015,8.92,30.3,66.66,4.52,0.44,6.4,61.8,5.08,1,6.504662,8.92
2026-09-15,G0143,25.79234,86.85013,11.96,33.71,70.88,3.09,0.411,9.41,64.16,9.57,1,8.334976,11.96
2026-09-15,G0142,25.79234,86.81011,13.95,34.81,74.07,3.77,0.395,10.01,60.2,11.68,1,9.784919,13.95
2026-09-15,G0051,25.57613,86.7701,10.75,30.31,65.46,2.1,0.453,17.5,53.29,17.87,1,13.12886,10.75
2026-09-15,G0050,25.57613,86.73008,20.23,31.27,70.35,3.95,0.484,8.96,51.96,12.29,1,11.824854,20.23
2026-09-15,G0049,25.57613,86.69006,12.02,31.01,76.7,4.4,0.464,9.41,46.0,10.79,1,9.725612,12.02
2026-09-15,G0048,25.57613,86.65004,14.95,31.72,79.29,3.79,0.379,12.33,53.75,12.38,1,11.483647,14.95
2026-09-15,G0047,25.57613,86.61003,16.78,30.55,74.64,3.67,0.42,11.49,48.5,11.52,1,11.0432415,16.78
2026-09-15,G0046,25.57613,86.57001,10.93,34.19,68.2,3.43,0.437,17.22,52.47,15.66,1,12.14353,10.93
2026-09-15,G0052,25.57613,86.81011,13.89,31.92,75.92,3.52,0.435,12.85,50.37,10.28,1,11.646563,13.89
2026-09-15,G0045,25.54009,87.13012,9.02,31.71,78.05,3.33,0.389,13.81,46.54,13.32,1,10.8384285,9.02
2026-09-15,G0043,25.54009,87.05022,9.17,30.99,72.34,4.62,0.479,12.07,48.77,9.1,1,10.117603,9.17
2026-09-15,G0042,25.54009,87.0102,16.84,30.97,70.49,3.3,0.392,15.82,46.19,8.23,1,13.707168,16.84
2026-09-15,G0041,25.54009,86.97018,14.63,33.36,66.24,3.17,0.458,20.37,53.84,10.29,1,15.762109,14.63
2026-09-15,G0040,25.54009,86.93017,5.76,32.35,74.35,0.57,0.471,15.23,52.43,11.7,1,10.288525,5.76
2026-09-15,G0039,25.54009,86.89015,11.33,31.39,74.17,4.45,0.426,13.82,49.1,9.53,1,11.093948,11.33
2026-09-15,G0038,25.54009,86.85013,11.23,32.3,82.68,3.9,0.385,10.44,52.24,14.38,1,10.4971,11.23
2026-09-15,G0044,25.54009,87.09024,14.95,31.96,86.99,4.22,0.432,14.38,49.62,17.86,1,12.465847,14.95
2026-09-15,G0037,25.54009,86.81011,8.13,33.29,77.52,4.02,0.381,11.09,49.4,8.53,1,9.031906,8.13
2026-09-15,G0053,25.57613,86.85013,10.71,32.54,67.5,2.84,0.464,20.07,51.34,10.87,1,14.528542,10.71
2026-09-15,G0055,25.57613,86.93017,15.73,29.92,74.27,4.28,0.425,12.09,51.92,12.77,1,11.048021,15.73
2026-09-15,G0069,25.61216,86.89015,16.68,30.03,83.32,2.77,0.487,9.65,55.31,9.51,1,11.35143,16.68
2026-09-15,G0068,25.61216,86.85013,11.53,30.53,71.54,1.25,0.396,10.79,51.67,6.84,1,9.575315,11.53
2026-09-15,G0067,25.61216,86.81011,11.25,30.38,75.87,4.12,0.434,17.0,50.02,17.14,1,12.582981,11.25
2026-09-15,G0066,25.61216,86.7701,14.15,30.55,70.46,4.78,0.489,8.79,53.42,6.01,1,9.157234,14.15
2026-09-15,G0065,25.61216,86.73008,9.6,29.83,81.45,3.38,0.478,11.32,53.2,10.53,1,9.8731985,9.6
2026-09-15,G0064,25.61216,86.69006,14.12,32.5,72.48,4.01,0.458,17.19,47.18,13.36,1,13.702508,14.12
2026-09-15,G0054,25.57613,86.89015,14.25,32.63,76.6,2.82,0.393,17.84,49.12,13.77,1,14.093112,14.25
2026-09-15,G0063,25.61216,86.65004,17.18,33.03,78.01,3.22,0.465,17.56,53.5,14.51,1,14.323353,17.18
2026-09-15,G0061,25.61216,86.57001,20.18,30.77,82.73,2.81,0.362,11.65,52.63,11.52,1,12.593446,20.18
2026-09-15,G0060,25.57613,87.13012,19.28,32.33,67.91,2.32,0.402,19.33,51.0,13.4,1,16.163671,19.28
2026-09-15,G0059,25.57613,87.09024,10.83,33.9,73.07,4.21,0.387,12.37,49.95,8.01,1,10.563555,10.83
2026-09-15,G0058,25.57613,87.05022,11.24,30.84,77.9,4.78,0.357,10.02,52.91,12.45,1,9.025282,11.24
2026-09-15,G0057,25.57613,87.0102,10.15,31.21,65.72,1.72,0.446,9.49,51.63,5.82,1,8.842332,10.15
2026-09-15,G0056,25.57613,86.97018,21.92,31.44,70.32,3.74,0.441,7.03,53.79,7.39,1,10.840876,21.92
2026-09-15,G0062,25.61216,86.61003,13.71,30.33,69.93,2.39,0.397,20.81,51.92,17.74,1,15.776668,13.71
2026-09-15,G0070,25.61216,86.93017,10.01,29.09,74.95,2.79,0.442,13.6,53.8,5.83,1,11.221792,10.01
2026-09-15,G0036,25.54009,86.7701,8.61,29.38,82.17,6.11,0.43,18.36,47.73,5.42,1,13.001113,8.61
2026-09-15,G0034,25.54009,86.69006,7.74,30.26,71.5,2.94,0.457,10.83,51.0,11.74,1,8.3851,7.74
2026-09-15,G0015,25.46802,87.13012,14.1,32.91,73.16,3.99,0.415,18.83,48.6,13.46,1,14.103352,14.1
2026-09-15,G0014,25.46802,87.09024,6.53,32.24,71.78,1.05,0.375,5.09,48.81,8.13,1,3.4414592,6.53
2026-09-15,G0013,25.46802,87.05022,11.43,32.57,73.14,5.33,0.422,10.42,43.8,10.83,1,9.823978,11.43
2026-09-15,G0012,25.46802,87.0102,11.22,30.4,65.78,4.71,0.474,8.07,44.81,8.77,1,8.422148,11.22
2026-09-15,G0011,25.46802,86.97018,13.44,31.76,79.41,5.2,0.456,5.38,47.13,5.23,1,6.92965,13.44
2026-09-15,G0010,25.46802,86.93017,18.27,27.97,73.15,2.57,0.417,8.64,47.2,9.68,1,9.877208,18.27
2026-09-15,G0016,25.50405,86.57001,11.73,32.39,69.75,3.75,0.444,12.68,51.89,12.95,1,10.926362,11.73
2026-09-15,G0009,25.46802,86.89015,17.92,33.38,85.26,4.69,0.391,15.56,41.22,13.03,1,14.431539,17.92
2026-09-15,G0007,25.46802,86.81011,8.32,32.14,71.02,4.58,0.412,13.97,45.86,11.74,1,10.650494,8.32
2026-09-15,G0006,25.46802,86.7701,21.19,33.55,68.03,3.97,0.409,19.98,47.28,16.55,1,16.490238,21.19
2026-09-15,G0005,25.46802,86.73008,11.64,32.39,70.21,3.04,0.425,15.14,47.29,8.3,1,12.205895,11.64
2026-09-15,G0004,25.46802,86.69006,10.34,31.52,68.39,3.21,0.395,23.27,46.78,10.42,1,15.299311,10.34
2026-09-15,G0003,25.46802,86.65004,15.43,29.94,72.89,3.86,0.476,14.87,47.42,12.0,1,12.613483,15.43
2026-09-15,G0002,25.46802,86.61003,21.0,34.04,74.5,2.51,0.405,24.13,44.24,20.97,1,19.04716,21.0
2026-09-15,G0008,25.46802,86.85013,10.27,30.84,75.55,2.51,0.462,17.91,42.13,12.51,1,13.320747,10.27
2026-09-15,G0035,25.54009,86.73008,7.0,31.26,74.55,4.09,0.472,6.63,48.56,4.11,1,5.8583965,7.0
2026-09-15,G0017,25.50405,86.61003,7.15,31.89,69.33,3.23,0.433,9.62,43.06,8.13,1,7.486491,7.15
2026-09-15,G0019,25.50405,86.69006,15.86,30.07,66.88,4.74,0.371,15.21,50.87,13.86,1,13.634463,15.86
2026-09-15,G0033,25.54009,86.65004,16.1,30.33,69.97,5.19,0.423,17.42,47.89,13.06,1,14.580433,16.1
2026-09-15,G0032,25.54009,86.61003,10.84,30.67,64.31,1.7,0.427,19.41,51.52,14.62,1,14.158628,10.84
2026-09-15,G0031,25.54009,86.57001,15.75,32.46,68.72,2.64,0.391,10.79,51.06,13.33,1,11.39566,15.75
2026-09-15,G0030,25.50405,87.13012,16.47,32.02,68.5,3.97,0.382,22.02,47.55,15.42,1,16.578863,16.47
2026-09-15,G0029,25.50405,87.09024,13.92,31.92,75.91,1.03,0.477,11.4,47.61,8.68,1,11.1014385,13.92
2026-09-15,G0028,25.50405,87.05022,14.01,31.95,67.88,0.24,0.478,9.71,45.95,10.62,1,7.5149612,14.01
2026-09-15,G0018,25.50405,86.65004,8.16,30.39,83.86,3.56,0.447,17.65,45.39,14.62,1,12.808269,8.16
2026-09-15,G0027,25.50405,87.0102,19.45,32.97,75.76,4.72,0.393,17.65,46.09,16.73,1,15.795492,19.45
2026-09-15,G0025,25.50405,86.93017,13.58,31.57,80.16,3.62,0.414,5.87,48.08,7.75,1,8.181424,13.58
2026-09-15,G0024,25.50405,86.89015,10.46,31.51,71.82,3.49,0.445,13.89,46.81,7.27,1,10.916333,10.46
2026-09-15,G0023,25.50405,86.85013,17.01,34.78,65.11,3.26,0.457,12.76,47.08,11.78,1,12.854403,17.01
2026-09-15,G0022,25.50405,86.81011,15.31,33.63,74.31,1.5,0.45,15.23,49.72,9.49,1,12.584807,15.31
2026-09-15,G0021,25.50405,86.7701,12.47,32.39,75.22,2.76,0.431,23.25,43.67,15.18,1,16.224676,12.47
2026-09-15,G0020,25.50405,86.73008,12.1,31.92,76.27,5.47,0.393,14.52,48.79,10.82,1,13.044654,12.1
2026-09-15,G0026,25.50405,86.97018,15.5,30.94,78.85,3.33,0.458,10.42,50.86,15.25,1,10.948481,15.5
2026-09-15,G0071,25.61216,86.97018,14.79,30.07,74.31,4.62,0.453,3.25,51.57,5.72,1,6.7537622,14.79
2026-09-15,G0001,25.46802,86.57001,9.59,31.89,72.74,4.9,0.452,14.47,44.01,3.68,1,11.681558,9.59
2026-09-15,G0073,25.61216,87.05022,2.73,31.76,66.48,4.74,0.449,11.98,49.11,7.0,1,8.28746,2.73
2026-09-15,G0123,25.75631,86.65004,18.32,32.52,70.31,2.44,0.466,16.64,56.98,10.96,1,14.979621,18.32
2026-09-15,G0122,25.75631,86.61003,10.13,29.66,72.22,2.02,0.449,11.09,57.7,15.4,1,8.94107,10.13
2026-09-15,G0121,25.75631,86.57001,9.37,30.91,69.65,2.15,0.414,12.33,58.44,9.6,1,10.036171,9.37
2026-09-15,G0120,25.72027,87.13012,12.89,30.21,72.84,2.45,0.449,12.8,54.83,10.92,1,11.074963,12.89
2026-09-15,G0119,25.72027,87.09024,11.99,31.29,76.65,2.29,0.465,11.66,55.47,9.2,1,10.077804,11.99
2026-09-15,G0118,25.72027,87.05022,14.33,34.13,86.18,1.5,0.374,9.34,61.11,11.33,1,9.700887,14.33
2026-09-15,G0072,25.61216,87.0102,14.79,31.66,84.3,5.62,0.445,9.24,48.99,11.7,1,9.64838,14.79
2026-09-15,G0117,25.72027,87.0102,16.45,32.56,70.7,2.67,0.483,6.72,57.17,9.78,1,8.121806,16.45
2026-09-15,G0115,25.72027,86.93017,15.43,32.42,73.0,4.18,0.488,10.8,59.62,8.94,1,10.399055,15.43
2026-09-15,G0114,25.72027,86.89015,4.89,27.52,74.06,3.06,0.462,15.37,55.99,10.17,1,11.020165,4.89
2026-09-15,G0113,25.72027,86.85013,13.0,31.63,69.87,1.44,0.435,9.97,57.33,10.31,1,9.657312,13.0
2026-09-15,G0112,25.72027,86.81011,14.0,31.68,74.7,3.01,0.429,18.45,56.88,14.59,1,14.065576,14.0
2026-09-15,G0111,25.72027,86.7701,17.17,31.18,77.4,4.3,0.424,7.96,57.9,9.48,1,8.970588,17.17
2026-09-15,G0110,25.72027,86.73008,13.72,31.54,75.67,3.89,0.404,17.88,58.41,15.63,1,14.534441,13.72
2026-09-15,G0116,25.72027,86.97018,17.19,32.94,71.36,1.24,0.43,13.36,57.34,13.11,1,11.968647,17.19
2026-09-15,G0109,25.72027,86.69006,15.03,31.51,83.36,2.26,0.511,7.74,56.6,7.57,1,9.906246,15.03
2026-09-15,G0125,25.75631,86.73008,7.37,30.9,71.92,4.29,0.389,16.21,59.84,7.73,1,11.477818,7.37
2026-09-15,G0127,25.75631,86.81011,17.5,32.16,72.2,4.04,0.431,10.66,59.13,11.48,1,11.175533,17.5
2026-09-15,G0141,25.79234,86.7701,9.41,29.25,76.7,3.49,0.408,5.53,60.32,9.56,1,6.754204,9.41
2026-09-15,G0140,25.79234,86.73008,12.17,32.16,81.86,3.29,0.452,12.39,64.59,10.76,1,11.088078,12.17
2026-09-15,G0139,25.79234,86.69006,11.44,31.02,76.61,4.05,0.45,17.99,63.7,15.18,1,14.007794,11.44
2026-09-15,G0138,25.79234,86.65004,10.22,30.36,77.7,1.14,0.379,8.17,58.82,9.41,1,8.506364,10.22
2026-09-15,G0137,25.79234,86.61003,17.56,31.4,79.17,3.08,0.321,17.24,56.98,17.9,1,14.305586,17.56
2026-09-15,G0136,25.79234,86.57001,13.19,30.9,76.44,4.02,0.409,11.88,56.68,11.86,1,10.58008,13.19
2026-09-15,G0126,25.75631,86.7701,12.95,31.65,77.4,2.38,0.423,11.79,58.63,13.04,1,10.378815,12.95
2026-09-15,G0135,25.75631,87.13012,15.11,31.28,61.71,4.48,0.482,15.77,58.96,14.81,1,14.251278,15.11
2026-09-15,G0133,25.75631,87.05022,18.3,29.19,76.67,4.78,0.416,6.15,58.17,2.71,1,9.02406,18.3
2026-09-15,G0132,25.75631,87.0102,11.81,33.68,75.39,5.15,0.453,10.57,60.35,6.85,1,9.670479,11.81
2026-09-15,G0131,25.75631,86.97018,11.11,30.93,83.02,2.63,0.442,5.67,58.56,7.46,1,7.3574495,11.11
2026-09-15,G0130,25.75631,86.93017,17.36,31.57,79.65,3.74,0.513,8.82,60.75,11.27,1,11.05748,17.36
2026-09-15,G0129,25.75631,86.89015,12.21,34.14,73.1,4.31,0.464,4.32,58.69,5.74,1,6.9860454,12.21
2026-09-15,G0128,25.75631,86.85013,8.55,30.75,71.35,4.69,0.455,14.24,60.36,10.97,1,10.548609,8.55
2026-09-15,G0134,25.75631,87.09024,9.12,32.65,67.35,1.83,0.477,13.03,58.13,12.1,1,10.211795,9.12
2026-09-15,G0108,25.72027,86.65004,12.02,29.94,60.2,2.92,0.421,16.88,57.6,8.86,1,13.167798,12.02
2026-09-15,G0124,25.75631,86.69006,19.37,28.55,77.18,1.8,0.471,7.15,59.34,11.6,1,10.122376,19.37
2026-09-15,G0106,25.72027,86.57001,13.43,31.83,77.93,4.91,0.444,7.96,58.26,5.95,1,7.9544396,13.43
2026-09-15,G0087,25.6482,87.0102,10.45,30.37,78.87,4.28,0.431,14.3,54.58,11.69,1,11.875705,10.45
2026-09-15,G0086,25.6482,86.97018,5.9,30.83,69.16,2.38,0.515,8.7,54.32,9.82,1,8.101325,5.9
2026-09-15,G0085,25.6482,86.93017,16.9,31.19,62.62,6.14,0.449,11.25,54.07,7.79,1,11.641792,16.9
2026-09-15,G0084,25.6482,86.89015,15.5,32.24,69.05,4.2,0.444,9.68,53.74,9.1,1,10.032596,15.5
2026-09-15,G0083,25.6482,86.85013,19.27,30.37,80.75,2.32,0.433,5.6,53.36,4.66,1,9.23363,19.27
2026-09-15,G0081,25.6482,86.7701,12.31,32.03,74.11,2.07,0.354,11.85,55.19,10.95,1,9.746688,12.31
2026-09-15,G0088,25.6482,87.05022,18.11,31.07,79.18,3.39,0.473,16.49,51.24,13.9,1,14.947363,18.11
2026-09-15,G0080,25.6482,86.73008,6.65,32.55,70.38,3.25,0.428,10.98,47.77,13.16,1,8.20289,6.65
2026-09-15,G0078,25.6482,86.65004,5.94,32.54,81.24,4.85,0.475,11.84,52.48,7.08,1,9.249837,5.94
2026-09-15,G0077,25.6482,86.61003,14.89,29.88,83.44,3.91,0.493,17.63,55.81,13.36,1,14.801263,14.89
2026-09-15,G0076,25.6482,86.57001,7.61,33.83,74.03,1.22,0.433,12.09,57.19,7.83,1,10.239917,7.61
2026-09-15,G0075,25.61216,87.13012,10.34,31.83,72.68,4.48,0.476,14.61,54.33,13.01,1,11.134569,10.34
2026-09-15,G0074,25.61216,87.09024,10.74,31.98,69.23,4.89,0.444,17.87,59.73,15.18,1,13.893124,10.74
2026-09-15,G0107,25.72027,86.61003,3.66,34.69,71.35,3.97,0.448,7.82,57.77,4.57,1,5.6048384,3.66
2026-09-15,G0079,25.6482,86.69006,10.57,31.96,74.68,2.8,0.372,16.66,53.65,10.98,1,12.508475,10.57
2026-09-15,G0089,25.6482,87.09024,14.02,31.77,73.32,4.35,0.444,6.08,51.87,4.41,1,7.790093,14.02
2026-09-15,G0082,25.6482,86.81011,17.47,32.73,72.55,2.86,0.448,14.47,51.94,13.56,1,13.080808,17.47
2026-09-15,G0091,25.68423,86.57001,15.23,28.25,69.87,0.21,0.44,13.65,51.01,14.45,1,11.684496,15.23
2026-09-15,G0090,25.6482,87.13012,14.33,32.56,78.15,2.9,0.438,10.56,53.01,6.36,1,10.620457,14.33
2026-09-15,G0104,25.68423,87.09024,9.52,30.69,71.17,5.9,0.352,5.13,55.85,3.64,1,5.3808055,9.52
2026-09-15,G0103,25.68423,87.05022,17.09,28.28,68.96,3.21,0.433,7.99,58.88,6.32,1,9.26865,17.09
2026-09-15,G0102,25.68423,87.0102,5.51,31.83,72.5,2.97,0.426,10.4,56.88,4.32,1,8.07377,5.51
2026-09-15,G0101,25.68423,86.97018,14.66,31.06,71.09,3.98,0.469,10.47,54.33,9.75,1,10.527281,14.66
2026-09-15,G0100,25.68423,86.93017,10.09,31.91,64.86,4.62,0.376,20.57,54.8,16.84,1,14.24117,10.09
2026-09-15,G0099,25.68423,86.89015,14.51,30.89,73.34,3.06,0.388,11.3,55.33,8.45,1,10.880327,14.51
2026-09-15,G0105,25.68423,87.13012,5.06,31.7,78.72,2.1,0.422,15.49,52.48,8.38,1,11.007147,5.06
2026-09-15,G0097,25.68423,86.81011,16.05,33.36,74.01,4.15,0.388,8.86,53.4,9.06,1,9.238608,16.05
2026-09-15,G0096,25.68423,86.7701,5.37,34.13,74.04,3.83,0.448,10.79,52.66,8.65,1,7.3657866,5.37
2026-09-15,G0095,25.68423,86.73008,15.73,30.02,76.16,4.03,0.457,15.67,57.6,13.43,1,14.104099,15.73
2026-09-15,G0094,25.68423,86.69006,14.17,32.65,74.24,2.3,0.363,12.73,57.48,8.76,1,11.239613,14.17
2026-09-15,G0093,25.68423,86.65004,15.09,29.68,70.14,3.22,0.46,10.43,56.7,7.69,1,10.37209,15.09
2026-09-15,G0092,25.68423,86.61003,8.47,33.05,84.43,5.4,0.501,17.32,55.01,11.21,1,13.433347,8.47
2026-09-15,G0098,25.68423,86.85013,10.03,32.68,72.67,5.29,0.429,2.3,55.23,9.91,1,4.967003,10.03
2026-09-16,G0194,25.90045,87.09024,14.76,30.79,72.56,1.22,0.418,6.53,67.04,8.05,1,8.641305,14.76
2026-09-16,G0193,25.90045,87.05022,12.05,30.66,67.05,5.01,0.413,7.69,66.73,3.91,1,7.5933704,12.05
2026-09-16,G0192,25.90045,87.0102,7.51,30.97,74.62,2.75,0.466,14.01,66.59,7.33,1,10.743462,7.51
2026-09-16,G0191,25.90045,86.97018,16.56,31.21,73.41,6.11,0.357,7.95,70.34,11.59,1,8.634443,16.56
2026-09-16,G0190,25.90045,86.93017,9.5,30.28,73.43,3.82,0.462,3.83,67.38,5.51,1,5.951115,9.5
2026-09-16,G0189,25.90045,86.89015,17.12,31.7,63.3,3.64,0.406,15.02,67.16,13.52,1,13.469572,17.12
2026-09-16,G0185,25.90045,86.73008,19.24,32.95,65.31,3.33,0.444,8.19,67.67,8.27,1,10.510249,19.24
2026-09-16,G0187,25.90045,86.81011,8.93,30.84,78.27,5.09,0.451,21.45,66.34,14.23,1,14.928564,8.93
2026-09-16,G0186,25.90045,86.7701,11.17,30.5,64.83,3.39,0.441,21.77,67.42,8.95,1,15.124359,11.17
2026-09-16,G0184,25.90045,86.69006,17.46,30.36,77.99,0.97,0.39,21.41,68.02,16.74,1,18.150894,17.46
2026-09-16,G0183,25.90045,86.65004,12.3,31.08,77.09,2.78,0.402,15.07,65.56,16.68,1,12.073429,12.3
2026-09-16,G0182,25.90045,86.61003,10.65,30.89,72.93,2.04,0.446,13.87,68.07,8.68,1,11.028657,10.65
2026-09-16,G0195,25.90045,87.13012,18.01,32.32,70.47,3.59,0.353,19.15,61.52,17.1,1,15.892955,18.01
2026-09-16,G0188,25.90045,86.85013,7.68,29.38,72.37,2.55,0.381,13.42,63.6,7.12,1,9.71148,7.68
2026-09-16,G0196,25.93649,86.57001,10.5,31.22,68.88,4.6,0.428,17.69,68.17,13.67,1,13.053958,10.5
2026-09-16,G0213,25.97252,86.65004,16.55,31.69,75.19,3.78,0.42,11.57,70.01,11.0,1,11.258049,16.55
2026-09-16,G0198,25.93649,86.65004,8.33,33.28,66.32,3.54,0.47,15.25,66.62,11.96,1,10.424716,8.33
2026-09-16,G0212,25.97252,86.61003,13.83,31.32,73.31,3.12,0.463,11.36,68.18,8.49,1,10.626027,13.83
2026-09-16,G0211,25.97252,86.57001,17.2,31.67,73.06,4.97,0.442,14.85,68.76,16.34,1,13.848994,17.2
2026-09-16,G0210,25.93649,87.13012,16.39,30.46,81.37,4.97,0.436,9.79,67.09,13.88,1,10.943829,16.39
2026-09-16,G0209,25.93649,87.09024,16.96,28.81,70.07,4.86,0.354,18.99,62.78,13.12,1,14.831856,16.96
2026-09-16,G0208,25.93649,87.05022,6.46,31.66,76.38,2.37,0.391,6.67,72.28,0.57,0,6.247398,6.46
2026-09-16,G0207,25.93649,87.0102,21.82,30.54,73.39,3.01,0.468,7.1,65.45,4.63,1,10.704442,21.82
2026-09-16,G0197,25.93649,86.61003,13.78,28.65,68.35,3.29,0.413,17.3,67.04,15.01,1,13.003872,13.78
2026-09-16,G0206,25.93649,86.97018,9.16,29.28,71.3,3.07,0.36,15.22,68.23,12.28,1,10.563886,9.16
2026-09-16,G0204,25.93649,86.89015,12.46,31.15,86.58,4.89,0.523,7.92,69.73,9.93,1,10.786052,12.46
2026-09-16,G0203,25.93649,86.85013,11.4,30.47,79.49,5.85,0.384,9.43,67.92,12.81,1,9.0274315,11.4
2026-09-16,G0202,25.93649,86.81011,9.05,31.28,72.78,2.98,0.376,7.05,67.2,9.63,1,6.7863307,9.05
2026-09-16,G0201,25.93649,86.7701,4.39,32.77,67.91,1.97,0.452,13.87,67.32,13.04,1,9.68914,4.39
2026-09-16,G0200,25.93649,86.73008,15.88,29.4,74.67,4.54,0.499,16.85,67.35,14.29,1,14.247401,15.88
2026-09-16,G0199,25.93649,86.69006,12.82,29.66,74.67,2.58,0.426,13.17,69.54,4.43,1,11.348182,12.82
2026-09-16,G0205,25.93649,86.93017,15.06,29.34,79.46,6.23,0.494,4.64,67.09,4.85,1,8.662724,15.06
2026-09-16,G0181,25.90045,86.57001,15.8,34.53,79.92,3.72,0.393,9.2,65.73,7.26,1,10.137151,15.8
2026-09-16,G0146,25.79234,86.97018,13.02,30.56,72.52,4.64,0.462,13.77,56.52,9.77,1,12.027774,13.02
2026-09-16,G0179,25.86441,87.09024,14.69,30.95,70.96,3.26,0.46,20.96,66.03,15.32,1,15.247439,14.69
2026-09-16,G0159,25.82838,86.89015,8.49,32.71,80.06,3.31,0.461,10.05,63.19,3.11,1,9.019172,8.49
2026-09-16,G0158,25.82838,86.85013,10.0,32.32,69.26,3.23,0.399,10.3,63.09,10.6,1,9.417324,10.0
2026-09-16,G0157,25.82838,86.81011,17.41,32.28,76.79,5.64,0.373,17.4,65.58,15.56,1,14.879669,17.41
2026-09-16,G0156,25.82838,86.7701,19.5,32.18,81.21,3.74,0.411,11.04,64.43,12.9,1,12.594142,19.5
2026-09-16,G0155,25.82838,86.73008,9.52,31.47,69.49,3.17,0.433,18.32,64.94,10.99,1,13.427368,9.52
2026-09-16,G0154,25.82838,86.69006,15.9,31.46,78.13,2.63,0.447,17.61,63.2,9.87,1,14.04611,15.9
2026-09-16,G0160,25.82838,86.93017,5.87,34.4,78.63,0.74,0.432,4.19,65.1,5.79,1,6.0933986,5.87
2026-09-16,G0153,25.82838,86.65004,13.72,32.41,74.73,3.95,0.416,8.89,62.79,12.94,1,9.15511,13.72
2026-09-16,G0151,25.82838,86.57001,12.82,29.59,73.75,3.58,0.376,9.59,64.55,10.41,1,9.220386,12.82
2026-09-16,G0150,25.79234,87.13012,12.8,31.22,79.2,3.59,0.441,18.85,61.42,14.21,1,14.858019,12.8
2026-09-16,G0149,25.79234,87.09024,7.45,30.18,72.51,3.53,0.477,17.77,60.64,13.28,1,12.409458,7.45
2026-09-16,G0148,25.79234,87.05022,19.52,29.1,71.28,4.36,0.514,13.45,59.14,13.48,1,12.6395445,19.52
2026-09-16,G0147,25.79234,87.0102,7.42,32.58,78.55,6.55,0.423,3.71,59.23,1.64,1,5.0715957,7.42
2026-09-16,G0214,25.97252,86.69006,5.51,31.27,66.44,4.03,0.44,15.71,67.59,13.34,1,10.276916,5.51
2026-09-16,G0152,25.82838,86.61003,11.67,31.67,73.3,5.13,0.415,10.6,60.56,14.16,1,9.780536,11.67
2026-09-16,G0161,25.82838,86.97018,10.09,31.03,72.82,5.61,0.309,10.85,61.24,0.0,0,9.270662,10.09
2026-09-16,G0162,25.82838,87.0102,16.06,31.11,74.87,3.85,0.387,13.95,63.04,12.27,1,12.10724,16.06
2026-09-16,G0163,25.82838,87.05022,8.69,30.61,68.84,2.9,0.416,13.51,62.52,10.27,1,9.879757,8.69
2026-09-16,G0178,25.86441,87.05022,12.91,30.83,69.17,3.34,0.434,12.37,65.18,14.18,1,10.507772,12.91
2026-09-16,G0177,25.86441,87.0102,8.8,29.69,77.77,3.11,0.448,8.16,61.36,9.68,1,7.8366637,8.8
2026-09-16,G0176,25.86441,86.97018,15.33,31.06,69.14,3.91,0.444,9.98,66.75,7.99,1,10.509599,15.33
2026-09-16,G0175,25.86441,86.93017,9.39,33.2,81.98,3.15,0.446,8.19,65.06,5.76,1,8.205632,9.39
2026-09-16,G0174,25.86441,86.89015,21.4,33.76,66.45,5.13,0.474,4.56,67.61,13.11,1,9.024642,21.4
2026-09-16,G0173,25.86441,86.85013,14.38,28.58,78.19,4.28,0.369,18.79,68.86,13.84,1,14.779614,14.38
2026-09-16,G0172,25.86441,86.81011,10.1,30.9,81.28,2.52,0.446,6.96,62.39,12.34,1,7.503924,10.1
2026-09-16,G0171,25.86441,86.7701,9.6,33.42,74.51,4.57,0.453,14.27,62.52,7.06,1,11.886029,9.6
2026-09-16,G0170,25.86441,86.73008,17.03,28.43,74.16,5.96,0.458,16.44,64.02,11.58,1,15.148693,17.03
2026-09-16,G0169,25.86441,86.69006,15.08,32.22,73.69,5.41,0.401,13.57,63.3,15.58,1,12.555249,15.08
2026-09-16,G0168,25.86441,86.65004,14.57,31.72,75.97,2.2,0.467,17.04,66.31,16.78,1,13.976154,14.57
2026-09-16,G0167,25.86441,86.61003,13.51,30.97,81.82,2.89,0.4,9.52,63.97,10.84,1,9.984976,13.51
2026-09-16,G0166,25.86441,86.57001,16.09,30.8,78.94,5.67,0.408,6.23,69.28,12.9,1,8.831413,16.09
2026-09-16,G0165,25.82838,87.13012,6.02,30.41,72.03,6.68,0.471,9.66,60.39,9.25,1,7.6162972,6.02
2026-09-16,G0164,25.82838,87.09024,18.49,31.99,75.95,3.77,0.432,16.62,61.53,10.78,1,14.865546,18.49
2026-09-16,G0180,25.86441,87.13012,14.46,31.3,68.45,2.35,0.394,14.15,66.15,13.72,1,12.097144,14.46
2026-09-16,G0215,25.97252,86.73008,7.0,30.66,64.2,2.08,0.41,17.51,68.07,12.65,1,12.389664,7.0
2026-09-16,G0250,26.04459,86.93017,15.13,31.97,75.3,4.26,0.367,13.22,70.97,6.66,1,12.504918,15.13
2026-09-16,G0217,25.97252,86.81011,14.53,27.66,82.8,3.43,0.425,12.06,65.31,15.94,1,11.489705,14.53
2026-09-16,G0268,26.08063,87.05022,12.87,29.88,71.58,2.46,0.48,16.44,75.56,13.69,1,12.970054,12.87
2026-09-16,G0267,26.08063,87.0102,21.17,32.75,70.13,0.12,0.491,15.29,73.29,20.2,1,13.986153,21.17
2026-09-16,G0266,26.08063,86.97018,16.09,29.3,71.4,3.05,0.41,13.91,75.3,12.39,1,11.887363,16.09
2026-09-16,G0265,26.08063,86.93017,12.85,29.34,68.29,3.72,0.409,11.75,73.34,12.8,1,9.667953,12.85
2026-09-16,G0264,26.08063,86.89015,17.58,31.84,71.16,1.61,0.399,3.49,73.83,9.97,1,7.184095,17.58
2026-09-16,G0263,26.08063,86.85013,9.6,32.04,73.1,2.88,0.311,18.3,76.47,14.12,1,13.068108,9.6
2026-09-16,G0269,26.08063,87.09024,17.15,29.83,76.07,5.96,0.468,7.9,71.87,15.61,1,8.672527,17.15
2026-09-16,G0262,26.08063,86.81011,14.94,32.03,66.3,3.51,0.398,11.55,75.04,10.47,1,10.733575,14.94
2026-09-16,G0260,26.08063,86.73008,12.58,33.95,75.67,4.09,0.501,12.27,75.22,10.2,1,9.798832,12.58
2026-09-16,G0259,26.08063,86.69006,13.11,30.16,75.08,3.11,0.485,15.37,72.19,13.4,1,12.518181,13.11
2026-09-16,G0258,26.08063,86.65004,15.71,30.19,76.1,2.64,0.411,8.93,74.28,11.81,1,9.281943,15.71
2026-09-16,G0257,26.08063,86.61003,6.03,30.13,80.78,4.71,0.416,18.79,76.87,11.71,1,12.944177,6.03
2026-09-16,G0256,26.08063,86.57001,6.48,29.72,86.47,1.7,0.305,19.43,74.67,16.2,1,11.936953,6.48
2026-09-16,G0255,26.04459,87.13012,14.12,30.99,72.35,3.98,0.482,15.56,72.57,11.2,1,11.646727,14.12
2026-09-16,G0261,26.08063,86.7701,16.27,30.28,72.68,1.19,0.423,15.97,70.24,14.23,1,14.291287,16.27
2026-09-16,G0254,26.04459,87.09024,12.33,32.6,75.68,3.7,0.49,15.7,75.09,12.35,1,11.846735,12.33
2026-09-16,G0270,26.08063,87.13012,11.51,31.04,73.47,3.35,0.481,14.02,78.73,16.11,1,11.618957,11.51
2026-09-16,G0272,26.09932,86.61003,13.35,32.17,78.57,4.11,0.404,10.31,72.48,11.0,1,10.115509,13.35
2026-09-16,G0145,25.79234,86.93017,5.19,31.0,68.57,4.93,0.404,6.84,61.73,9.33,1,6.7889347,5.19
2026-09-16,G0285,26.09932,87.13012,8.52,31.24,85.86,4.48,0.416,13.38,77.3,11.77,1,10.473073,8.52
2026-09-16,G0284,26.09932,87.09024,9.15,31.44,76.53,4.4,0.347,17.86,73.38,16.52,1,13.570296,9.15
2026-09-16,G0283,26.09932,87.05022,11.43,31.48,68.04,4.79,0.428,14.74,73.99,11.54,1,11.747514,11.43
2026-09-16,G0282,26.09932,87.0102,11.62,30.64,75.91,2.85,0.389,16.72,73.67,16.53,1,13.145089,11.62
2026-09-16,G0281,26.09932,86.97018,18.41,30.28,70.44,3.29,0.414,16.95,73.99,16.03,1,14.110896,18.41
2026-09-16,G0271,26.09932,86.57001,7.02,29.84,66.38,3.27,0.349,18.62,77.59,14.16,1,11.782621,7.02
2026-09-16,G0280,26.09932,86.93017,9.72,31.67,79.66,5.05,0.403,14.56,73.33,8.33,1,12.023606,9.72
2026-09-16,G0278,26.09932,86.85013,7.94,31.35,81.56,5.62,0.342,12.23,74.82,10.56,1,8.965575,7.94
2026-09-16,G0277,26.09932,86.81011,13.0,30.46,79.35,1.52,0.386,10.39,74.37,9.38,1,10.89233,13.0
2026-09-16,G0276,26.09932,86.7701,5.82,28.49,82.81,0.6,0.383,17.22,73.82,14.15,1,11.178548,5.82
2026-09-16,G0275,26.09932,86.73008,12.51,32.19,76.08,2.71,0.457,20.3,69.95,11.98,1,16.244562,12.51
2026-09-16,G0274,26.09932,86.69006,9.17,29.98,71.42,1.57,0.47,9.58,75.64,10.99,1,7.838105,9.17
2026-09-16,G0273,26.09932,86.65004,16.91,30.31,73.95,3.45,0.48,17.04,74.18,13.54,1,13.908686,16.91
2026-09-16,G0279,26.09932,86.89015,14.8,31.6,68.73,2.47,0.399,8.42,74.55,12.42,1,9.646826,14.8
2026-09-16,G0216,25.97252,86.7701,8.77,30.53,69.99,0.0,0.516,16.94,65.68,12.68,1,12.737193,8.77
2026-09-16,G0253,26.04459,87.05022,12.91,32.34,81.0,7.25,0.431,18.34,72.24,11.89,1,13.45647,12.91
2026-09-16,G0251,26.04459,86.97018,9.89,31.71,75.8,4.28,0.44,11.21,71.26,8.42,1,9.692954,9.89
2026-09-16,G0231,26.00856,86.7701,12.15,32.35,77.25,3.25,0.478,18.92,68.41,11.58,1,14.33732,12.15
2026-09-16,G0230,26.00856,86.73008,19.37,31.28,79.63,4.43,0.443,18.83,68.77,17.45,1,16.788458,19.37
2026-09-16,G0229,26.00856,86.69006,19.1,31.4,71.63,2.9,0.419,17.14,68.68,17.0,1,14.868656,19.1
2026-09-16,G0228,26.00856,86.65004,11.84,30.45,79.08,5.61,0.488,15.3,74.77,13.33,1,10.990094,11.84
2026-09-16,G0227,26.00856,86.61003,15.22,30.67,83.18,2.39,0.439,13.18,72.28,6.18,1,12.381664,15.22
2026-09-16,G0226,26.00856,86.57001,14.46,30.73,83.93,2.47,0.422,10.33,69.03,13.23,1,11.606916,14.46
2026-09-16,G0232,26.00856,86.81011,16.55,32.46,68.96,3.87,0.418,13.07,71.02,11.08,1,12.379626,16.55
2026-09-16,G0225,25.97252,87.13012,13.07,31.14,71.59,1.54,0.388,16.41,69.84,10.58,1,13.500641,13.07
2026-09-16,G0223,25.97252,87.05022,9.61,30.3,68.77,3.44,0.408,6.55,69.75,7.66,1,6.982361,9.61
2026-09-16,G0222,25.97252,87.0102,12.14,30.09,74.97,3.57,0.435,3.35,68.47,8.72,1,6.808767,12.14
2026-09-16,G0221,25.97252,86.97018,10.02,30.41,66.19,5.19,0.465,10.66,68.99,5.95,1,9.603165,10.02
2026-09-16,G0220,25.97252,86.93017,18.29,30.5,71.14,3.23,0.439,10.43,65.97,15.15,1,11.458417,18.29
2026-09-16,G0219,25.97252,86.89015,12.51,32.03,75.63,2.94,0.41,10.11,70.32,5.43,1,9.878153,12.51
2026-09-16,G0218,25.97252,86.85013,11.11,29.26,66.53,3.39,0.417,15.45,68.26,8.07,1,11.637687,11.11
2026-09-16,G0224,25.97252,87.09024,14.53,30.83,68.74,2.46,0.385,15.17,69.15,16.32,1,13.3009615,14.53
2026-09-16,G0252,26.04459,87.0102,11.4,30.65,72.63,2.88,0.435,6.75,72.59,8.43,1,6.993269,11.4
2026-09-16,G0233,26.00856,86.85013,10.21,32.07,69.88,1.45,0.486,9.93,69.66,8.45,1,9.094974,10.21
2026-09-16,G0235,26.00856,86.93017,18.05,31.87,76.44,2.94,0.423,12.37,70.35,13.27,1,12.264269,18.05
2026-09-16,G0249,26.04459,86.89015,7.4,30.58,64.16,3.43,0.409,13.11,71.2,8.17,1,9.080703,7.4
2026-09-16,G0248,26.04459,86.85013,9.15,29.31,72.81,5.59,0.469,15.22,71.7,11.17,1,10.732105,9.15
2026-09-16,G0247,26.04459,86.81011,18.49,30.95,70.45,4.63,0.306,19.93,72.24,18.3,1,15.60704,18.49
2026-09-16,G0246,26.04459,86.7701,7.33,33.08,70.01,4.15,0.471,19.66,70.99,18.06,1,13.167628,7.33
2026-09-16,G0245,26.04459,86.73008,10.61,29.08,79.06,2.75,0.383,16.36,73.92,9.66,1,12.812697,10.61
2026-09-16,G0244,26.04459,86.69006,9.29,27.9,71.3,3.33,0.459,13.69,74.92,8.89,1,11.329873,9.29
2026-09-16,G0234,26.00856,86.89015,15.7,32.33,71.02,2.03,0.387,7.97,70.2,7.25,1,8.55873,15.7
2026-09-16,G0243,26.04459,86.65004,11.29,30.66,67.9,3.56,0.41,20.06,75.24,16.75,1,14.904587,11.29
2026-09-16,G0241,26.04459,86.57001,14.19,29.27,74.53,2.76,0.498,17.46,72.71,13.96,1,13.862642,14.19
2026-09-16,G0240,26.00856,87.13012,11.55,30.08,65.64,2.85,0.426,8.62,66.71,8.94,1,7.861053,11.55
2026-09-16,G0239,26.00856,87.09024,16.12,30.56,72.65,1.78,0.43,15.93,70.26,12.46,1,13.746023,16.12
2026-09-16,G0238,26.00856,87.05022,15.01,31.12,76.45,1.53,0.399,10.34,72.89,16.07,1,10.359946,15.01
2026-09-16,G0237,26.00856,87.0102,15.37,30.51,74.65,3.44,0.436,12.19,69.03,13.6,1,11.636816,15.37
2026-09-16,G0236,26.00856,86.97018,3.67,32.41,75.42,5.51,0.405,18.88,70.44,6.88,1,11.63061,3.67
2026-09-16,G0242,26.04459,86.61003,14.72,29.71,74.94,1.49,0.467,11.94,70.18,7.13,1,11.143077,14.72
2026-09-16,G0144,25.79234,86.89015,12.64,32.16,69.56,4.12,0.407,9.36,63.54,3.95,1,8.818773,12.64
2026-09-16,G0143,25.79234,86.85013,10.42,32.02,61.97,3.28,0.473,5.76,60.47,9.5,1,6.3557506,10.42
2026-09-16,G0142,25.79234,86.81011,13.77,31.7,66.99,5.38,0.39,12.75,63.35,9.06,1,11.537009,13.77
2026-09-16,G0051,25.57613,86.7701,14.6,32.33,78.66,3.86,0.411,13.38,51.06,9.07,1,12.2883,14.6
2026-09-16,G0050,25.57613,86.73008,15.37,32.88,81.83,2.07,0.425,10.55,48.12,11.73,1,11.182445,15.37
2026-09-16,G0049,25.57613,86.69006,11.23,31.48,78.98,2.69,0.448,15.47,53.51,19.01,1,11.452487,11.23
2026-09-16,G0048,25.57613,86.65004,12.61,33.12,79.26,5.46,0.377,17.24,49.22,9.03,1,14.548199,12.61
2026-09-16,G0047,25.57613,86.61003,16.76,30.2,70.64,2.28,0.495,19.4,50.36,15.01,1,15.023151,16.76
2026-09-16,G0046,25.57613,86.57001,5.55,30.47,79.06,2.36,0.473,26.06,48.47,14.59,1,20.008175,5.55
2026-09-16,G0052,25.57613,86.81011,17.04,31.55,65.53,4.27,0.464,9.87,52.74,10.21,1,11.361648,17.04
2026-09-16,G0045,25.54009,87.13012,11.0,31.48,75.81,4.47,0.363,17.82,48.61,16.33,1,13.887412,11.0
2026-09-16,G0043,25.54009,87.05022,11.35,30.64,69.91,2.75,0.507,14.23,47.61,11.89,1,11.013751,11.35
2026-09-16,G0042,25.54009,87.0102,13.8,29.72,70.97,3.09,0.496,7.43,51.16,5.35,1,8.510164,13.8
2026-09-16,G0041,25.54009,86.97018,9.2,31.78,72.73,2.75,0.441,10.41,52.67,10.76,1,9.003325,9.2
2026-09-16,G0040,25.54009,86.93017,6.57,31.1,80.06,5.71,0.356,12.04,47.78,9.03,1,10.312444,6.57
2026-09-16,G0039,25.54009,86.89015,17.56,30.79,72.93,4.5,0.367,9.01,50.36,10.16,1,9.834328,17.56
2026-09-16,G0038,25.54009,86.85013,15.81,30.99,74.32,5.69,0.398,16.33,51.46,8.06,1,13.855723,15.81
2026-09-16,G0044,25.54009,87.09024,8.52,30.53,73.86,3.39,0.43,16.83,47.47,7.05,1,12.143164,8.52
2026-09-16,G0037,25.54009,86.81011,15.72,32.48,75.51,3.22,0.44,14.8,49.3,7.11,1,13.153479,15.72
2026-09-16,G0053,25.57613,86.85013,16.26,31.63,80.11,4.6,0.502,18.61,50.17,12.58,1,14.164398,16.26
2026-09-16,G0055,25.57613,86.93017,16.15,31.71,85.68,5.79,0.415,3.39,53.79,7.75,1,7.031689,16.15
2026-09-16,G0069,25.61216,86.89015,16.45,33.62,74.42,2.77,0.478,3.52,50.17,8.95,1,7.066342,16.45
2026-09-16,G0068,25.61216,86.85013,6.68,33.43,73.18,3.99,0.38,15.74,54.41,6.98,1,11.051888,6.68
2026-09-16,G0067,25.61216,86.81011,16.59,31.62,71.74,4.14,0.458,8.09,51.26,11.81,1,10.018805,16.59
2026-09-16,G0066,25.61216,86.7701,9.65,32.37,73.24,3.65,0.422,10.7,50.1,5.62,1,9.30385,9.65
2026-09-16,G0065,25.61216,86.73008,21.38,29.56,80.69,2.09,0.455,14.73,50.82,11.78,1,13.689298,21.38
2026-09-16,G0064,25.61216,86.69006,13.14,30.78,62.32,3.02,0.378,19.89,53.54,9.38,1,14.635364,13.14
2026-09-16,G0054,25.57613,86.89015,4.99,29.87,81.63,3.18,0.403,15.58,55.9,14.55,1,11.285383,4.99
2026-09-16,G0063,25.61216,86.65004,4.37,32.43,85.72,5.38,0.341,14.91,52.46,5.72,1,10.711811,4.37
2026-09-16,G0061,25.61216,86.57001,8.97,30.15,76.46,3.31,0.455,19.18,52.33,9.42,1,13.983747,8.97
2026-09-16,G0060,25.57613,87.13012,18.01,32.68,80.64,5.46,0.479,8.09,50.62,9.98,1,10.15688,18.01
2026-09-16,G0059,25.57613,87.09024,17.41,31.23,77.62,1.27,0.469,7.89,51.07,11.29,1,9.898315,17.41
2026-09-16,G0058,25.57613,87.05022,12.87,32.38,84.55,4.73,0.456,15.82,51.4,16.38,1,12.99869,12.87
2026-09-16,G0057,25.57613,87.0102,14.55,33.77,80.58,1.43,0.378,11.73,51.57,13.84,1,11.421741,14.55
2026-09-16,G0056,25.57613,86.97018,8.42,34.09,72.41,5.39,0.469,10.3,56.38,11.56,1,7.382777,8.42
2026-09-16,G0062,25.61216,86.61003,17.56,30.05,74.88,1.42,0.449,9.28,53.61,10.99,1,10.265026,17.56
2026-09-16,G0070,25.61216,86.93017,12.26,34.01,76.19,1.56,0.465,9.19,55.98,12.58,1,9.499677,12.26
2026-09-16,G0036,25.54009,86.7701,12.94,32.62,79.33,3.58,0.467,16.69,49.69,11.3,1,13.98895,12.94
2026-09-16,G0034,25.54009,86.69006,12.21,31.37,71.13,3.78,0.425,18.58,48.72,17.35,1,13.953893,12.21
2026-09-16,G0015,25.46802,87.13012,9.88,31.3,76.27,4.21,0.349,15.28,47.65,7.92,1,12.067021,9.88
2026-09-16,G0014,25.46802,87.09024,10.25,33.16,81.4,1.62,0.454,25.61,45.39,15.83,1,17.737864,10.25
2026-09-16,G0013,25.46802,87.05022,17.71,30.92,87.78,2.58,0.394,13.97,40.74,15.96,1,13.002346,17.71
2026-09-16,G0012,25.46802,87.0102,13.93,28.88,67.25,5.44,0.398,17.22,44.29,13.1,1,13.528393,13.93
2026-09-16,G0011,25.46802,86.97018,7.23,30.24,77.12,3.13,0.411,10.04,46.22,8.0,1,8.656179,7.23
2026-09-16,G0010,25.46802,86.93017,4.84,31.64,78.19,4.12,0.402,11.06,44.31,4.89,1,7.8875723,4.84
2026-09-16,G0016,25.50405,86.57001,16.8,29.6,72.15,4.18,0.438,1.89,53.3,2.69,1,6.390034,16.8
2026-09-16,G0009,25.46802,86.89015,9.54,29.74,78.88,3.04,0.459,8.76,46.06,7.4,1,8.371074,9.54
2026-09-16,G0007,25.46802,86.81011,14.34,32.25,85.48,3.42,0.429,7.93,47.49,3.39,1,8.12887,14.34
2026-09-16,G0006,25.46802,86.7701,9.08,32.54,78.45,3.38,0.485,14.53,44.75,12.19,1,11.734598,9.08
2026-09-16,G0005,25.46802,86.73008,15.04,33.28,78.8,4.94,0.53,21.58,44.97,19.69,1,17.112984,15.04
2026-09-16,G0004,25.46802,86.69006,21.15,30.5,74.23,4.95,0.443,12.98,44.87,15.47,1,13.555541,21.15
2026-09-16,G0003,25.46802,86.65004,15.07,31.02,75.15,1.06,0.436,18.02,44.87,13.51,1,15.400956,15.07
2026-09-16,G0002,25.46802,86.61003,19.22,32.1,68.65,3.82,0.471,18.06,46.6,16.65,1,15.915116,19.22
2026-09-16,G0008,25.46802,86.85013,5.34,32.0,76.34,4.23,0.401,10.47,44.72,5.0,1,8.155689,5.34
2026-09-16,G0035,25.54009,86.73008,13.87,32.76,67.36,3.42,0.425,16.39,44.89,15.1,1,13.468306,13.87
2026-09-16,G0017,25.50405,86.61003,7.33,30.48,83.15,1.73,0.441,20.63,47.53,17.3,1,14.032594,7.33
2026-09-16,G0019,25.50405,86.69006,9.14,32.28,76.69,2.86,0.439,9.06,47.62,8.84,1,8.31632,9.14
2026-09-16,G0033,25.54009,86.65004,16.76,32.8,67.31,2.42,0.459,8.62,50.78,6.64,1,11.38288,16.76
2026-09-16,G0032,25.54009,86.61003,11.07,33.48,74.42,1.35,0.398,10.86,46.17,14.55,1,9.569484,11.07
2026-09-16,G0031,25.54009,86.57001,10.77,32.08,72.05,4.95,0.459,13.99,48.33,9.29,1,11.30049,10.77
2026-09-16,G0030,25.50405,87.13012,21.8,32.61,75.35,1.47,0.499,10.79,50.91,10.44,1,11.811985,21.8
2026-09-16,G0029,25.50405,87.09024,13.37,32.64,74.8,2.95,0.482,8.01,48.58,9.3,1,8.864025,13.37
2026-09-16,G0028,25.50405,87.05022,3.75,29.86,77.23,2.29,0.472,16.97,46.99,6.94,1,11.636354,3.75
2026-09-16,G0018,25.50405,86.65004,16.5,33.15,75.1,4.02,0.402,10.93,44.53,9.26,1,11.314875,16.5
2026-09-16,G0027,25.50405,87.0102,12.77,33.57,76.24,5.43,0.446,9.71,45.94,7.96,1,9.208099,12.77
2026-09-16,G0025,25.50405,86.93017,13.85,34.1,70.77,2.09,0.472,17.38,48.44,16.62,1,12.916383,13.85
2026-09-16,G0024,25.50405,86.89015,10.26,30.91,66.55,1.47,0.352,12.87,48.03,6.86,1,9.771058,10.26
2026-09-16,G0023,25.50405,86.85013,12.89,31.46,74.75,1.97,0.395,10.78,48.75,11.66,1,10.083717,12.89
2026-09-16,G0022,25.50405,86.81011,15.11,29.93,70.08,2.77,0.448,20.48,47.4,18.79,1,16.400192,15.11
2026-09-16,G0021,25.50405,86.7701,15.41,32.95,74.41,3.39,0.386,19.04,45.74,9.01,1,15.727941,15.41
2026-09-16,G0020,25.50405,86.73008,5.48,32.34,68.96,4.69,0.374,16.97,48.4,11.43,1,11.483078,5.48
2026-09-16,G0026,25.50405,86.97018,12.32,31.95,75.08,3.79,0.416,15.4,53.12,11.2,1,12.29671,12.32
2026-09-16,G0071,25.61216,86.97018,19.56,31.31,72.47,1.01,0.431,0.58,51.94,5.46,1,5.8053637,19.56
2026-09-16,G0001,25.46802,86.57001,12.9,30.56,73.23,5.96,0.495,16.13,45.02,13.44,1,12.906375,12.9
2026-09-16,G0073,25.61216,87.05022,16.26,31.5,76.17,3.54,0.431,10.45,53.79,10.78,1,10.196698,16.26
2026-09-16,G0123,25.75631,86.65004,10.82,32.08,80.22,5.46,0.43,12.51,59.35,10.97,1,11.10819,10.82
2026-09-16,G0122,25.75631,86.61003,11.31,30.93,84.35,4.65,0.381,14.0,57.99,7.53,1,11.609952,11.31
2026-09-16,G0121,25.75631,86.57001,9.47,33.54,64.69,3.34,0.348,10.32,60.37,7.53,1,8.498952,9.47
2026-09-16,G0120,25.72027,87.13012,18.01,33.64,73.04,3.29,0.407,7.49,57.18,7.71,1,8.897537,18.01
2026-09-16,G0119,25.72027,87.09024,9.9,32.23,72.59,3.51,0.386,13.44,60.05,11.84,1,10.685194,9.9
2026-09-16,G0118,25.72027,87.05022,15.54,30.9,69.24,2.71,0.417,1.64,57.24,5.68,1,5.7798133,15.54
2026-09-16,G0072,25.61216,87.0102,11.72,30.18,75.93,2.8,0.419,7.56,53.24,7.72,1,8.205481,11.72
2026-09-16,G0117,25.72027,87.0102,13.99,30.12,58.76,3.19,0.416,6.46,57.42,9.73,1,8.526376,13.99
2026-09-16,G0115,25.72027,86.93017,14.64,30.24,74.31,3.09,0.42,10.23,59.1,4.37,1,10.305306,14.64
2026-09-16,G0114,25.72027,86.89015,16.31,32.01,80.54,5.49,0.4,13.23,53.38,14.19,1,11.02788,16.31
2026-09-16,G0113,25.72027,86.85013,13.12,31.86,74.55,4.0,0.424,2.86,56.26,8.95,1,5.2404056,13.12
2026-09-16,G0112,25.72027,86.81011,18.86,28.44,69.99,3.3,0.419,20.99,57.48,19.75,1,17.542042,18.86
2026-09-16,G0111,25.72027,86.7701,9.1,30.49,73.43,3.29,0.393,11.44,57.46,9.54,1,9.445117,9.1
2026-09-16,G0110,25.72027,86.73008,16.74,31.68,77.8,2.8,0.324,9.15,57.33,12.58,1,10.250554,16.74
2026-09-16,G0116,25.72027,86.97018,19.94,30.4,71.62,4.02,0.398,11.13,57.8,9.06,1,12.151881,19.94
2026-09-16,G0109,25.72027,86.69006,9.58,28.65,74.67,4.35,0.423,5.35,58.98,10.46,1,6.811022,9.58
2026-09-16,G0125,25.75631,86.73008,14.44,30.65,73.15,4.6,0.451,10.76,57.63,16.32,1,10.635956,14.44
2026-09-16,G0127,25.75631,86.81011,5.82,31.87,72.03,1.45,0.389,14.06,58.25,5.94,1,9.867179,5.82
2026-09-16,G0141,25.79234,86.7701,7.17,31.35,75.38,4.38,0.429,9.53,58.95,7.09,1,7.9554753,7.17
2026-09-16,G0140,25.79234,86.73008,8.53,33.12,66.77,4.84,0.398,11.78,61.16,10.6,1,9.703829,8.53
2026-09-16,G0139,25.79234,86.69006,15.76,30.09,76.6,3.11,0.466,12.13,63.19,14.73,1,11.389939,15.76
2026-09-16,G0138,25.79234,86.65004,9.28,31.3,68.68,2.51,0.429,14.91,58.95,8.2,1,10.848804,9.28
2026-09-16,G0137,25.79234,86.61003,17.11,31.62,76.81,3.67,0.45,9.43,57.94,9.62,1,10.934175,17.11
2026-09-16,G0136,25.79234,86.57001,16.5,29.7,74.0,2.97,0.385,9.32,63.89,11.21,1,10.002903,16.5
2026-09-16,G0126,25.75631,86.7701,14.34,31.08,73.85,6.35,0.414,15.54,60.88,17.13,1,13.372317,14.34
2026-09-16,G0135,25.75631,87.13012,5.31,30.4,66.42,1.81,0.342,6.23,58.75,12.77,1,5.696105,5.31
2026-09-16,G0133,25.75631,87.05022,12.1,31.52,68.48,3.91,0.425,17.87,61.97,7.22,1,14.289664,12.1
2026-09-16,G0132,25.75631,87.0102,13.59,30.59,75.89,3.57,0.422,9.37,60.87,12.9,1,9.217219,13.59
2026-09-16,G0131,25.75631,86.97018,18.65,31.2,74.32,3.39,0.45,14.39,56.74,13.85,1,13.074352,18.65
2026-09-16,G0130,25.75631,86.93017,12.97,32.35,76.31,6.38,0.465,9.48,56.9,15.97,1,8.94705,12.97
2026-09-16,G0129,25.75631,86.89015,20.33,31.5,72.21,4.42,0.414,11.67,58.86,9.52,1,12.350766,20.33
2026-09-16,G0128,25.75631,86.85013,9.78,31.58,82.05,2.87,0.418,4.54,56.34,9.01,1,6.3834467,9.78
2026-09-16,G0134,25.75631,87.09024,15.48,31.64,72.89,3.2,0.494,16.44,57.5,13.79,1,13.20913,15.48
2026-09-16,G0108,25.72027,86.65004,7.54,32.14,78.95,2.03,0.419,10.03,59.14,8.67,1,8.7531595,7.54
2026-09-16,G0124,25.75631,86.69006,5.36,31.26,71.13,2.08,0.425,15.5,55.88,13.98,1,10.562791,5.36
2026-09-16,G0106,25.72027,86.57001,15.22,30.38,81.84,3.64,0.412,9.19,57.79,12.02,1,10.364708,15.22
2026-09-16,G0087,25.6482,87.0102,9.59,30.02,66.87,1.64,0.481,14.61,56.54,15.2,1,11.089342,9.59
2026-09-16,G0086,25.6482,86.97018,10.65,33.39,76.12,4.51,0.433,7.67,53.58,9.9,1,7.4269524,10.65
2026-09-16,G0085,25.6482,86.93017,13.52,31.15,77.33,1.47,0.398,9.36,54.05,15.69,1,9.289149,13.52
2026-09-16,G0084,25.6482,86.89015,11.23,31.46,72.78,2.62,0.454,10.93,53.46,7.73,1,9.482204,11.23
2026-09-16,G0083,25.6482,86.85013,8.69,31.82,72.39,3.73,0.398,11.95,52.82,17.07,1,9.767646,8.69
2026-09-16,G0081,25.6482,86.7701,22.22,28.24,68.25,3.98,0.487,11.64,54.01,9.49,1,13.192482,22.22
2026-09-16,G0088,25.6482,87.05022,6.55,31.3,71.81,2.07,0.413,13.72,51.64,11.49,1,10.23681,6.55
2026-09-16,G0080,25.6482,86.73008,4.57,33.08,74.38,5.75,0.454,17.71,57.48,13.18,1,11.423996,4.57
2026-09-16,G0078,25.6482,86.65004,13.4,31.32,68.77,2.58,0.409,8.27,54.05,6.93,1,8.347277,13.4
2026-09-16,G0077,25.6482,86.61003,8.86,33.65,73.96,2.96,0.402,14.09,52.86,11.83,1,11.180096,8.86
2026-09-16,G0076,25.6482,86.57001,12.82,33.69,68.13,3.06,0.417,21.7,52.45,9.61,1,15.25562,12.82
2026-09-16,G0075,25.61216,87.13012,8.83,31.2,78.85,2.24,0.387,14.34,53.53,8.09,1,11.187541,8.83
2026-09-16,G0074,25.61216,87.09024,18.68,34.0,67.32,3.12,0.406,13.2,54.55,13.17,1,13.2117405,18.68
2026-09-16,G0107,25.72027,86.61003,15.75,30.5,69.31,3.44,0.46,12.54,57.04,11.8,1,11.883386,15.75
2026-09-16,G0079,25.6482,86.69006,15.97,31.8,78.42,2.75,0.453,12.64,50.75,8.63,1,11.994078,15.97
2026-09-16,G0089,25.6482,87.09024,12.39,31.09,75.95,3.27,0.399,7.02,52.18,7.59,1,7.85852,12.39
2026-09-16,G0082,25.6482,86.81011,7.95,32.51,76.45,2.65,0.388,16.36,50.33,8.26,1,11.9909935,7.95
2026-09-16,G0091,25.68423,86.57001,4.58,31.94,72.92,3.3,0.37,12.47,57.55,3.8,1,9.026419,4.58
2026-09-16,G0090,25.6482,87.13012,16.31,32.68,74.25,4.97,0.392,11.79,55.22,11.61,1,11.176107,16.31
2026-09-16,G0104,25.68423,87.09024,19.44,30.82,69.59,4.26,0.458,3.2,49.47,9.66,1,8.196919,19.44
2026-09-16,G0103,25.68423,87.05022,12.56,31.5,76.03,2.98,0.402,15.53,59.62,19.25,1,12.61867,12.56
2026-09-16,G0102,25.68423,87.0102,4.95,32.47,78.06,3.34,0.414,8.37,54.46,9.59,1,5.9886484,4.95
2026-09-16,G0101,25.68423,86.97018,11.78,31.1,73.06,3.81,0.491,7.31,54.5,5.49,1,8.048002,11.78
2026-09-16,G0100,25.68423,86.93017,14.65,32.62,85.43,3.56,0.467,10.29,56.97,9.43,1,10.833118,14.65
2026-09-16,G0099,25.68423,86.89015,13.17,30.29,79.36,4.78,0.444,12.45,57.17,13.85,1,11.5094,13.17
2026-09-16,G0105,25.68423,87.13012,8.83,31.25,77.74,3.68,0.426,12.63,57.48,10.63,1,10.223145,8.83
2026-09-16,G0097,25.68423,86.81011,16.15,32.0,70.56,3.13,0.411,17.86,53.76,14.26,1,14.091925,16.15
2026-09-16,G0096,25.68423,86.7701,9.17,30.13,79.2,5.16,0.426,14.47,56.71,13.69,1,11.4409075,9.17
2026-09-16,G0095,25.68423,86.73008,19.15,29.81,83.54,2.97,0.408,16.81,55.85,11.24,1,15.702199,19.15
2026-09-16,G0094,25.68423,86.69006,11.68,32.3,72.31,2.12,0.442,13.47,52.96,3.39,1,11.193072,11.68
2026-09-16,G0093,25.68423,86.65004,20.54,32.38,61.13,4.42,0.421,14.98,56.16,14.8,1,14.151315,20.54
2026-09-16,G0092,25.68423,86.61003,12.32,30.46,77.27,2.82,0.401,15.55,53.42,16.09,1,12.552953,12.32
2026-09-16,G0098,25.68423,86.85013,11.7,29.9,71.35,4.0,0.454,7.82,54.5,3.93,1,8.276236,11.7
2026-09-17,G0194,25.90045,87.09024,12.15,31.78,82.46,1.46,0.481,11.64,61.62,6.66,1,10.774508,12.15
2026-09-17,G0193,25.90045,87.05022,11.15,31.5,69.91,3.77,0.41,14.43,66.4,11.39,1,11.063416,11.15
2026-09-17,G0192,25.90045,87.0102,12.68,30.84,75.97,3.98,0.379,7.51,62.44,6.61,1,8.384759,12.68
2026-09-17,G0191,25.90045,86.97018,13.15,31.62,71.74,4.26,0.39,14.74,63.67,7.82,1,11.7993765,13.15
2026-09-17,G0190,25.90045,86.93017,15.62,29.87,79.66,2.87,0.42,14.93,66.24,7.65,1,13.022934,15.62
2026-09-17,G0189,25.90045,86.89015,13.6,31.26,73.8,3.97,0.461,3.93,65.63,5.0,1,6.9160132,13.6
2026-09-17,G0185,25.90045,86.73008,15.73,29.61,75.95,4.63,0.521,13.17,69.13,11.06,1,13.984789,15.73
2026-09-17,G0187,25.90045,86.81011,10.02,28.49,67.76,3.28,0.445,10.23,67.54,7.32,1,9.124883,10.02
2026-09-17,G0186,25.90045,86.7701,11.87,31.14,75.68,2.36,0.435,12.52,67.32,8.18,1,11.289665,11.87
2026-09-17,G0184,25.90045,86.69006,7.37,32.85,78.3,4.66,0.423,15.17,62.84,17.17,1,11.901548,7.37
2026-09-17,G0183,25.90045,86.65004,17.67,32.33,76.24,4.06,0.474,12.88,66.84,9.98,1,12.669512,17.67
2026-09-17,G0182,25.90045,86.61003,14.58,32.92,74.34,4.61,0.454,11.54,64.28,13.65,1,11.656641,14.58
2026-09-17,G0195,25.90045,87.13012,11.63,29.85,85.01,3.47,0.435,12.92,66.21,16.29,1,11.518431,11.63
2026-09-17,G0188,25.90045,86.85013,10.85,33.13,64.53,1.5,0.472,11.19,66.84,11.98,1,9.387444,10.85
2026-09-17,G0196,25.93649,86.57001,19.28,30.03,73.09,4.93,0.399,17.61,66.17,18.38,1,15.624195,19.28
2026-09-17,G0213,25.97252,86.65004,16.31,31.27,74.49,1.55,0.47,14.16,69.93,11.6,1,12.605386,16.31
2026-09-17,G0198,25.93649,86.65004,7.54,30.77,75.75,3.45,0.4,13.79,66.69,6.63,1,10.642264,7.54
2026-09-17,G0212,25.97252,86.61003,7.73,29.42,74.15,2.55,0.45,18.71,69.53,15.71,1,13.148368,7.73
2026-09-17,G0211,25.97252,86.57001,7.97,32.28,75.96,2.23,0.434,10.91,67.62,10.68,1,9.635167,7.97
2026-09-17,G0210,25.93649,87.13012,17.95,31.44,76.44,2.18,0.458,20.92,68.34,15.48,1,17.125744,17.95
2026-09-17,G0209,25.93649,87.09024,6.6,31.22,78.64,4.46,0.412,4.89,66.57,4.89,1,5.6091785,6.6
2026-09-17,G0208,25.93649,87.05022,10.77,29.49,75.61,2.69,0.464,11.89,65.34,7.44,1,10.629855,10.77
2026-09-17,G0207,25.93649,87.0102,16.78,31.01,76.57,0.86,0.474,9.02,66.93,8.95,1,9.691177,16.78
2026-09-17,G0197,25.93649,86.61003,10.59,32.0,71.44,2.39,0.464,16.8,66.79,9.75,1,12.255465,10.59
2026-09-17,G0206,25.93649,86.97018,15.65,31.11,76.04,2.24,0.45,9.95,66.98,14.41,1,10.418778,15.65
2026-09-17,G0204,25.93649,86.89015,11.95,31.39,63.3,2.62,0.387,11.04,68.31,7.32,1,9.842116,11.95
2026-09-17,G0203,25.93649,86.85013,18.69,33.03,78.69,4.39,0.446,13.43,66.9,13.01,1,12.877578,18.69
2026-09-17,G0202,25.93649,86.81011,13.43,32.46,67.4,5.25,0.419,18.36,69.34,13.69,1,14.583793,13.43
2026-09-17,G0201,25.93649,86.7701,12.03,29.61,76.43,4.51,0.426,15.79,67.4,14.74,1,13.16669,12.03
2026-09-17,G0200,25.93649,86.73008,16.82,30.96,79.24,3.96,0.403,10.46,67.76,10.68,1,11.454085,16.82
2026-09-17,G0199,25.93649,86.69006,12.36,29.58,59.43,2.04,0.459,14.64,69.17,15.74,1,12.04481,12.36
2026-09-17,G0205,25.93649,86.93017,18.31,31.03,80.78,2.76,0.459,2.77,66.89,4.57,1,8.579479,18.31
2026-09-17,G0181,25.90045,86.57001,12.51,32.19,87.15,2.48,0.445,11.05,67.19,7.87,1,10.76973,12.51
2026-09-17,G0146,25.79234,86.97018,16.06,31.82,76.64,4.46,0.383,11.23,61.81,11.69,1,10.95191,16.06
2026-09-17,G0179,25.86441,87.09024,14.42,30.83,78.91,4.58,0.37,19.61,62.43,12.09,1,15.687988,14.42
2026-09-17,G0159,25.82838,86.89015,16.0,28.43,71.05,4.22,0.407,13.53,68.82,9.58,1,11.634813,16.0
2026-09-17,G0158,25.82838,86.85013,11.35,29.85,73.28,2.55,0.401,2.85,61.29,0.0,0,5.211631,11.35
2026-09-17,G0157,25.82838,86.81011,16.56,29.12,75.88,3.19,0.435,10.07,59.95,9.66,1,10.662043,16.56
2026-09-17,G0156,25.82838,86.7701,12.32,29.07,84.14,5.0,0.45,18.36,61.34,10.58,1,14.8961,12.32
2026-09-17,G0155,25.82838,86.73008,15.8,31.8,78.78,0.94,0.366,12.81,61.14,11.74,1,11.493463,15.8
2026-09-17,G0154,25.82838,86.69006,16.1,30.23,74.04,2.17,0.463,17.45,62.36,11.15,1,13.573162,16.1
2026-09-17,G0160,25.82838,86.93017,19.71,29.79,65.13,4.54,0.438,10.28,62.39,10.56,1,11.570491,19.71
2026-09-17,G0153,25.82838,86.65004,8.12,31.8,78.35,3.6,0.425,18.39,64.72,8.69,1,13.61312,8.12
2026-09-17,G0151,25.82838,86.57001,15.1,31.13,73.14,3.07,0.345,12.2,63.89,14.52,1,10.962677,15.1
2026-09-17,G0150,25.79234,87.13012,1.89,34.15,62.22,4.8,0.4,6.65,59.51,7.98,1,5.0820107,1.89
2026-09-17,G0149,25.79234,87.09024,19.05,31.08,72.26,6.14,0.387,3.75,62.15,1.14,1,7.905603,19.05
2026-09-17,G0148,25.79234,87.05022,5.45,32.0,72.07,5.02,0.42,4.26,59.71,6.93,1,4.194141,5.45
2026-09-17,G0147,25.79234,87.0102,10.95,29.44,79.66,3.03,0.44,10.46,62.75,11.99,1,10.066434,10.95
2026-09-17,G0214,25.97252,86.69006,9.72,29.56,71.25,2.53,0.47,16.7,66.27,17.64,1,12.125657,9.72
2026-09-17,G0152,25.82838,86.61003,10.4,30.75,73.16,2.87,0.405,10.53,64.77,8.54,1,9.069474,10.4
2026-09-17,G0161,25.82838,86.97018,16.7,29.84,76.8,3.6,0.447,8.02,64.13,10.06,1,10.158467,16.7
2026-09-17,G0162,25.82838,87.0102,14.52,30.05,72.65,2.28,0.435,13.95,61.0,13.38,1,12.154855,14.52
2026-09-17,G0163,25.82838,87.05022,23.76,32.37,71.78,3.02,0.417,14.49,67.56,17.93,1,14.029728,23.76
2026-09-17,G0178,25.86441,87.05022,16.86,30.95,70.53,3.98,0.333,12.39,63.07,10.14,1,11.393158,16.86
2026-09-17,G0177,25.86441,87.0102,10.79,30.89,76.15,2.95,0.376,9.86,64.36,13.25,1,9.1373825,10.79
2026-09-17,G0176,25.86441,86.97018,14.14,30.98,77.23,2.17,0.38,10.03,58.77,13.23,1,9.978412,14.14
2026-09-17,G0175,25.86441,86.93017,11.83,31.47,74.88,2.05,0.426,12.08,68.55,12.17,1,10.316577,11.83
2026-09-17,G0174,25.86441,86.89015,11.27,30.97,79.12,1.44,0.432,10.15,65.85,9.86,1,10.1865015,11.27
2026-09-17,G0173,25.86441,86.85013,15.93,29.27,69.51,2.77,0.451,7.29,62.25,3.2,1,9.087989,15.93
2026-09-17,G0172,25.86441,86.81011,13.19,31.4,69.96,0.41,0.407,10.3,66.53,9.27,1,10.031405,13.19
2026-09-17,G0171,25.86441,86.7701,13.65,31.56,78.8,2.64,0.482,8.43,61.7,12.58,1,9.174263,13.65
2026-09-17,G0170,25.86441,86.73008,9.13,31.28,68.29,3.78,0.318,9.96,63.21,5.65,1,8.58792,9.13
2026-09-17,G0169,25.86441,86.69006,14.86,31.77,75.17,4.6,0.388,13.78,62.08,13.9,1,12.811273,14.86
2026-09-17,G0168,25.86441,86.65004,11.21,33.35,71.21,4.77,0.455,19.56,62.57,14.96,1,14.249213,11.21
2026-09-17,G0167,25.86441,86.61003,15.03,30.28,81.82,4.76,0.421,13.43,64.05,9.89,1,12.508415,15.03
2026-09-17,G0166,25.86441,86.57001,13.92,30.4,67.88,4.32,0.467,3.44,66.97,4.18,1,6.3831115,13.92
2026-09-17,G0165,25.82838,87.13012,15.82,31.93,77.37,4.36,0.433,7.37,60.48,8.16,1,8.964721,15.82
2026-09-17,G0164,25.82838,87.09024,15.39,30.18,84.28,3.59,0.462,12.86,64.11,11.83,1,12.675921,15.39
2026-09-17,G0180,25.86441,87.13012,17.83,29.91,65.56,2.82,0.446,8.45,63.91,11.51,1,10.330423,17.83
2026-09-17,G0215,25.97252,86.73008,15.25,31.22,75.43,2.09,0.495,18.99,71.17,14.11,1,14.912727,15.25
2026-09-17,G0250,26.04459,86.93017,13.09,31.5,76.96,7.16,0.385,11.41,69.49,10.68,1,9.909969,13.09
2026-09-17,G0217,25.97252,86.81011,12.68,31.02,71.62,3.14,0.372,18.38,70.14,15.36,1,13.619401,12.68
2026-09-17,G0268,26.08063,87.05022,10.98,29.78,70.51,4.71,0.435,13.9,71.27,7.71,1,11.343344,10.98
2026-09-17,G0267,26.08063,87.0102,20.19,32.23,68.7,2.83,0.393,12.62,73.68,11.17,1,12.936221,20.19
2026-09-17,G0266,26.08063,86.97018,9.6,31.7,68.28,1.13,0.461,14.86,79.29,11.31,1,10.970789,9.6
2026-09-17,G0265,26.08063,86.93017,16.66,30.48,75.57,4.21,0.411,12.18,71.83,10.35,1,11.055546,16.66
2026-09-17,G0264,26.08063,86.89015,5.88,31.45,77.67,3.59,0.429,11.41,75.27,13.18,1,8.662503,5.88
2026-09-17,G0263,26.08063,86.85013,17.04,29.95,76.88,2.57,0.395,19.65,71.35,17.63,1,15.638185,17.04
2026-09-17,G0269,26.08063,87.09024,11.44,31.1,65.65,3.94,0.444,17.64,75.99,15.19,1,13.128499,11.44
2026-09-17,G0262,26.08063,86.81011,17.49,30.94,67.24,2.53,0.35,13.27,74.74,16.58,1,12.939362,17.49
2026-09-17,G0260,26.08063,86.73008,14.26,29.63,76.82,3.99,0.409,13.85,72.85,11.44,1,11.720131,14.26
2026-09-17,G0259,26.08063,86.69006,10.73,32.19,77.2,2.0,0.492,13.33,75.8,13.18,1,11.175478,10.73
2026-09-17,G0258,26.08063,86.65004,19.62,29.39,74.19,4.44,0.431,15.67,76.68,13.38,1,15.258445,19.62
2026-09-17,G0257,26.08063,86.61003,11.6,32.68,62.64,4.3,0.45,12.4,74.2,13.64,1,10.337644,11.6
2026-09-17,G0256,26.08063,86.57001,13.9,29.61,77.93,1.5,0.355,14.71,74.52,16.39,1,12.567422,13.9
2026-09-17,G0255,26.04459,87.13012,16.54,31.55,76.47,1.54,0.413,8.42,74.78,8.71,1,10.244435,16.54
2026-09-17,G0261,26.08063,86.7701,9.31,31.19,80.13,2.76,0.457,17.92,68.54,8.55,1,14.032858,9.31
2026-09-17,G0254,26.04459,87.09024,12.26,32.26,68.17,4.01,0.421,18.68,68.34,8.92,1,14.492189,12.26
2026-09-17,G0270,26.08063,87.13012,8.26,30.92,70.74,3.7,0.459,15.29,77.2,7.9,1,9.96069,8.26
2026-09-17,G0272,26.09932,86.61003,11.2,29.74,68.91,2.48,0.404,16.99,73.97,15.51,1,12.528833,11.2
2026-09-17,G0145,25.79234,86.93017,11.68,30.57,76.89,3.88,0.421,9.56,64.21,6.61,1,9.75998,11.68
2026-09-17,G0285,26.09932,87.13012,18.04,31.59,74.64,2.47,0.389,14.66,73.14,9.09,1,13.368545,18.04
2026-09-17,G0284,26.09932,87.09024,16.43,30.09,89.8,2.47,0.438,14.44,73.17,11.43,1,13.19239,16.43
2026-09-17,G0283,26.09932,87.05022,12.11,33.0,69.88,5.05,0.411,10.27,76.28,6.53,1,9.671737,12.11
2026-09-17,G0282,26.09932,87.0102,12.53,29.83,70.79,3.49,0.373,17.31,71.68,10.74,1,13.326247,12.53
2026-09-17,G0281,26.09932,86.97018,16.84,29.46,71.41,4.31,0.483,7.68,74.38,6.42,1,9.721627,16.84
2026-09-17,G0271,26.09932,86.57001,7.33,31.08,70.17,5.14,0.391,19.56,79.42,14.62,1,13.215325,7.33
2026-09-17,G0280,26.09932,86.93017,9.33,31.33,82.51,2.87,0.491,13.36,74.79,4.2,1,11.207928,9.33
2026-09-17,G0278,26.09932,86.85013,6.58,30.62,66.11,4.47,0.429,12.4,74.59,10.27,1,8.969522,6.58
2026-09-17,G0277,26.09932,86.81011,9.01,30.54,66.37,4.0,0.517,13.82,72.67,11.63,1,10.631992,9.01
2026-09-17,G0276,26.09932,86.7701,12.04,29.75,75.02,3.86,0.457,13.6,76.06,15.05,1,11.567369,12.04
2026-09-17,G0275,26.09932,86.73008,14.68,31.86,79.14,1.18,0.379,21.47,77.63,18.64,1,17.92923,14.68
2026-09-17,G0274,26.09932,86.69006,17.16,32.06,78.79,5.19,0.417,11.09,74.96,12.21,1,11.749158,17.16
2026-09-17,G0273,26.09932,86.65004,11.14,31.6,71.27,5.01,0.417,9.67,75.86,11.66,1,9.2593,11.14
2026-09-17,G0279,26.09932,86.89015,9.84,29.37,73.62,4.14,0.405,12.09,75.78,9.0,1,9.192248,9.84
2026-09-17,G0216,25.97252,86.7701,11.14,31.92,83.76,2.29,0.383,15.2,70.25,6.47,1,12.160042,11.14
2026-09-17,G0253,26.04459,87.05022,17.16,29.91,82.11,5.14,0.389,14.29,75.46,15.86,1,13.446849,17.16
2026-09-17,G0251,26.04459,86.97018,19.75,34.32,72.71,1.53,0.414,14.42,74.4,11.74,1,14.218828,19.75
2026-09-17,G0231,26.00856,86.7701,10.54,32.6,66.65,3.22,0.478,14.59,72.0,7.56,1,11.461079,10.54
2026-09-17,G0230,26.00856,86.73008,14.79,31.74,66.72,5.07,0.313,13.67,70.4,11.34,1,12.746746,14.79
2026-09-17,G0229,26.00856,86.69006,15.54,33.12,67.45,1.72,0.429,20.66,67.85,9.22,1,15.811401,15.54
2026-09-17,G0228,26.00856,86.65004,11.59,30.89,80.33,3.14,0.423,14.87,69.5,16.49,1,12.447686,11.59
2026-09-17,G0227,26.00856,86.61003,13.06,29.42,74.4,2.78,0.449,14.95,71.81,9.28,1,11.791448,13.06
2026-09-17,G0226,26.00856,86.57001,11.57,30.49,72.48,3.01,0.424,16.05,70.81,18.29,1,12.40572,11.57
2026-09-17,G0232,26.00856,86.81011,12.48,32.95,70.52,4.79,0.439,18.2,72.32,11.75,1,14.7131195,12.48
2026-09-17,G0225,25.97252,87.13012,5.65,32.12,76.03,2.22,0.422,13.64,69.0,8.91,1,10.652086,5.65
2026-09-17,G0223,25.97252,87.05022,18.42,30.15,75.07,1.74,0.431,8.92,67.61,10.16,1,10.244198,18.42
2026-09-17,G0222,25.97252,87.0102,6.76,32.2,73.38,4.08,0.395,15.46,67.98,11.75,1,11.043891,6.76
2026-09-17,G0221,25.97252,86.97018,15.47,31.43,75.14,2.45,0.462,10.28,70.17,5.59,1,10.673125,15.47
2026-09-17,G0220,25.97252,86.93017,18.59,32.14,78.42,1.81,0.397,9.12,70.15,8.26,1,10.584848,18.59
2026-09-17,G0219,25.97252,86.89015,9.47,29.89,74.14,4.61,0.492,15.32,68.91,14.95,1,12.0371275,9.47
2026-09-17,G0218,25.97252,86.85013,9.01,31.23,77.2,4.66,0.464,11.17,69.65,13.31,1,10.16606,9.01
2026-09-17,G0224,25.97252,87.09024,7.47,30.35,77.91,1.98,0.442,12.54,70.83,10.11,1,10.380309,7.47
2026-09-17,G0252,26.04459,87.0102,9.35,32.15,76.8,3.94,0.385,11.63,69.6,11.98,1,10.166006,9.35
2026-09-17,G0233,26.00856,86.85013,6.53,31.73,74.64,5.76,0.407,17.6,67.36,16.85,1,13.0740795,6.53
2026-09-17,G0235,26.00856,86.93017,11.7,33.81,84.86,0.55,0.402,11.25,68.4,18.71,1,9.387822,11.7
2026-09-17,G0249,26.04459,86.89015,5.28,32.28,73.04,2.74,0.433,11.55,73.37,6.95,1,8.170776,5.28
2026-09-17,G0248,26.04459,86.85013,22.0,29.77,72.51,4.3,0.444,7.46,72.7,13.52,1,9.479953,22.0
2026-09-17,G0247,26.04459,86.81011,17.8,33.0,71.93,4.08,0.42,15.36,74.38,13.39,1,13.195523,17.8
2026-09-17,G0246,26.04459,86.7701,16.33,32.03,65.99,2.58,0.392,20.06,71.27,15.38,1,16.628965,16.33
2026-09-17,G0245,26.04459,86.73008,18.59,31.5,76.16,2.29,0.445,18.86,70.58,12.92,1,16.36608,18.59
2026-09-17,G0244,26.04459,86.69006,13.44,29.61,78.88,2.79,0.315,22.37,73.68,16.41,1,14.348839,13.44
2026-09-17,G0234,26.00856,86.89015,14.18,30.81,64.14,2.99,0.388,10.41,70.72,12.54,1,10.063693,14.18
2026-09-17,G0243,26.04459,86.65004,12.9,30.24,64.96,1.13,0.436,24.76,74.45,16.05,1,17.601889,12.9
2026-09-17,G0241,26.04459,86.57001,8.37,30.76,71.58,5.64,0.386,13.64,74.33,8.67,1,9.876319,8.37
2026-09-17,G0240,26.00856,87.13012,15.44,30.93,79.06,0.67,0.413,17.49,72.18,12.71,1,14.799944,15.44
2026-09-17,G0239,26.00856,87.09024,16.74,30.86,70.34,5.42,0.448,19.26,69.95,14.92,1,14.983816,16.74
2026-09-17,G0238,26.00856,87.05022,16.84,29.75,73.18,4.77,0.417,15.37,68.25,15.37,1,13.657577,16.84
2026-09-17,G0237,26.00856,87.0102,8.59,30.08,66.57,2.55,0.484,13.91,71.52,8.76,1,10.376046,8.59
2026-09-17,G0236,26.00856,86.97018,9.22,31.05,77.11,2.46,0.446,14.98,70.02,11.01,1,11.733392,9.22
2026-09-17,G0242,26.04459,86.61003,3.46,30.32,66.82,1.33,0.391,19.95,70.23,11.21,1,12.751185,3.46
2026-09-17,G0144,25.79234,86.89015,8.96,30.9,80.71,4.08,0.496,9.2,63.94,7.37,1,8.609023,8.96
2026-09-17,G0143,25.79234,86.85013,18.3,31.68,83.99,2.24,0.466,4.8,63.29,4.43,1,9.17488,18.3
2026-09-17,G0142,25.79234,86.81011,10.98,30.26,78.95,2.99,0.46,5.11,58.31,10.04,1,6.529979,10.98
2026-09-17,G0051,25.57613,86.7701,14.85,32.08,79.4,4.07,0.436,13.04,51.78,12.37,1,12.238426,14.85
2026-09-17,G0050,25.57613,86.73008,13.2,31.39,77.91,3.16,0.493,17.11,50.31,11.28,1,13.461395,13.2
2026-09-17,G0049,25.57613,86.69006,17.13,29.83,77.35,3.09,0.401,13.71,50.91,10.48,1,12.521977,17.13
2026-09-17,G0048,25.57613,86.65004,9.53,30.03,66.39,3.68,0.377,12.26,54.21,17.07,1,9.96153,9.53
2026-09-17,G0047,25.57613,86.61003,10.24,32.46,83.03,2.99,0.41,16.64,46.12,12.7,1,13.540466,10.24
2026-09-17,G0046,25.57613,86.57001,14.13,32.3,75.94,2.48,0.48,11.91,47.33,12.92,1,11.768519,14.13
2026-09-17,G0052,25.57613,86.81011,18.84,31.3,75.86,3.71,0.418,11.02,52.94,6.38,1,11.548642,18.84
2026-09-17,G0045,25.54009,87.13012,9.2,33.21,75.75,0.72,0.509,17.12,51.86,11.75,1,12.613837,9.2
2026-09-17,G0043,25.54009,87.05022,13.95,31.27,81.45,5.34,0.46,13.57,50.5,11.24,1,12.177476,13.95
2026-09-17,G0042,25.54009,87.0102,7.2,33.57,75.62,0.74,0.409,10.22,50.58,11.02,1,8.227101,7.2
2026-09-17,G0041,25.54009,86.97018,17.29,30.45,71.22,2.29,0.444,7.84,46.5,7.91,1,9.5140085,17.29
2026-09-17,G0040,25.54009,86.93017,12.32,30.33,75.57,2.63,0.434,16.29,49.94,17.33,1,13.232255,12.32
2026-09-17,G0039,25.54009,86.89015,15.2,30.12,75.33,1.89,0.41,12.41,52.68,13.3,1,11.4892845,15.2
2026-09-17,G0038,25.54009,86.85013,14.22,30.7,70.45,4.16,0.431,16.27,53.0,20.58,1,12.917054,14.22
2026-09-17,G0044,25.54009,87.09024,9.74,33.03,68.72,4.79,0.396,9.79,49.37,7.26,1,7.7065825,9.74
2026-09-17,G0037,25.54009,86.81011,24.39,32.32,74.19,2.4,0.408,13.85,52.66,11.87,1,13.204886,24.39
2026-09-17,G0053,25.57613,86.85013,12.4,31.64,69.92,1.77,0.413,6.47,49.75,4.12,1,7.4763746,12.4
2026-09-17,G0055,25.57613,86.93017,16.15,31.29,71.46,4.84,0.401,9.89,51.62,7.16,1,10.06039,16.15
2026-09-17,G0069,25.61216,86.89015,12.08,30.22,78.52,3.9,0.408,9.46,55.5,13.1,1,9.500568,12.08
2026-09-17,G0068,25.61216,86.85013,16.96,32.52,68.66,4.99,0.468,11.11,50.22,5.65,1,10.797583,16.96
2026-09-17,G0067,25.61216,86.81011,10.75,33.02,67.36,4.93,0.424,13.69,51.49,11.92,1,11.0725975,10.75
2026-09-17,G0066,25.61216,86.7701,11.46,30.37,71.08,2.03,0.412,10.04,50.58,11.82,1,9.690624,11.46
2026-09-17,G0065,25.61216,86.73008,18.82,30.03,72.92,1.58,0.387,15.0,55.85,11.64,1,13.090079,18.82
2026-09-17,G0064,25.61216,86.69006,7.34,30.63,66.96,1.38,0.436,11.83,54.78,9.99,1,8.603475,7.34
2026-09-17,G0054,25.57613,86.89015,11.14,31.57,78.74,2.76,0.38,9.65,51.17,7.62,1,9.40085,11.14
2026-09-17,G0063,25.61216,86.65004,12.5,31.99,77.21,2.98,0.426,21.95,50.76,14.22,1,16.227964,12.5
2026-09-17,G0061,25.61216,86.57001,10.4,32.23,68.44,4.11,0.385,6.59,51.74,6.36,1,7.1786275,10.4
2026-09-17,G0060,25.57613,87.13012,24.58,32.78,66.94,3.91,0.408,16.93,52.15,12.85,1,16.043438,24.58
2026-09-17,G0059,25.57613,87.09024,11.17,32.26,68.8,0.59,0.317,13.51,49.66,15.97,1,9.0918665,11.17
2026-09-17,G0058,25.57613,87.05022,19.69,30.65,71.25,3.46,0.405,6.35,51.64,2.77,1,9.859709,19.69
2026-09-17,G0057,25.57613,87.0102,10.34,31.1,76.99,3.12,0.42,13.52,51.04,8.66,1,11.124137,10.34
2026-09-17,G0056,25.57613,86.97018,10.72,31.66,76.11,2.54,0.442,12.95,49.82,11.91,1,10.789703,10.72
2026-09-17,G0062,25.61216,86.61003,8.66,32.18,70.94,2.9,0.437,11.33,50.66,12.32,1,9.475138,8.66
2026-09-17,G0070,25.61216,86.93017,17.07,33.23,75.29,2.38,0.419,4.86,51.81,8.17,1,8.611647,17.07
2026-09-17,G0036,25.54009,86.7701,16.48,31.65,76.55,3.38,0.45,22.2,48.74,20.03,1,17.906675,16.48
2026-09-17,G0034,25.54009,86.69006,2.33,32.99,74.07,2.47,0.463,19.84,50.4,11.5,1,12.670398,2.33
2026-09-17,G0015,25.46802,87.13012,16.5,32.49,80.13,1.94,0.491,22.28,45.33,16.5,1,17.389389,16.5
2026-09-17,G0014,25.46802,87.09024,14.2,31.05,75.68,4.01,0.394,11.59,44.94,14.2,1,11.081698,14.2
2026-09-17,G0013,25.46802,87.05022,14.51,31.11,80.34,3.78,0.447,13.91,47.13,13.09,1,12.157336,14.51
2026-09-17,G0012,25.46802,87.0102,25.54,32.38,80.49,0.94,0.465,15.81,44.03,18.76,1,16.81634,25.54
2026-09-17,G0011,25.46802,86.97018,14.68,31.78,70.66,3.55,0.409,12.51,47.8,12.15,1,11.561329,14.68
2026-09-17,G0010,25.46802,86.93017,13.26,31.9,76.89,2.32,0.417,12.09,42.69,6.45,1,11.120326,13.26
2026-09-17,G0016,25.50405,86.57001,10.47,31.3,75.55,5.13,0.462,12.63,47.49,8.88,1,11.262352,10.47
2026-09-17,G0009,25.46802,86.89015,14.74,31.0,82.92,1.54,0.426,18.0,42.77,8.96,1,15.227149,14.74
2026-09-17,G0007,25.46802,86.81011,10.93,32.69,66.89,1.23,0.365,13.16,46.83,13.13,1,9.577537,10.93
2026-09-17,G0006,25.46802,86.7701,8.91,32.01,68.3,4.68,0.442,20.45,51.67,13.42,1,13.088438,8.91
2026-09-17,G0005,25.46802,86.73008,11.29,29.67,75.73,1.07,0.417,25.77,48.37,15.62,1,18.13865,11.29
2026-09-17,G0004,25.46802,86.69006,8.8,30.04,74.16,3.19,0.47,20.97,45.63,13.46,1,14.2069845,8.8
2026-09-17,G0003,25.46802,86.65004,14.24,32.78,67.46,4.4,0.39,15.54,44.64,10.14,1,13.299187,14.24
2026-09-17,G0002,25.46802,86.61003,16.33,31.37,75.92,3.49,0.369,12.34,44.64,8.17,1,11.722758,16.33
2026-09-17,G0008,25.46802,86.85013,8.78,30.0,88.72,2.59,0.399,21.64,45.31,20.32,1,15.73032,8.78
2026-09-17,G0035,25.54009,86.73008,5.35,33.72,83.35,3.62,0.446,18.32,48.22,15.04,1,12.415531,5.35
2026-09-17,G0017,25.50405,86.61003,10.85,29.06,78.01,3.27,0.409,9.32,48.11,8.67,1,8.352827,10.85
2026-09-17,G0019,25.50405,86.69006,10.23,29.92,73.44,3.01,0.319,17.84,44.08,18.67,1,12.127755,10.23
2026-09-17,G0033,25.54009,86.65004,10.0,31.75,74.87,4.46,0.493,16.2,48.45,12.53,1,12.557159,10.0
2026-09-17,G0032,25.54009,86.61003,15.74,32.25,79.44,3.54,0.345,10.87,50.42,13.14,1,11.388386,15.74
2026-09-17,G0031,25.54009,86.57001,16.94,31.03,74.49,4.85,0.387,8.17,50.98,15.05,1,9.835938,16.94
2026-09-17,G0030,25.50405,87.13012,10.23,30.74,79.28,3.38,0.406,16.88,48.44,13.71,1,12.590727,10.23
2026-09-17,G0029,25.50405,87.09024,15.71,31.43,80.06,3.74,0.392,11.84,45.79,7.7,1,11.527727,15.71
2026-09-17,G0028,25.50405,87.05022,23.79,32.22,84.66,3.93,0.45,12.35,46.53,8.61,1,12.868586,23.79
2026-09-17,G0018,25.50405,86.65004,4.2,30.89,76.75,3.46,0.432,11.11,51.01,6.11,1,8.173222,4.2
2026-09-17,G0027,25.50405,87.0102,21.0,31.55,78.1,4.33,0.485,14.07,49.36,12.06,1,13.451919,21.0
2026-09-17,G0025,25.50405,86.93017,13.55,32.52,75.91,4.74,0.369,14.57,46.8,11.33,1,12.684168,13.55
2026-09-17,G0024,25.50405,86.89015,19.02,31.13,64.73,5.59,0.426,14.73,46.6,11.93,1,13.587454,19.02
2026-09-17,G0023,25.50405,86.85013,16.88,30.86,75.17,3.68,0.464,19.55,49.06,15.69,1,15.294364,16.88
2026-09-17,G0022,25.50405,86.81011,8.5,32.89,79.22,1.49,0.423,6.11,47.88,9.15,1,6.4264317,8.5
2026-09-17,G0021,25.50405,86.7701,10.57,32.38,87.7,4.3,0.375,16.39,45.52,13.67,1,13.597933,10.57
2026-09-17,G0020,25.50405,86.73008,10.8,33.43,74.18,3.48,0.451,22.51,46.06,20.08,1,14.668418,10.8
2026-09-17,G0026,25.50405,86.97018,17.01,31.33,73.57,2.9,0.416,11.17,45.62,10.36,1,10.927998,17.01
2026-09-17,G0071,25.61216,86.97018,12.29,30.77,78.97,3.96,0.385,12.3,51.44,11.08,1,10.945279,12.29
2026-09-17,G0001,25.46802,86.57001,14.14,32.3,62.33,3.75,0.414,18.86,44.36,13.82,1,14.003124,14.14
2026-09-17,G0073,25.61216,87.05022,20.17,30.51,72.36,2.99,0.418,2.36,52.48,9.26,1,7.6719213,20.17
2026-09-17,G0123,25.75631,86.65004,12.96,32.74,72.11,2.36,0.418,16.26,58.82,16.32,1,13.407743,12.96
2026-09-17,G0122,25.75631,86.61003,4.25,30.16,70.34,3.88,0.404,10.29,57.41,4.81,1,7.668748,4.25
2026-09-17,G0121,25.75631,86.57001,16.14,31.65,76.84,4.11,0.428,8.82,59.79,9.1,1,9.716969,16.14
2026-09-17,G0120,25.72027,87.13012,11.88,31.9,77.63,2.91,0.398,17.43,54.56,14.45,1,13.690363,11.88
2026-09-17,G0119,25.72027,87.09024,19.68,30.38,70.52,3.29,0.381,14.27,57.18,6.75,1,13.173513,19.68
2026-09-17,G0118,25.72027,87.05022,11.81,29.98,69.32,4.25,0.468,0.44,57.91,3.68,1,4.0762696,11.81
2026-09-17,G0072,25.61216,87.0102,12.02,32.34,74.56,3.05,0.462,13.64,50.83,13.31,1,11.986609,12.02
2026-09-17,G0117,25.72027,87.0102,9.05,30.66,74.62,3.51,0.425,10.96,55.98,5.33,1,9.03712,9.05
2026-09-17,G0115,25.72027,86.93017,14.76,31.45,69.32,2.68,0.459,6.0,56.23,5.57,1,8.1127,14.76
2026-09-17,G0114,25.72027,86.89015,11.33,31.61,69.44,5.59,0.428,10.78,59.4,6.88,1,9.375569,11.33
2026-09-17,G0113,25.72027,86.85013,13.99,31.88,74.51,2.44,0.362,16.86,54.95,11.61,1,12.819978,13.99
2026-09-17,G0112,25.72027,86.81011,12.98,32.07,57.33,6.7,0.416,9.81,53.55,9.81,1,9.103261,12.98
2026-09-17,G0111,25.72027,86.7701,11.54,31.22,78.35,2.08,0.306,13.92,57.56,15.53,1,11.25631,11.54
2026-09-17,G0110,25.72027,86.73008,8.75,31.85,81.14,4.3,0.432,17.44,57.03,11.91,1,13.972007,8.75
2026-09-17,G0116,25.72027,86.97018,15.51,31.03,80.05,4.97,0.417,10.81,57.68,7.89,1,10.74303,15.51
2026-09-17,G0109,25.72027,86.69006,11.08,33.06,74.74,1.86,0.441,9.23,60.8,8.25,1,8.893058,11.08
2026-09-17,G0125,25.75631,86.73008,18.92,31.24,71.2,4.88,0.479,19.38,57.59,14.33,1,16.161486,18.92
2026-09-17,G0127,25.75631,86.81011,8.2,29.55,79.96,0.4,0.359,6.63,58.26,2.67,1,6.976242,8.2
2026-09-17,G0141,25.79234,86.7701,15.56,29.89,75.96,4.88,0.479,11.74,56.41,13.45,1,11.082245,15.56
2026-09-17,G0140,25.79234,86.73008,16.39,31.21,74.6,3.99,0.422,6.79,61.11,10.66,1,8.490097,16.39
2026-09-17,G0139,25.79234,86.69006,9.99,33.0,70.84,5.32,0.444,12.26,60.45,10.43,1,10.063948,9.99
2026-09-17,G0138,25.79234,86.65004,18.89,34.1,68.9,2.19,0.453,14.87,60.36,9.65,1,13.8068075,18.89
2026-09-17,G0137,25.79234,86.61003,17.94,31.6,71.76,3.92,0.412,13.81,63.33,8.05,1,12.90202,17.94
2026-09-17,G0136,25.79234,86.57001,9.69,33.43,70.11,4.11,0.434,15.91,56.96,12.63,1,11.884282,9.69
2026-09-17,G0126,25.75631,86.7701,15.24,29.56,73.99,5.69,0.372,16.25,53.92,12.58,1,13.766588,15.24
2026-09-17,G0135,25.75631,87.13012,11.74,30.23,72.77,3.41,0.415,17.78,61.47,12.7,1,14.130204,11.74
2026-09-17,G0133,25.75631,87.05022,17.53,28.82,73.4,1.55,0.386,10.03,58.94,15.84,1,10.113417,17.53
2026-09-17,G0132,25.75631,87.0102,15.93,32.89,70.44,2.62,0.41,18.19,57.6,14.63,1,14.846193,15.93
2026-09-17,G0131,25.75631,86.97018,9.18,29.56,68.76,2.81,0.394,8.98,60.27,6.47,1,7.348505,9.18
2026-09-17,G0130,25.75631,86.93017,12.62,31.68,70.86,2.32,0.376,5.32,59.38,8.88,1,6.7616506,12.62
2026-09-17,G0129,25.75631,86.89015,10.93,30.52,67.28,2.4,0.388,15.53,62.05,10.54,1,11.614188,10.93
2026-09-17,G0128,25.75631,86.85013,19.62,32.7,77.45,3.7,0.5,12.35,57.26,12.6,1,11.865736,19.62
2026-09-17,G0134,25.75631,87.09024,11.36,30.06,74.8,3.52,0.441,18.64,56.98,21.52,1,13.882319,11.36
2026-09-17,G0108,25.72027,86.65004,10.65,32.57,72.91,3.73,0.434,12.94,55.96,9.91,1,10.510272,10.65
2026-09-17,G0124,25.75631,86.69006,16.4,32.11,71.21,4.4,0.397,6.98,58.88,4.83,1,8.547067,16.4
2026-09-17,G0106,25.72027,86.57001,13.29,32.13,77.59,2.75,0.376,7.24,56.91,12.16,1,8.076662,13.29
2026-09-17,G0087,25.6482,87.0102,19.94,32.42,68.02,2.68,0.444,6.82,53.78,12.58,1,9.465703,19.94
2026-09-17,G0086,25.6482,86.97018,12.24,32.6,74.82,4.8,0.414,11.73,59.71,11.72,1,10.692365,12.24
2026-09-17,G0085,25.6482,86.93017,11.17,32.85,78.93,3.33,0.47,6.43,53.54,9.24,1,7.464036,11.17
2026-09-17,G0084,25.6482,86.89015,14.52,32.85,75.67,2.04,0.428,10.84,50.95,5.06,1,10.982775,14.52
2026-09-17,G0083,25.6482,86.85013,12.44,30.89,71.89,4.72,0.422,1.79,52.52,3.62,1,5.654389,12.44
2026-09-17,G0081,25.6482,86.7701,3.21,29.18,74.84,1.7,0.419,14.81,57.73,7.22,1,10.545729,3.21
2026-09-17,G0088,25.6482,87.05022,11.53,32.41,78.69,1.7,0.473,7.96,55.23,7.66,1,7.740446,11.53
2026-09-17,G0080,25.6482,86.73008,8.5,30.54,73.85,4.03,0.414,19.05,56.2,14.26,1,13.857127,8.5
2026-09-17,G0078,25.6482,86.65004,16.97,29.86,76.47,4.29,0.437,14.3,49.1,16.8,1,13.277943,16.97
2026-09-17,G0077,25.6482,86.61003,9.83,32.42,69.02,2.72,0.38,13.14,54.41,6.48,1,10.619526,9.83
2026-09-17,G0076,25.6482,86.57001,12.3,28.5,70.49,4.93,0.389,4.81,56.23,10.88,1,6.0900483,12.3
2026-09-17,G0075,25.61216,87.13012,8.78,31.77,77.93,2.33,0.361,18.38,51.78,14.28,1,13.47424,8.78
2026-09-17,G0074,25.61216,87.09024,12.81,30.09,79.48,2.57,0.463,17.93,52.76,14.39,1,13.623153,12.81
2026-09-17,G0107,25.72027,86.61003,14.44,32.75,68.7,5.0,0.468,10.5,59.4,8.71,1,10.606051,14.44
2026-09-17,G0079,25.6482,86.69006,16.72,32.33,77.6,4.4,0.367,14.73,51.45,15.74,1,13.798003,16.72
2026-09-17,G0089,25.6482,87.09024,13.49,32.71,73.26,2.59,0.503,11.08,52.0,15.57,1,10.568697,13.49
2026-09-17,G0082,25.6482,86.81011,6.87,34.77,77.42,5.18,0.456,16.65,52.35,9.91,1,11.819314,6.87
2026-09-17,G0091,25.68423,86.57001,10.75,32.29,65.71,3.82,0.487,15.57,52.75,12.48,1,11.15518,10.75
2026-09-17,G0090,25.6482,87.13012,8.2,31.41,73.45,3.61,0.384,17.68,52.86,7.78,1,12.785597,8.2
2026-09-17,G0104,25.68423,87.09024,6.68,30.39,76.22,3.61,0.431,9.49,54.91,8.09,1,7.5431924,6.68
2026-09-17,G0103,25.68423,87.05022,13.99,31.25,75.72,3.09,0.378,8.85,58.34,7.66,1,8.9076805,13.99
2026-09-17,G0102,25.68423,87.0102,11.36,32.32,76.41,3.98,0.419,7.67,57.95,6.08,1,7.942516,11.36
2026-09-17,G0101,25.68423,86.97018,14.34,33.8,73.27,3.72,0.415,5.44,53.48,6.81,1,6.366495,14.34
2026-09-17,G0100,25.68423,86.93017,9.73,32.32,72.74,3.19,0.399,5.38,56.87,6.13,1,6.248912,9.73
2026-09-17,G0099,25.68423,86.89015,11.97,32.26,66.16,3.07,0.453,4.57,61.2,0.0,0,7.080948,11.97
2026-09-17,G0105,25.68423,87.13012,12.35,30.13,77.65,3.07,0.456,11.91,51.27,6.25,1,10.764957,12.35
2026-09-17,G0097,25.68423,86.81011,11.18,31.37,71.76,4.06,0.406,5.87,53.21,5.01,1,6.802724,11.18
2026-09-17,G0096,25.68423,86.7701,18.49,31.55,77.96,4.97,0.363,15.36,56.48,15.77,1,14.672098,18.49
2026-09-17,G0095,25.68423,86.73008,6.9,31.55,70.14,4.14,0.425,6.33,55.75,6.86,1,5.953646,6.9
2026-09-17,G0094,25.68423,86.69006,14.29,30.11,83.45,2.95,0.444,11.92,55.52,12.17,1,11.504325,14.29
2026-09-17,G0093,25.68423,86.65004,14.28,30.42,72.32,1.73,0.414,14.61,55.29,10.02,1,12.095148,14.28
2026-09-17,G0092,25.68423,86.61003,12.66,31.58,71.6,5.74,0.434,18.46,55.87,14.2,1,13.571752,12.66
2026-09-17,G0098,25.68423,86.85013,16.98,31.06,71.7,4.54,0.42,7.27,56.92,16.17,1,8.977486,16.98
2026-09-18,G0194,25.90045,87.09024,13.02,31.82,69.89,2.01,0.336,12.15,65.97,11.93,1,10.443405,13.02
2026-09-18,G0193,25.90045,87.05022,14.34,29.86,74.73,1.61,0.439,8.59,64.65,5.93,1,9.44301,14.34
2026-09-18,G0192,25.90045,87.0102,14.17,30.76,73.58,3.1,0.44,10.87,68.1,16.84,1,10.705729,14.17
2026-09-18,G0191,25.90045,86.97018,16.99,32.06,66.92,4.4,0.512,11.05,69.05,12.12,1,11.596009,16.99
2026-09-18,G0190,25.90045,86.93017,10.32,32.41,85.95,0.13,0.347,15.46,68.87,7.83,1,10.33665,10.32
2026-09-18,G0189,25.90045,86.89015,8.45,31.67,88.8,3.57,0.43,7.88,63.84,3.89,1,8.059849,8.45
2026-09-18,G0185,25.90045,86.73008,13.45,31.15,69.37,2.1,0.433,8.45,66.81,1.79,1,9.227687,13.45
2026-09-18,G0187,25.90045,86.81011,10.42,30.62,74.54,2.7,0.425,20.05,66.18,16.54,1,13.991969,10.42
2026-09-18,G0186,25.90045,86.7701,12.36,29.25,77.2,3.87,0.385,14.83,64.24,9.09,1,12.394094,12.36
2026-09-18,G0184,25.90045,86.69006,15.27,31.25,81.74,2.66,0.436,12.35,65.74,13.68,1,11.165153,15.27
2026-09-18,G0183,25.90045,86.65004,18.68,33.44,81.65,2.25,0.434,12.59,68.15,15.11,1,11.88343,18.68
2026-09-18,G0182,25.90045,86.61003,10.17,29.29,75.53,3.8,0.443,7.73,65.38,5.53,1,8.018451,10.17
2026-09-18,G0195,25.90045,87.13012,21.1,31.36,66.96,2.22,0.451,12.98,65.96,14.59,1,13.680226,21.1
2026-09-18,G0188,25.90045,86.85013,16.94,30.46,67.4,3.05,0.488,11.62,64.81,15.99,1,11.35965,16.94
2026-09-18,G0196,25.93649,86.57001,12.56,31.51,83.98,5.68,0.398,11.28,66.62,9.9,1,10.208592,12.56
2026-09-18,G0213,25.97252,86.65004,14.1,32.24,71.45,4.29,0.465,14.66,67.22,9.34,1,13.03453,14.1
2026-09-18,G0198,25.93649,86.65004,12.66,30.65,80.89,4.07,0.434,15.35,63.97,16.27,1,12.3978405,12.66
2026-09-18,G0212,25.97252,86.61003,8.43,29.91,63.09,1.05,0.4,8.02,72.8,5.7,1,7.4551888,8.43
2026-09-18,G0211,25.97252,86.57001,7.18,30.19,74.82,3.8,0.469,12.49,67.39,14.91,1,9.723624,7.18
2026-09-18,G0210,25.93649,87.13012,12.2,30.84,67.27,3.89,0.359,16.06,65.63,13.55,1,12.933827,12.2
2026-09-18,G0209,25.93649,87.09024,14.15,32.37,75.47,4.12,0.408,14.57,64.79,16.58,1,12.541745,14.15
2026-09-18,G0208,25.93649,87.05022,11.97,31.6,69.41,3.9,0.46,13.92,67.1,9.48,1,11.460248,11.97
2026-09-18,G0207,25.93649,87.0102,10.92,28.79,71.2,3.38,0.377,10.94,67.15,8.37,1,9.067486,10.92
2026-09-18,G0197,25.93649,86.61003,15.01,30.05,72.86,5.33,0.425,6.83,68.13,2.75,1,8.018643,15.01
2026-09-18,G0206,25.93649,86.97018,14.46,30.97,68.37,3.83,0.446,13.22,65.87,14.03,1,11.788422,14.46
2026-09-18,G0204,25.93649,86.89015,12.3,30.34,69.97,4.28,0.474,7.49,68.65,8.2,1,8.225877,12.3
2026-09-18,G0203,25.93649,86.85013,17.0,31.54,71.74,2.3,0.466,7.43,70.61,3.51,1,9.842696,17.0
2026-09-18,G0202,25.93649,86.81011,9.75,31.13,73.68,2.68,0.45,11.54,63.49,10.75,1,9.291909,9.75
2026-09-18,G0201,25.93649,86.7701,12.74,30.31,69.58,4.9,0.478,12.66,66.67,7.72,1,11.259636,12.74
2026-09-18,G0200,25.93649,86.73008,17.67,29.29,74.3,5.99,0.356,8.42,69.25,10.51,1,10.418429,17.67
2026-09-18,G0199,25.93649,86.69006,13.06,31.46,72.72,4.99,0.401,11.34,67.23,4.28,1,10.370046,13.06
2026-09-18,G0205,25.93649,86.93017,18.72,32.49,73.81,4.69,0.419,4.72,69.3,8.62,1,8.145824,18.72
2026-09-18,G0181,25.90045,86.57001,11.8,31.15,72.82,4.44,0.347,13.23,61.94,10.66,1,10.699027,11.8
2026-09-18,G0146,25.79234,86.97018,13.89,31.4,75.05,4.04,0.419,4.64,62.09,10.29,1,6.9782176,13.89
2026-09-18,G0179,25.86441,87.09024,17.63,29.72,79.08,2.01,0.466,8.09,62.47,12.55,1,10.208244,17.63
2026-09-18,G0159,25.82838,86.89015,6.13,30.33,68.08,5.17,0.479,0.0,63.66,5.11,1,3.5691924,6.13
2026-09-18,G0158,25.82838,86.85013,16.92,33.12,72.19,4.83,0.418,5.03,63.5,9.71,1,7.5433755,16.92
2026-09-18,G0157,25.82838,86.81011,12.2,29.31,67.22,2.58,0.381,7.74,59.08,8.6,1,8.294633,12.2
2026-09-18,G0156,25.82838,86.7701,8.25,32.0,78.65,2.96,0.412,8.5,61.65,6.12,1,7.287925,8.25
2026-09-18,G0155,25.82838,86.73008,17.53,32.09,71.03,4.32,0.43,12.12,60.9,12.9,1,12.028566,17.53
2026-09-18,G0154,25.82838,86.69006,17.21,33.09,75.82,5.09,0.364,13.45,62.97,10.16,1,13.297191,17.21
2026-09-18,G0160,25.82838,86.93017,22.92,30.8,74.89,3.63,0.401,4.92,64.33,8.35,1,9.380566,22.92
2026-09-18,G0153,25.82838,86.65004,13.25,32.67,77.43,3.32,0.416,11.72,61.7,11.27,1,10.326603,13.25
2026-09-18,G0151,25.82838,86.57001,7.85,30.54,70.65,3.99,0.495,5.09,59.13,6.04,1,4.429692,7.85
2026-09-18,G0150,25.79234,87.13012,11.34,31.14,71.6,1.89,0.491,11.93,61.59,13.78,1,9.992045,11.34
2026-09-18,G0149,25.79234,87.09024,13.35,30.05,72.11,3.4,0.462,14.42,62.54,14.76,1,11.826768,13.35
2026-09-18,G0148,25.79234,87.05022,9.17,31.51,70.93,1.68,0.375,11.51,63.14,6.27,1,9.4105625,9.17
2026-09-18,G0147,25.79234,87.0102,17.73,31.42,69.89,3.07,0.472,13.4,62.22,8.48,1,12.523655,17.73
2026-09-18,G0214,25.97252,86.69006,9.54,31.95,72.4,3.04,0.446,17.44,69.31,15.38,1,14.090817,9.54
2026-09-18,G0152,25.82838,86.61003,12.64,29.18,82.39,4.9,0.45,20.03,63.48,15.26,1,15.713013,12.64
2026-09-18,G0161,25.82838,86.97018,7.99,33.15,70.78,3.49,0.432,7.0,62.01,8.42,1,6.1158786,7.99
2026-09-18,G0162,25.82838,87.0102,7.75,30.31,72.01,3.42,0.477,3.45,60.08,3.41,1,5.2118697,7.75
2026-09-18,G0163,25.82838,87.05022,12.12,33.17,71.61,3.31,0.497,10.98,59.92,13.79,1,9.354141,12.12
2026-09-18,G0178,25.86441,87.05022,11.52,31.69,68.2,2.11,0.434,14.74,62.43,9.38,1,11.6256,11.52
2026-09-18,G0177,25.86441,87.0102,16.91,31.31,74.0,4.37,0.375,17.48,59.05,18.47,1,14.02836,16.91
2026-09-18,G0176,25.86441,86.97018,11.51,30.61,72.88,4.36,0.428,12.85,66.84,11.91,1,11.088333,11.51
2026-09-18,G0175,25.86441,86.93017,14.47,29.24,78.6,3.45,0.419,6.37,62.81,4.15,1,8.655938,14.47
2026-09-18,G0174,25.86441,86.89015,15.41,31.51,82.79,4.46,0.505,10.89,59.61,10.47,1,10.961898,15.41
2026-09-18,G0173,25.86441,86.85013,17.72,33.43,75.17,2.65,0.442,14.96,64.94,11.23,1,12.712592,17.72
2026-09-18,G0172,25.86441,86.81011,12.53,29.74,75.94,3.88,0.424,18.57,63.3,10.02,1,14.174027,12.53
2026-09-18,G0171,25.86441,86.7701,12.16,30.25,72.76,4.27,0.381,7.93,64.24,11.99,1,8.460468,12.16
2026-09-18,G0170,25.86441,86.73008,19.57,31.37,72.9,5.71,0.455,14.43,66.87,11.31,1,14.062282,19.57
2026-09-18,G0169,25.86441,86.69006,11.3,31.01,73.5,2.63,0.429,18.49,65.87,16.1,1,13.555178,11.3
2026-09-18,G0168,25.86441,86.65004,18.74,30.13,69.79,4.82,0.459,13.84,62.73,10.6,1,13.124012,18.74
2026-09-18,G0167,25.86441,86.61003,8.78,31.95,74.64,4.77,0.457,8.53,60.59,6.4,1,7.564989,8.78
2026-09-18,G0166,25.86441,86.57001,9.34,30.91,71.72,2.05,0.434,13.9,62.67,13.16,1,10.874276,9.34
2026-09-18,G0165,25.82838,87.13012,15.57,32.13,77.11,2.9,0.401,14.55,65.93,11.02,1,12.419617,15.57
2026-09-18,G0164,25.82838,87.09024,11.03,29.9,74.23,3.65,0.452,12.82,60.18,11.51,1,10.245251,11.03
2026-09-18,G0180,25.86441,87.13012,16.61,31.61,70.73,3.65,0.481,9.14,63.9,10.69,1,9.85833,16.61
2026-09-18,G0215,25.97252,86.73008,12.77,33.46,69.39,1.78,0.414,11.42,69.71,5.61,1,10.509877,12.77
2026-09-18,G0250,26.04459,86.93017,11.4,30.73,79.59,0.0,0.362,11.78,74.17,16.21,1,10.745064,11.4
2026-09-18,G0217,25.97252,86.81011,15.05,31.98,73.13,4.04,0.413,12.43,68.33,7.45,1,11.091653,15.05
2026-09-18,G0268,26.08063,87.05022,2.18,32.25,69.9,4.81,0.501,8.83,74.93,5.2,1,7.2831163,2.18
2026-09-18,G0267,26.08063,87.0102,14.63,30.39,71.97,3.57,0.468,11.61,71.07,10.01,1,10.6922245,14.63
2026-09-18,G0266,26.08063,86.97018,21.92,30.86,73.74,5.32,0.567,7.57,74.38,11.08,1,11.529914,21.92
2026-09-18,G0265,26.08063,86.93017,12.76,31.29,70.13,3.63,0.414,16.72,77.41,10.96,1,13.265838,12.76
2026-09-18,G0264,26.08063,86.89015,11.25,30.96,67.54,2.7,0.471,19.96,74.74,12.4,1,14.062873,11.25
2026-09-18,G0263,26.08063,86.85013,14.02,30.51,72.16,2.03,0.427,11.99,76.14,11.24,1,11.697233,14.02
2026-09-18,G0269,26.08063,87.09024,18.1,29.49,71.09,2.88,0.475,15.75,73.16,11.6,1,13.4374275,18.1
2026-09-18,G0262,26.08063,86.81011,12.52,29.35,71.51,2.56,0.413,12.16,75.61,10.55,1,10.214449,12.52
2026-09-18,G0260,26.08063,86.73008,16.68,31.84,81.49,2.34,0.438,15.07,73.12,14.41,1,13.259804,16.68
2026-09-18,G0259,26.08063,86.69006,6.21,31.1,77.84,2.97,0.354,24.03,71.45,16.22,1,16.926031,6.21
2026-09-18,G0258,26.08063,86.65004,13.75,30.54,75.77,3.09,0.411,16.01,74.78,9.76,1,13.32677,13.75
2026-09-18,G0257,26.08063,86.61003,11.21,31.31,79.98,3.08,0.442,12.57,73.37,11.78,1,10.880549,11.21
2026-09-18,G0256,26.08063,86.57001,17.5,31.77,70.92,5.58,0.425,6.59,73.0,11.32,1,8.494489,17.5
2026-09-18,G0255,26.04459,87.13012,15.79,30.6,78.78,2.99,0.396,23.61,72.93,20.78,1,16.940886,15.79
2026-09-18,G0261,26.08063,86.7701,12.15,31.87,74.04,3.88,0.497,14.79,73.09,15.57,1,11.99671,12.15
2026-09-18,G0254,26.04459,87.09024,20.26,28.97,74.05,3.39,0.394,15.41,70.67,16.61,1,13.990149,20.26
2026-09-18,G0270,26.08063,87.13012,14.74,29.72,67.08,4.57,0.411,16.48,75.75,13.29,1,13.724952,14.74
2026-09-18,G0272,26.09932,86.61003,24.7,31.55,85.83,5.77,0.467,13.64,74.84,16.77,1,14.922825,24.7
2026-09-18,G0145,25.79234,86.93017,10.89,31.02,78.67,3.47,0.402,14.25,63.54,13.66,1,11.707622,10.89
2026-09-18,G0285,26.09932,87.13012,12.25,31.97,80.86,3.9,0.416,13.64,73.13,11.33,1,11.492091,12.25
2026-09-18,G0284,26.09932,87.09024,17.73,29.66,74.98,3.66,0.403,16.06,72.59,15.15,1,13.593588,17.73
2026-09-18,G0283,26.09932,87.05022,6.46,29.74,78.47,3.76,0.427,17.96,76.61,15.82,1,12.70927,6.46
2026-09-18,G0282,26.09932,87.0102,11.15,32.45,76.04,1.97,0.445,9.13,73.18,9.2,1,9.190797,11.15
2026-09-18,G0281,26.09932,86.97018,13.42,31.85,79.13,5.44,0.399,12.4,76.16,15.02,1,11.688772,13.42
2026-09-18,G0271,26.09932,86.57001,6.62,28.16,70.84,3.06,0.434,15.5,72.16,13.12,1,11.676264,6.62
2026-09-18,G0280,26.09932,86.93017,11.52,29.24,84.05,3.5,0.434,7.8,73.04,6.28,1,8.721758,11.52
2026-09-18,G0278,26.09932,86.85013,22.96,29.27,76.22,1.05,0.459,14.3,74.71,19.47,1,14.254167,22.96
2026-09-18,G0277,26.09932,86.81011,11.95,29.08,70.54,3.15,0.419,13.78,74.52,13.27,1,11.461734,11.95
2026-09-18,G0276,26.09932,86.7701,9.73,29.43,84.73,4.75,0.323,9.34,75.29,6.64,1,8.68924,9.73
2026-09-18,G0275,26.09932,86.73008,14.35,29.93,74.3,4.21,0.477,15.22,78.29,16.9,1,12.923976,14.35
2026-09-18,G0274,26.09932,86.69006,13.56,30.21,68.59,5.1,0.384,11.44,75.98,15.18,1,10.537133,13.56
2026-09-18,G0273,26.09932,86.65004,13.63,29.96,68.83,4.26,0.41,14.08,74.09,12.12,1,11.798304,13.63
2026-09-18,G0279,26.09932,86.89015,20.93,30.09,75.28,2.86,0.489,9.41,75.64,10.72,1,10.381305,20.93
2026-09-18,G0216,25.97252,86.7701,17.21,28.74,65.77,3.91,0.413,15.03,69.49,12.44,1,12.832072,17.21
2026-09-18,G0253,26.04459,87.05022,10.68,32.83,80.3,4.71,0.39,18.23,72.63,12.1,1,14.36007,10.68
2026-09-18,G0251,26.04459,86.97018,18.29,31.23,69.62,4.17,0.465,7.48,74.64,10.4,1,10.2545,18.29
2026-09-18,G0231,26.00856,86.7701,8.44,32.12,79.21,3.73,0.484,17.23,73.21,12.6,1,12.164477,8.44
2026-09-18,G0230,26.00856,86.73008,18.01,30.28,74.77,2.83,0.482,19.2,70.03,15.01,1,15.335745,18.01
2026-09-18,G0229,26.00856,86.69006,14.74,32.22,71.01,2.15,0.362,14.04,70.4,11.52,1,12.944906,14.74
2026-09-18,G0228,26.00856,86.65004,18.44,30.13,79.27,5.46,0.39,17.23,68.88,16.43,1,16.171665,18.44
2026-09-18,G0227,26.00856,86.61003,13.59,30.68,68.08,5.53,0.404,13.63,70.63,11.01,1,11.806789,13.59
2026-09-18,G0226,26.00856,86.57001,9.43,30.52,72.83,4.21,0.446,11.37,71.85,5.7,1,9.710118,9.43
2026-09-18,G0232,26.00856,86.81011,16.45,32.87,69.17,3.61,0.419,15.87,70.03,11.6,1,13.937704,16.45
2026-09-18,G0225,25.97252,87.13012,15.63,31.73,68.86,3.38,0.35,24.26,69.35,20.39,1,17.511179,15.63
2026-09-18,G0223,25.97252,87.05022,14.28,30.6,69.71,4.32,0.417,21.95,71.35,15.3,1,15.41454,14.28
2026-09-18,G0222,25.97252,87.0102,17.2,29.3,68.31,3.33,0.48,11.82,69.91,11.71,1,11.03944,17.2
2026-09-18,G0221,25.97252,86.97018,4.86,29.33,73.72,3.0,0.439,14.83,67.62,5.68,1,10.203503,4.86
2026-09-18,G0220,25.97252,86.93017,11.7,30.51,60.94,4.42,0.353,12.91,72.62,12.8,1,10.858586,11.7
2026-09-18,G0219,25.97252,86.89015,11.11,29.89,78.04,2.48,0.46,7.58,66.53,6.88,1,7.9814973,11.11
2026-09-18,G0218,25.97252,86.85013,18.28,30.03,79.3,3.22,0.439,10.36,71.36,6.22,1,11.547682,18.28
2026-09-18,G0224,25.97252,87.09024,13.26,31.9,65.06,2.59,0.415,13.05,69.89,14.18,1,10.884603,13.26
2026-09-18,G0252,26.04459,87.0102,12.52,30.16,77.59,4.22,0.381,18.58,72.51,18.7,1,14.087041,12.52
2026-09-18,G0233,26.00856,86.85013,12.05,31.15,72.73,4.62,0.341,17.06,72.56,19.58,1,13.7196665,12.05
2026-09-18,G0235,26.00856,86.93017,17.54,32.24,60.44,4.43,0.467,12.95,70.41,11.97,1,12.464487,17.54
2026-09-18,G0249,26.04459,86.89015,19.43,32.08,73.42,4.13,0.449,17.31,71.73,16.34,1,15.1487255,19.43
2026-09-18,G0248,26.04459,86.85013,16.15,30.6,79.38,2.23,0.42,18.03,76.31,9.33,1,15.028381,16.15
2026-09-18,G0247,26.04459,86.81011,17.6,30.18,71.79,3.71,0.427,18.41,73.12,16.87,1,13.735775,17.6
2026-09-18,G0246,26.04459,86.7701,17.89,29.3,78.78,2.93,0.441,15.44,71.18,14.33,1,13.891913,17.89
2026-09-18,G0245,26.04459,86.73008,14.24,30.92,64.22,2.02,0.448,18.78,74.61,12.33,1,13.483546,14.24
2026-09-18,G0244,26.04459,86.69006,6.56,31.42,74.04,4.83,0.446,13.89,73.93,10.14,1,11.0006,6.56
2026-09-18,G0234,26.00856,86.89015,13.77,30.96,78.14,5.87,0.393,12.79,71.92,15.86,1,11.2401705,13.77
2026-09-18,G0243,26.04459,86.65004,10.78,30.48,75.95,5.3,0.47,15.68,73.59,16.72,1,12.400904,10.78
2026-09-18,G0241,26.04459,86.57001,7.12,32.72,72.11,4.45,0.411,15.21,71.7,11.36,1,10.9449415,7.12
2026-09-18,G0240,26.00856,87.13012,14.69,32.48,75.24,3.05,0.49,16.47,73.84,11.11,1,12.749855,14.69
2026-09-18,G0239,26.00856,87.09024,19.76,34.54,69.15,3.87,0.429,13.19,70.82,17.61,1,13.659665,19.76
2026-09-18,G0238,26.00856,87.05022,16.88,31.12,74.71,4.21,0.391,16.79,70.19,15.38,1,14.056601,16.88
2026-09-18,G0237,26.00856,87.0102,14.58,28.61,69.7,4.63,0.419,20.25,68.43,17.23,1,15.390453,14.58
2026-09-18,G0236,26.00856,86.97018,15.37,32.65,76.42,3.61,0.446,6.93,69.3,2.88,1,8.57696,15.37
2026-09-18,G0242,26.04459,86.61003,19.57,30.55,70.71,0.6,0.426,17.49,72.25,17.01,1,15.558102,19.57
2026-09-18,G0144,25.79234,86.89015,14.8,29.52,62.98,4.77,0.475,10.37,62.95,12.75,1,9.904682,14.8
2026-09-18,G0143,25.79234,86.85013,14.65,30.64,79.92,4.0,0.473,10.03,62.74,8.38,1,10.059418,14.65
2026-09-18,G0142,25.79234,86.81011,11.47,31.04,74.57,4.26,0.444,8.6,59.25,5.51,1,8.612459,11.47
2026-09-18,G0051,25.57613,86.7701,16.51,32.17,73.98,3.96,0.416,12.35,52.81,8.65,1,11.708576,16.51
2026-09-18,G0050,25.57613,86.73008,14.58,31.12,75.41,2.93,0.353,7.29,53.3,3.96,1,8.543872,14.58
2026-09-18,G0049,25.57613,86.69006,18.45,32.96,74.78,3.02,0.343,14.79,51.32,18.22,1,13.861194,18.45
2026-09-18,G0048,25.57613,86.65004,11.09,31.73,70.93,2.37,0.397,17.88,48.22,14.37,1,13.358825,11.09
2026-09-18,G0047,25.57613,86.61003,17.77,33.12,77.3,4.47,0.39,12.73,50.27,15.8,1,12.807087,17.77
2026-09-18,G0046,25.57613,86.57001,1.49,33.43,76.29,4.41,0.428,11.05,50.8,11.8,1,6.630802,1.49
2026-09-18,G0052,25.57613,86.81011,11.25,31.03,65.94,2.12,0.369,9.96,50.28,11.52,1,9.423777,11.25
2026-09-18,G0045,25.54009,87.13012,17.06,31.37,72.83,0.87,0.36,17.52,49.15,18.49,1,14.11595,17.06
2026-09-18,G0043,25.54009,87.05022,17.62,32.22,70.79,1.47,0.432,12.75,51.5,9.8,1,12.070488,17.62
2026-09-18,G0042,25.54009,87.0102,7.82,33.81,75.61,3.86,0.425,20.29,49.29,12.5,1,14.032662,7.82
2026-09-18,G0041,25.54009,86.97018,13.7,31.46,78.95,5.17,0.367,12.33,50.29,10.81,1,10.997306,13.7
2026-09-18,G0040,25.54009,86.93017,9.14,30.72,79.96,3.53,0.415,8.07,50.7,9.59,1,8.348638,9.14
2026-09-18,G0039,25.54009,86.89015,10.89,32.47,70.57,4.4,0.403,9.72,47.87,10.92,1,8.321276,10.89
2026-09-18,G0038,25.54009,86.85013,11.78,33.13,76.99,2.93,0.364,19.96,47.17,8.05,1,15.075727,11.78
2026-09-18,G0044,25.54009,87.09024,17.53,31.94,73.77,2.5,0.462,12.94,49.25,14.25,1,12.759405,17.53
2026-09-18,G0037,25.54009,86.81011,11.75,31.03,76.26,5.43,0.477,9.26,48.77,11.66,1,8.838307,11.75
2026-09-18,G0053,25.57613,86.85013,10.71,31.22,72.84,5.02,0.444,13.67,52.03,11.31,1,11.061286,10.71
2026-09-18,G0055,25.57613,86.93017,11.99,31.17,73.14,3.35,0.407,9.32,54.52,9.11,1,8.888335,11.99
2026-09-18,G0069,25.61216,86.89015,11.2,31.89,79.26,4.03,0.41,1.26,54.58,6.29,1,5.0213,11.2
2026-09-18,G0068,25.61216,86.85013,16.48,32.24,79.43,2.44,0.341,10.91,50.68,10.32,1,11.17772,16.48
2026-09-18,G0067,25.61216,86.81011,16.66,31.62,72.43,4.28,0.388,6.23,51.92,7.34,1,8.8774185,16.66
2026-09-18,G0066,25.61216,86.7701,10.12,30.76,65.54,5.46,0.457,7.12,49.12,10.75,1,6.8629513,10.12
2026-09-18,G0065,25.61216,86.73008,4.85,32.63,71.28,0.43,0.391,10.07,51.71,8.28,1,6.515626,4.85
2026-09-18,G0064,25.61216,86.69006,8.44,32.87,68.04,2.8,0.338,12.29,52.82,9.89,1,10.012466,8.44
2026-09-18,G0054,25.57613,86.89015,11.77,32.54,80.37,0.89,0.381,13.04,51.34,5.04,1,10.929725,11.77
2026-09-18,G0063,25.61216,86.65004,15.16,34.04,68.34,4.33,0.362,11.65,54.03,15.37,1,10.5906515,15.16
2026-09-18,G0061,25.61216,86.57001,12.43,31.12,73.63,3.51,0.391,16.3,55.42,11.7,1,13.131086,12.43
2026-09-18,G0060,25.57613,87.13012,13.09,33.98,77.91,4.8,0.386,17.47,49.35,17.0,1,14.861808,13.09
2026-09-18,G0059,25.57613,87.09024,13.85,31.94,65.15,4.54,0.497,14.82,53.99,9.34,1,12.260833,13.85
2026-09-18,G0058,25.57613,87.05022,12.07,32.7,69.96,3.48,0.421,10.58,49.2,8.17,1,9.728353,12.07
2026-09-18,G0057,25.57613,87.0102,11.58,30.29,76.41,3.6,0.436,10.57,52.05,4.55,1,9.9783745,11.58
2026-09-18,G0056,25.57613,86.97018,12.04,32.2,76.4,3.04,0.342,11.46,53.3,11.37,1,9.9456625,12.04
2026-09-18,G0062,25.61216,86.61003,12.2,31.23,78.16,4.11,0.4,21.0,52.84,21.31,1,15.630762,12.2
2026-09-18,G0070,25.61216,86.93017,16.39,32.29,79.25,2.15,0.465,5.33,51.75,5.67,1,8.47452,16.39
2026-09-18,G0036,25.54009,86.7701,11.77,31.73,64.93,2.48,0.409,16.95,49.73,11.67,1,13.603007,11.77
2026-09-18,G0034,25.54009,86.69006,14.65,33.26,67.16,3.58,0.471,14.67,50.66,10.08,1,12.821386,14.65
2026-09-18,G0015,25.46802,87.13012,15.7,31.27,68.96,2.58,0.422,18.04,44.37,14.98,1,14.797773,15.7
2026-09-18,G0014,25.46802,87.09024,21.51,31.32,78.61,5.16,0.432,9.79,45.12,11.93,1,11.195133,21.51
2026-09-18,G0013,25.46802,87.05022,21.38,32.39,69.27,2.21,0.463,13.54,49.38,8.69,1,13.535576,21.38
2026-09-18,G0012,25.46802,87.0102,9.87,33.62,61.04,2.9,0.411,14.53,46.56,13.67,1,11.067244,9.87
2026-09-18,G0011,25.46802,86.97018,15.61,33.67,64.66,4.93,0.434,13.26,47.38,14.04,1,11.798943,15.61
2026-09-18,G0010,25.46802,86.93017,11.32,32.48,80.27,3.81,0.451,16.55,47.84,12.64,1,13.034015,11.32
2026-09-18,G0016,25.50405,86.57001,15.91,30.33,76.38,5.39,0.393,16.77,47.0,17.28,1,15.070273,15.91
2026-09-18,G0009,25.46802,86.89015,14.07,32.41,78.67,4.11,0.456,26.24,45.85,23.09,1,17.74511,14.07
2026-09-18,G0007,25.46802,86.81011,1.42,32.4,72.12,1.51,0.372,14.22,44.11,9.84,1,9.295305,1.42
2026-09-18,G0006,25.46802,86.7701,10.36,30.05,71.4,3.89,0.405,14.68,46.61,10.31,1,11.191436,10.36
2026-09-18,G0005,25.46802,86.73008,19.58,30.76,74.68,3.63,0.411,20.98,45.49,16.37,1,17.763521,19.58
2026-09-18,G0004,25.46802,86.69006,8.52,29.98,79.43,4.49,0.406,18.05,43.86,9.16,1,13.320595,8.52
2026-09-18,G0003,25.46802,86.65004,11.01,31.54,72.3,2.46,0.492,16.39,46.95,12.78,1,12.756598,11.01
2026-09-18,G0002,25.46802,86.61003,12.7,30.93,75.5,2.56,0.371,14.85,46.91,11.53,1,11.9298935,12.7
2026-09-18,G0008,25.46802,86.85013,8.0,33.37,69.52,4.97,0.453,7.88,42.54,9.9,1,6.4028234,8.0
2026-09-18,G0035,25.54009,86.73008,13.0,33.05,76.17,0.94,0.356,10.57,50.96,10.05,1,10.176461,13.0
2026-09-18,G0017,25.50405,86.61003,15.12,32.61,76.11,5.11,0.348,17.87,46.69,18.29,1,14.869599,15.12
2026-09-18,G0019,25.50405,86.69006,13.79,30.26,65.45,3.69,0.443,27.26,47.36,19.97,1,18.238417,13.79
2026-09-18,G0033,25.54009,86.65004,14.82,30.62,81.13,3.05,0.46,15.83,47.13,15.28,1,14.073153,14.82
2026-09-18,G0032,25.54009,86.61003,12.95,30.69,84.52,1.22,0.409,19.16,50.9,16.21,1,15.077146,12.95
2026-09-18,G0031,25.54009,86.57001,21.95,30.15,76.7,4.23,0.425,10.06,48.27,10.88,1,11.277144,21.95
2026-09-18,G0030,25.50405,87.13012,15.87,30.75,75.48,4.17,0.33,20.31,47.61,19.45,1,15.959526,15.87
2026-09-18,G0029,25.50405,87.09024,14.45,31.44,74.73,3.43,0.424,12.63,47.72,14.93,1,11.68524,14.45
2026-09-18,G0028,25.50405,87.05022,10.53,31.19,71.56,5.18,0.419,7.56,44.98,7.72,1,6.921414,10.53
2026-09-18,G0018,25.50405,86.65004,11.91,30.57,71.05,4.21,0.397,19.51,44.62,12.62,1,14.447424,11.91
2026-09-18,G0027,25.50405,87.0102,15.24,33.21,83.08,4.25,0.356,16.5,44.59,18.64,1,14.860172,15.24
2026-09-18,G0025,25.50405,86.93017,12.66,30.2,77.98,4.6,0.439,7.9,47.41,12.61,1,8.551706,12.66
2026-09-18,G0024,25.50405,86.89015,10.7,33.0,69.95,4.14,0.401,11.26,47.76,15.57,1,9.763063,10.7
2026-09-18,G0023,25.50405,86.85013,10.76,30.48,75.1,2.99,0.482,16.39,48.53,10.56,1,12.372915,10.76
2026-09-18,G0022,25.50405,86.81011,11.01,29.82,67.41,2.65,0.489,13.5,45.85,11.17,1,10.776161,11.01
2026-09-18,G0021,25.50405,86.7701,8.87,32.77,71.02,4.21,0.447,18.37,48.3,19.35,1,13.002885,8.87
2026-09-18,G0020,25.50405,86.73008,13.24,30.46,66.35,6.29,0.401,15.43,47.32,8.98,1,12.588102,13.24
2026-09-18,G0026,25.50405,86.97018,12.39,32.74,79.05,3.59,0.419,17.7,47.05,17.23,1,14.428495,12.39
2026-09-18,G0071,25.61216,86.97018,15.08,31.0,79.85,4.06,0.392,8.71,52.17,8.31,1,9.858917,15.08
2026-09-18,G0001,25.46802,86.57001,12.73,30.43,75.48,3.88,0.401,14.1,45.15,9.89,1,12.656215,12.73
2026-09-18,G0073,25.61216,87.05022,12.77,29.35,78.04,1.46,0.47,13.0,51.99,14.25,1,12.022801,12.77
2026-09-18,G0123,25.75631,86.65004,12.25,30.55,74.5,3.92,0.411,13.65,57.59,10.79,1,11.899862,12.25
2026-09-18,G0122,25.75631,86.61003,14.76,32.96,79.68,3.74,0.388,13.5,56.27,11.24,1,12.602591,14.76
2026-09-18,G0121,25.75631,86.57001,20.96,31.18,77.26,3.44,0.447,16.77,59.79,14.68,1,16.261179,20.96
2026-09-18,G0120,25.72027,87.13012,14.25,31.92,73.86,4.42,0.425,8.59,53.84,10.74,1,8.626611,14.25
2026-09-18,G0119,25.72027,87.09024,0.0,31.38,82.45,5.08,0.405,10.62,54.98,3.6,1,6.657162,0.0
2026-09-18,G0118,25.72027,87.05022,10.73,29.65,73.21,5.04,0.428,13.07,57.72,11.96,1,10.815914,10.73
2026-09-18,G0072,25.61216,87.0102,12.15,30.36,81.28,3.6,0.428,15.09,53.23,12.56,1,12.545652,12.15
2026-09-18,G0117,25.72027,87.0102,12.54,33.53,77.72,4.81,0.482,6.6,59.43,8.53,1,8.21215,12.54
2026-09-18,G0115,25.72027,86.93017,18.83,31.64,75.83,5.66,0.366,7.86,62.39,9.94,1,9.476967,18.83
2026-09-18,G0114,25.72027,86.89015,20.84,31.83,81.56,2.19,0.396,10.08,51.66,13.85,1,11.704533,20.84
2026-09-18,G0113,25.72027,86.85013,5.96,31.24,75.0,4.02,0.435,15.59,55.82,8.11,1,11.408122,5.96
2026-09-18,G0112,25.72027,86.81011,15.95,29.5,83.49,2.22,0.47,12.43,58.09,12.33,1,11.865331,15.95
2026-09-18,G0111,25.72027,86.7701,12.59,31.88,70.09,2.36,0.453,17.82,57.88,15.45,1,13.788916,12.59
2026-09-18,G0110,25.72027,86.73008,14.27,32.41,70.91,4.28,0.458,6.49,58.18,11.97,1,7.4136295,14.27
2026-09-18,G0116,25.72027,86.97018,14.36,30.61,71.98,2.7,0.524,7.61,60.57,5.3,1,8.776799,14.36
2026-09-18,G0109,25.72027,86.69006,15.38,30.98,83.08,2.16,0.432,15.99,57.35,17.18,1,14.311967,15.38
2026-09-18,G0125,25.75631,86.73008,18.48,31.93,74.61,2.95,0.377,10.05,57.6,11.11,1,11.649438,18.48
2026-09-18,G0127,25.75631,86.81011,10.21,30.92,79.47,2.23,0.459,8.79,58.74,10.38,1,8.242813,10.21
2026-09-18,G0141,25.79234,86.7701,4.71,30.48,69.51,5.39,0.454,16.69,62.24,13.2,1,10.969686,4.71
2026-09-18,G0140,25.79234,86.73008,15.71,31.34,79.88,5.59,0.413,13.34,56.57,10.06,1,12.037499,15.71
2026-09-18,G0139,25.79234,86.69006,10.15,30.99,70.54,3.04,0.428,14.1,60.29,9.07,1,11.00997,10.15
2026-09-18,G0138,25.79234,86.65004,14.15,31.63,66.53,4.52,0.427,10.3,63.01,4.2,1,10.33719,14.15
2026-09-18,G0137,25.79234,86.61003,10.15,31.16,68.12,2.02,0.424,8.22,61.86,3.39,1,7.516391,10.15
2026-09-18,G0136,25.79234,86.57001,13.86,30.2,73.08,1.2,0.391,7.72,60.49,5.85,1,9.214946,13.86
2026-09-18,G0126,25.75631,86.7701,13.18,30.35,72.1,1.75,0.361,12.87,57.7,10.43,1,10.953373,13.18
2026-09-18,G0135,25.75631,87.13012,18.68,29.84,82.63,3.42,0.452,17.33,61.4,18.01,1,15.880798,18.68
2026-09-18,G0133,25.75631,87.05022,5.92,31.97,82.97,3.25,0.453,11.54,59.67,5.95,1,8.480942,5.92
2026-09-18,G0132,25.75631,87.0102,15.04,30.92,73.81,2.73,0.44,5.29,56.68,3.2,1,7.7199893,15.04
2026-09-18,G0131,25.75631,86.97018,9.69,30.82,78.39,3.94,0.455,3.96,61.45,4.34,1,5.9972496,9.69
2026-09-18,G0130,25.75631,86.93017,12.57,29.81,73.71,3.57,0.428,14.04,61.09,15.03,1,11.462488,12.57
2026-09-18,G0129,25.75631,86.89015,10.5,34.1,70.62,4.56,0.399,14.74,58.9,12.58,1,12.224157,10.5
2026-09-18,G0128,25.75631,86.85013,13.32,30.95,77.33,1.47,0.468,16.19,60.84,11.84,1,12.672813,13.32
2026-09-18,G0134,25.75631,87.09024,15.95,30.72,75.42,4.57,0.473,2.87,59.44,8.82,1,6.811736,15.95
2026-09-18,G0108,25.72027,86.65004,14.5,30.51,75.24,3.53,0.45,16.1,55.3,13.78,1,13.79426,14.5
2026-09-18,G0124,25.75631,86.69006,11.58,31.27,78.85,4.33,0.443,9.82,62.27,16.0,1,9.510809,11.58
2026-09-18,G0106,25.72027,86.57001,12.23,32.79,76.67,3.78,0.455,12.54,56.66,12.49,1,11.129643,12.23
2026-09-18,G0087,25.6482,87.0102,14.26,31.88,74.99,3.67,0.358,8.65,53.16,9.75,1,8.652718,14.26
2026-09-18,G0086,25.6482,86.97018,11.41,31.17,82.13,3.89,0.36,15.45,50.93,16.18,1,12.550855,11.41
2026-09-18,G0085,25.6482,86.93017,6.57,31.86,66.98,3.45,0.394,8.37,56.51,9.62,1,6.832492,6.57
2026-09-18,G0084,25.6482,86.89015,13.37,30.86,83.75,4.59,0.487,9.85,55.31,12.33,1,10.3839,13.37
2026-09-18,G0083,25.6482,86.85013,25.77,33.11,77.75,4.6,0.486,10.09,52.09,8.86,1,12.309625,25.77
2026-09-18,G0081,25.6482,86.7701,22.81,33.24,74.24,5.64,0.427,13.26,55.25,10.32,1,13.554158,22.81
2026-09-18,G0088,25.6482,87.05022,15.01,31.47,79.11,3.73,0.308,14.47,53.5,11.41,1,12.5714655,15.01
2026-09-18,G0080,25.6482,86.73008,10.87,31.2,77.99,5.42,0.426,13.74,54.47,10.82,1,10.640491,10.87
2026-09-18,G0078,25.6482,86.65004,11.93,30.71,77.36,2.28,0.377,8.45,51.54,5.57,1,8.972969,11.93
2026-09-18,G0077,25.6482,86.61003,19.19,31.95,73.81,2.08,0.381,17.49,54.46,13.11,1,14.997738,19.19
2026-09-18,G0076,25.6482,86.57001,13.33,32.7,65.22,2.92,0.405,11.73,53.53,8.79,1,10.5043,13.33
2026-09-18,G0075,25.61216,87.13012,11.0,32.89,83.11,4.18,0.406,14.98,53.41,13.13,1,12.455107,11.0
2026-09-18,G0074,25.61216,87.09024,15.78,30.54,66.78,5.22,0.4,18.8,50.64,17.06,1,14.579248,15.78
2026-09-18,G0107,25.72027,86.61003,14.58,30.77,75.47,3.28,0.424,14.8,52.92,12.05,1,12.904731,14.58
2026-09-18,G0079,25.6482,86.69006,10.98,32.6,75.21,4.1,0.397,14.95,54.45,12.98,1,11.906508,10.98
2026-09-18,G0089,25.6482,87.09024,14.52,31.94,69.24,2.95,0.453,13.11,55.73,14.33,1,11.31388,14.52
2026-09-18,G0082,25.6482,86.81011,17.44,33.05,76.82,3.71,0.461,11.82,55.49,11.38,1,11.310263,17.44
2026-09-18,G0091,25.68423,86.57001,15.42,31.34,74.51,6.11,0.465,8.83,55.73,13.56,1,9.483713,15.42
2026-09-18,G0090,25.6482,87.13012,7.26,30.81,75.42,3.79,0.401,19.15,52.22,16.09,1,13.377146,7.26
2026-09-18,G0104,25.68423,87.09024,15.74,30.28,77.02,4.36,0.442,11.32,56.69,12.6,1,11.202352,15.74
2026-09-18,G0103,25.68423,87.05022,18.47,32.66,71.51,5.87,0.487,8.64,53.45,14.23,1,9.572453,18.47
2026-09-18,G0102,25.68423,87.0102,10.24,32.48,66.65,4.14,0.42,9.95,56.69,7.79,1,8.781562,10.24
2026-09-18,G0101,25.68423,86.97018,15.76,33.64,82.33,3.71,0.369,10.0,55.38,8.34,1,10.249251,15.76
2026-09-18,G0100,25.68423,86.93017,14.77,33.78,78.12,3.52,0.421,9.17,55.83,8.43,1,9.138707,14.77
2026-09-18,G0099,25.68423,86.89015,16.14,30.83,67.88,2.36,0.438,12.38,56.56,11.64,1,11.626051,16.14
2026-09-18,G0105,25.68423,87.13012,13.18,32.77,81.54,3.71,0.455,12.63,59.19,11.55,1,11.078349,13.18
2026-09-18,G0097,25.68423,86.81011,5.88,33.09,70.98,4.44,0.463,4.3,57.44,5.57,1,4.668645,5.88
2026-09-18,G0096,25.68423,86.7701,16.77,31.69,77.48,4.83,0.426,8.39,55.0,6.33,1,9.734268,16.77
2026-09-18,G0095,25.68423,86.73008,15.13,33.0,74.48,1.68,0.407,9.85,53.66,9.73,1,9.563634,15.13
2026-09-18,G0094,25.68423,86.69006,15.52,29.42,72.24,5.59,0.453,15.43,56.47,15.09,1,13.226182,15.52
2026-09-18,G0093,25.68423,86.65004,12.97,33.36,71.03,2.8,0.401,19.64,59.91,18.32,1,15.40253,12.97
2026-09-18,G0092,25.68423,86.61003,19.3,32.05,81.04,1.97,0.363,11.96,54.9,16.55,1,13.2723465,19.3
2026-09-18,G0098,25.68423,86.85013,10.4,29.89,74.2,4.04,0.361,11.1,54.62,15.15,1,8.846965,10.4
2026-09-19,G0194,25.90045,87.09024,16.96,30.59,82.48,5.44,0.413,12.32,66.95,11.46,1,12.111468,16.96
2026-09-19,G0193,25.90045,87.05022,15.82,32.3,75.61,4.27,0.358,12.09,64.05,12.19,1,11.215602,15.82
2026-09-19,G0192,25.90045,87.0102,13.16,33.09,73.8,4.5,0.377,10.4,61.87,11.44,1,9.947831,13.16
2026-09-19,G0191,25.90045,86.97018,19.24,29.44,85.1,3.44,0.439,12.66,66.05,12.32,1,13.090116,19.24
2026-09-19,G0190,25.90045,86.93017,13.93,29.49,73.73,3.43,0.452,12.55,67.48,10.71,1,11.263219,13.93
2026-09-19,G0189,25.90045,86.89015,10.42,33.26,72.68,1.86,0.408,2.13,63.34,3.44,1,4.865009,10.42
2026-09-19,G0185,25.90045,86.73008,19.56,31.17,82.21,2.54,0.453,20.14,71.07,16.81,1,16.987007,19.56
2026-09-19,G0187,25.90045,86.81011,16.87,31.3,77.74,3.12,0.422,11.47,67.12,12.5,1,10.992392,16.87
2026-09-19,G0186,25.90045,86.7701,11.74,30.05,78.29,2.82,0.475,17.87,64.64,12.6,1,13.615921,11.74
2026-09-19,G0184,25.90045,86.69006,15.6,29.99,68.79,4.22,0.385,13.32,60.72,12.5,1,12.356002,15.6
2026-09-19,G0183,25.90045,86.65004,15.15,31.69,79.08,6.78,0.447,13.62,69.76,9.79,1,12.223368,15.15
2026-09-19,G0182,25.90045,86.61003,11.05,33.08,66.81,4.23,0.419,15.92,66.33,12.94,1,12.594884,11.05
2026-09-19,G0195,25.90045,87.13012,12.03,29.17,76.54,2.92,0.411,18.1,68.91,12.51,1,14.883518,12.03
2026-09-19,G0188,25.90045,86.85013,17.19,31.64,76.76,2.71,0.417,9.97,65.0,11.21,1,10.367342,17.19
2026-09-19,G0196,25.93649,86.57001,13.69,31.19,76.23,3.57,0.442,13.67,66.72,10.17,1,12.557154,13.69
2026-09-19,G0213,25.97252,86.65004,13.94,31.31,69.15,2.72,0.463,21.52,72.06,12.74,1,15.350868,13.94
2026-09-19,G0198,25.93649,86.65004,14.3,31.84,75.17,2.92,0.479,15.69,65.87,12.93,1,13.2419405,14.3
2026-09-19,G0212,25.97252,86.61003,9.02,33.49,79.44,5.32,0.423,8.6,70.73,11.24,1,8.583935,9.02
2026-09-19,G0211,25.97252,86.57001,13.13,30.48,75.26,1.47,0.4,13.26,70.65,13.58,1,12.136858,13.13
2026-09-19,G0210,25.93649,87.13012,17.34,30.31,77.72,6.21,0.431,13.88,66.02,7.53,1,13.506008,17.34
2026-09-19,G0209,25.93649,87.09024,4.81,30.41,76.14,1.68,0.424,23.89,69.19,22.58,1,14.747528,4.81
2026-09-19,G0208,25.93649,87.05022,16.73,29.9,78.21,3.11,0.488,19.93,66.43,16.7,1,17.770412,16.73
2026-09-19,G0207,25.93649,87.0102,8.72,29.67,82.61,2.28,0.395,9.36,69.62,7.8,1,8.802085,8.72
2026-09-19,G0197,25.93649,86.61003,4.92,30.71,77.09,2.72,0.438,8.16,67.52,8.25,1,6.964272,4.92
2026-09-19,G0206,25.93649,86.97018,10.65,31.78,66.96,6.02,0.396,13.97,66.09,10.38,1,11.320142,10.65
2026-09-19,G0204,25.93649,86.89015,11.05,29.05,69.9,3.81,0.448,2.41,67.62,6.59,1,5.0299077,11.05
2026-09-19,G0203,25.93649,86.85013,8.23,30.81,78.43,4.49,0.446,18.55,65.29,15.85,1,13.742068,8.23
2026-09-19,G0202,25.93649,86.81011,14.37,30.13,81.82,3.58,0.362,11.5,66.86,14.52,1,11.361175,14.37
2026-09-19,G0201,25.93649,86.7701,11.31,31.37,74.22,4.27,0.464,17.8,68.97,15.44,1,14.107925,11.31
2026-09-19,G0200,25.93649,86.73008,9.33,28.1,69.86,2.43,0.462,15.07,65.76,7.48,1,11.573243,9.33
2026-09-19,G0199,25.93649,86.69006,12.15,31.17,77.57,3.23,0.387,11.34,66.51,7.88,1,10.207148,12.15
2026-09-19,G0205,25.93649,86.93017,7.64,32.18,79.37,4.13,0.506,9.13,67.77,0.57,0,7.6617203,7.64
2026-09-19,G0181,25.90045,86.57001,21.84,31.27,79.07,3.49,0.471,11.69,62.86,14.5,1,13.400857,21.84
2026-09-19,G0146,25.79234,86.97018,9.8,30.59,67.51,3.23,0.423,7.04,61.42,6.57,1,7.050363,9.8
2026-09-19,G0179,25.86441,87.09024,15.85,30.14,69.04,3.76,0.48,16.39,64.27,11.68,1,13.0393,15.85
2026-09-19,G0159,25.82838,86.89015,5.03,30.75,78.27,3.43,0.41,5.79,67.04,4.51,1,6.07277,5.03
2026-09-19,G0158,25.82838,86.85013,17.08,29.3,77.23,3.47,0.4,17.27,63.56,16.72,1,14.154038,17.08
2026-09-19,G0157,25.82838,86.81011,16.33,31.78,77.95,5.0,0.428,12.22,62.35,14.65,1,11.302747,16.33
2026-09-19,G0156,25.82838,86.7701,5.72,29.71,68.31,4.64,0.442,20.09,63.78,18.3,1,12.720395,5.72
2026-09-19,G0155,25.82838,86.73008,12.09,31.4,76.65,6.74,0.457,8.39,63.71,8.7,1,8.167333,12.09
2026-09-19,G0154,25.82838,86.69006,17.99,28.92,71.78,4.73,0.419,14.27,61.79,17.56,1,13.605044,17.99
2026-09-19,G0160,25.82838,86.93017,16.3,31.69,69.46,4.44,0.318,12.45,60.06,15.1,1,11.704219,16.3
2026-09-19,G0153,25.82838,86.65004,8.85,32.59,72.62,1.16,0.396,11.79,62.9,2.11,1,10.414335,8.85
2026-09-19,G0151,25.82838,86.57001,15.13,31.92,73.92,1.84,0.464,7.4,62.75,13.27,1,8.623598,15.13
2026-09-19,G0150,25.79234,87.13012,7.05,30.24,73.16,1.3,0.387,17.79,60.28,12.97,1,12.263022,7.05
2026-09-19,G0149,25.79234,87.09024,11.51,32.38,70.16,3.1,0.464,13.8,61.85,12.32,1,11.351677,11.51
2026-09-19,G0148,25.79234,87.05022,5.52,31.19,82.25,1.58,0.415,13.57,62.83,12.26,1,10.13217,5.52
2026-09-19,G0147,25.79234,87.0102,13.05,30.78,64.52,2.8,0.386,5.33,60.52,4.74,1,7.1084437,13.05
2026-09-19,G0214,25.97252,86.69006,10.87,32.39,75.99,1.72,0.402,20.53,68.92,16.17,1,16.459816,10.87
2026-09-19,G0152,25.82838,86.61003,16.41,28.99,64.54,2.29,0.418,9.17,62.76,11.26,1,10.266115,16.41
2026-09-19,G0161,25.82838,86.97018,10.76,32.26,73.49,4.89,0.387,8.08,64.66,13.47,1,7.791484,10.76
2026-09-19,G0162,25.82838,87.0102,9.52,31.79,77.69,5.47,0.389,9.94,59.66,7.61,1,8.821104,9.52
2026-09-19,G0163,25.82838,87.05022,9.58,32.11,75.1,1.85,0.407,16.96,62.68,13.16,1,13.012963,9.58
2026-09-19,G0178,25.86441,87.05022,13.93,32.17,65.01,4.92,0.409,7.42,65.77,7.8,1,7.7832565,13.93
2026-09-19,G0177,25.86441,87.0102,16.31,30.39,72.5,1.17,0.441,3.31,62.98,8.27,1,7.6140494,16.31
2026-09-19,G0176,25.86441,86.97018,21.3,32.0,72.1,4.15,0.396,11.45,63.57,16.7,1,12.603058,21.3
2026-09-19,G0175,25.86441,86.93017,11.85,30.94,86.57,4.62,0.436,9.42,65.34,11.93,1,10.119273,11.85
2026-09-19,G0174,25.86441,86.89015,11.73,30.15,76.5,2.51,0.466,8.54,63.44,14.89,1,8.76249,11.73
2026-09-19,G0173,25.86441,86.85013,7.67,32.57,77.97,3.22,0.38,7.86,67.92,8.86,1,6.666763,7.67
2026-09-19,G0172,25.86441,86.81011,14.04,30.72,79.6,5.17,0.473,13.28,62.29,14.46,1,12.050029,14.04
2026-09-19,G0171,25.86441,86.7701,10.71,31.07,68.4,3.34,0.354,8.41,62.69,11.59,1,7.5394163,10.71
2026-09-19,G0170,25.86441,86.73008,8.36,31.67,85.93,1.89,0.448,15.12,64.52,13.98,1,12.041674,8.36
2026-09-19,G0169,25.86441,86.69006,9.23,31.83,66.95,3.99,0.464,17.54,68.95,13.4,1,13.290904,9.23
2026-09-19,G0168,25.86441,86.65004,16.86,29.63,70.06,2.08,0.372,14.06,65.72,10.62,1,12.622655,16.86
2026-09-19,G0167,25.86441,86.61003,14.3,31.86,78.88,2.47,0.458,18.44,64.35,18.27,1,14.132603,14.3
2026-09-19,G0166,25.86441,86.57001,6.12,30.39,63.88,3.83,0.444,6.84,63.27,6.0,1,5.2950354,6.12
2026-09-19,G0165,25.82838,87.13012,8.15,30.92,75.97,1.69,0.431,9.7,60.9,7.75,1,8.342233,8.15
2026-09-19,G0164,25.82838,87.09024,16.68,30.8,71.03,2.68,0.406,17.54,64.11,12.37,1,14.039735,16.68
2026-09-19,G0180,25.86441,87.13012,10.45,31.29,80.37,2.03,0.368,12.11,62.61,15.31,1,10.822317,10.45
2026-09-19,G0215,25.97252,86.73008,9.55,30.84,75.14,2.74,0.403,11.7,70.32,7.58,1,10.041815,9.55
2026-09-19,G0250,26.04459,86.93017,17.39,31.05,68.16,3.63,0.391,12.94,69.85,6.22,1,12.263911,17.39
2026-09-19,G0217,25.97252,86.81011,16.55,30.89,77.83,4.27,0.443,15.77,68.41,14.63,1,13.843577,16.55
2026-09-19,G0268,26.08063,87.05022,10.05,30.34,85.64,2.69,0.46,11.16,72.3,14.15,1,9.80848,10.05
2026-09-19,G0267,26.08063,87.0102,13.65,29.96,78.25,1.65,0.432,15.29,72.52,8.24,1,12.533339,13.65
2026-09-19,G0266,26.08063,86.97018,11.58,31.29,62.16,5.4,0.432,11.81,70.06,6.63,1,9.526032,11.58
2026-09-19,G0265,26.08063,86.93017,9.75,29.94,70.64,2.54,0.4,11.83,77.09,8.04,1,9.570428,9.75
2026-09-19,G0264,26.08063,86.89015,14.32,29.61,77.99,3.06,0.431,14.49,73.01,10.52,1,11.883323,14.32
2026-09-19,G0263,26.08063,86.85013,17.13,31.01,70.56,5.35,0.403,13.32,75.03,9.74,1,12.202189,17.13
2026-09-19,G0269,26.08063,87.09024,13.85,31.76,76.76,1.95,0.421,11.45,73.35,8.67,1,10.409005,13.85
2026-09-19,G0262,26.08063,86.81011,14.74,29.82,79.96,3.08,0.401,15.28,74.5,10.08,1,12.714241,14.74
2026-09-19,G0260,26.08063,86.73008,17.24,29.97,68.49,5.29,0.455,13.09,72.61,8.63,1,11.820921,17.24
2026-09-19,G0259,26.08063,86.69006,11.53,31.83,78.87,4.55,0.422,20.51,79.32,12.9,1,15.89943,11.53
2026-09-19,G0258,26.08063,86.65004,18.76,30.87,73.09,2.36,0.448,20.67,72.29,19.0,1,17.049921,18.76
2026-09-19,G0257,26.08063,86.61003,8.65,31.75,71.81,3.23,0.496,15.25,76.05,10.06,1,11.9340515,8.65
2026-09-19,G0256,26.08063,86.57001,10.24,30.2,75.73,4.38,0.377,17.08,75.13,12.45,1,12.568344,10.24
2026-09-19,G0255,26.04459,87.13012,19.8,30.54,77.31,3.41,0.443,18.32,68.79,12.56,1,16.209612,19.8
2026-09-19,G0261,26.08063,86.7701,19.56,32.59,71.28,3.43,0.457,19.66,75.0,20.96,1,15.967021,19.56
2026-09-19,G0254,26.04459,87.09024,6.87,31.59,73.43,3.76,0.387,21.29,73.23,14.94,1,13.938674,6.87
2026-09-19,G0270,26.08063,87.13012,8.93,29.69,76.33,3.13,0.484,17.24,77.07,18.52,1,11.841893,8.93
2026-09-19,G0272,26.09932,86.61003,20.92,30.64,73.23,3.85,0.452,17.75,75.15,11.57,1,15.937171,20.92
2026-09-19,G0145,25.79234,86.93017,14.79,30.73,74.73,3.89,0.41,8.12,59.23,8.14,1,8.953132,14.79
2026-09-19,G0285,26.09932,87.13012,7.56,30.72,68.13,3.5,0.426,10.61,76.2,10.15,1,7.9271145,7.56
2026-09-19,G0284,26.09932,87.09024,9.61,30.75,82.25,2.83,0.426,18.53,74.82,15.21,1,13.588457,9.61
2026-09-19,G0283,26.09932,87.05022,16.83,28.45,66.71,2.96,0.407,13.4,75.02,13.05,1,12.02614,16.83
2026-09-19,G0282,26.09932,87.0102,9.91,30.59,79.82,5.47,0.415,15.8,75.96,14.41,1,11.9919195,9.91
2026-09-19,G0281,26.09932,86.97018,15.74,30.39,70.29,5.5,0.449,14.06,73.16,13.7,1,12.078909,15.74
2026-09-19,G0271,26.09932,86.57001,8.87,31.17,68.65,2.64,0.417,17.01,73.05,8.91,1,11.88099,8.87
2026-09-19,G0280,26.09932,86.93017,10.42,35.38,83.04,1.7,0.435,14.69,75.0,14.55,1,12.311156,10.42
2026-09-19,G0278,26.09932,86.85013,17.61,30.75,78.86,1.39,0.346,8.34,72.59,10.05,1,10.364939,17.61
2026-09-19,G0277,26.09932,86.81011,14.05,30.01,74.5,3.04,0.399,21.35,73.15,12.52,1,15.28458,14.05
2026-09-19,G0276,26.09932,86.7701,15.69,30.65,76.17,2.82,0.363,16.85,72.77,13.95,1,13.962334,15.69
2026-09-19,G0275,26.09932,86.73008,7.88,30.19,74.94,4.93,0.399,15.98,76.29,15.66,1,12.415899,7.88
2026-09-19,G0274,26.09932,86.69006,10.04,28.68,72.46,4.03,0.452,15.99,74.15,15.67,1,12.261371,10.04
2026-09-19,G0273,26.09932,86.65004,4.24,31.78,79.97,2.83,0.408,9.71,76.93,10.23,1,8.116066,4.24
2026-09-19,G0279,26.09932,86.89015,6.72,30.34,74.46,5.5,0.419,11.28,75.41,4.3,1,8.645566,6.72
2026-09-19,G0216,25.97252,86.7701,3.88,32.18,75.19,4.06,0.412,8.13,71.1,5.95,1,7.045943,3.88
2026-09-19,G0253,26.04459,87.05022,9.59,31.09,70.3,3.55,0.362,14.85,72.08,4.87,1,11.456922,9.59
2026-09-19,G0251,26.04459,86.97018,8.92,30.25,72.43,4.69,0.418,3.25,73.33,1.09,1,5.5355473,8.92
2026-09-19,G0231,26.00856,86.7701,15.81,31.32,71.46,4.11,0.355,17.71,71.0,16.49,1,14.35935,15.81
2026-09-19,G0230,26.00856,86.73008,14.54,31.91,72.09,3.67,0.363,20.07,70.86,11.74,1,16.059168,14.54
2026-09-19,G0229,26.00856,86.69006,18.11,32.95,69.15,4.4,0.45,14.63,70.0,10.97,1,14.166405,18.11
2026-09-19,G0228,26.00856,86.65004,13.96,32.85,76.17,2.87,0.478,14.2,68.2,9.26,1,12.345075,13.96
2026-09-19,G0227,26.00856,86.61003,17.97,31.94,70.83,1.53,0.404,14.35,68.24,15.64,1,12.806625,17.97
2026-09-19,G0226,26.00856,86.57001,13.57,32.33,63.05,3.34,0.422,16.74,72.21,14.03,1,13.486362,13.57
2026-09-19,G0232,26.00856,86.81011,9.58,32.1,70.69,0.51,0.447,12.64,71.66,7.77,1,10.202483,9.58
2026-09-19,G0225,25.97252,87.13012,12.27,32.09,67.68,3.52,0.459,21.0,74.59,13.37,1,13.871732,12.27
2026-09-19,G0223,25.97252,87.05022,8.44,33.09,69.09,3.4,0.441,15.16,66.12,8.18,1,11.506641,8.44
2026-09-19,G0222,25.97252,87.0102,3.51,31.9,69.18,3.12,0.402,16.12,67.34,4.12,1,10.878675,3.51
2026-09-19,G0221,25.97252,86.97018,10.93,31.58,68.43,3.7,0.497,7.71,67.7,6.96,1,8.060791,10.93
2026-09-19,G0220,25.97252,86.93017,15.44,28.83,89.45,2.05,0.414,13.04,67.24,12.37,1,12.412777,15.44
2026-09-19,G0219,25.97252,86.89015,6.39,28.82,78.8,6.0,0.382,10.87,66.86,9.49,1,8.845637,6.39
2026-09-19,G0218,25.97252,86.85013,7.59,31.37,68.46,4.43,0.422,14.1,67.28,4.53,1,10.421511,7.59
2026-09-19,G0224,25.97252,87.09024,11.08,30.84,78.01,2.78,0.445,15.32,68.61,11.75,1,12.141398,11.08
2026-09-19,G0252,26.04459,87.0102,6.73,29.67,68.83,2.35,0.399,17.83,69.02,10.32,1,12.031937,6.73
2026-09-19,G0233,26.00856,86.85013,8.49,30.72,67.52,5.08,0.371,14.02,71.76,17.23,1,10.395947,8.49
2026-09-19,G0235,26.00856,86.93017,13.8,30.06,69.31,3.42,0.473,6.89,70.27,9.33,1,7.721843,13.8
2026-09-19,G0249,26.04459,86.89015,9.23,31.26,74.76,4.26,0.412,17.19,73.61,14.72,1,12.552748,9.23
2026-09-19,G0248,26.04459,86.85013,11.74,31.71,68.57,1.38,0.454,18.19,73.15,7.25,1,12.864017,11.74
2026-09-19,G0247,26.04459,86.81011,10.29,31.2,70.62,2.42,0.381,9.47,68.31,3.63,1,8.378526,10.29
2026-09-19,G0246,26.04459,86.7701,21.51,29.02,72.23,2.73,0.439,19.02,76.49,20.87,1,16.753637,21.51
2026-09-19,G0245,26.04459,86.73008,12.69,31.55,77.99,3.38,0.388,11.87,73.14,8.51,1,10.041068,12.69
2026-09-19,G0244,26.04459,86.69006,11.5,30.21,67.84,2.87,0.36,16.85,74.86,15.02,1,12.90111,11.5
2026-09-19,G0234,26.00856,86.89015,8.35,32.14,71.79,5.0,0.422,15.04,70.33,11.24,1,11.627045,8.35
2026-09-19,G0243,26.04459,86.65004,16.63,29.9,73.83,4.21,0.405,14.31,74.6,18.27,1,12.377356,16.63
2026-09-19,G0241,26.04459,86.57001,18.03,30.51,75.47,4.14,0.47,19.11,73.44,14.54,1,15.435902,18.03
2026-09-19,G0240,26.00856,87.13012,14.08,31.84,68.3,5.53,0.377,17.48,70.39,14.07,1,14.473712,14.08
2026-09-19,G0239,26.00856,87.09024,10.65,30.95,85.72,3.02,0.381,1.74,71.25,7.74,1,4.8950434,10.65
2026-09-19,G0238,26.00856,87.05022,7.48,31.16,69.89,1.43,0.474,15.05,68.27,9.32,1,10.541481,7.48
2026-09-19,G0237,26.00856,87.0102,15.07,32.64,80.12,2.45,0.447,14.79,68.39,14.83,1,12.545034,15.07
2026-09-19,G0236,26.00856,86.97018,15.52,29.0,75.93,3.26,0.477,14.74,68.78,14.81,1,12.798182,15.52
2026-09-19,G0242,26.04459,86.61003,8.26,31.2,74.45,4.68,0.489,20.37,67.52,17.8,1,14.882723,8.26
2026-09-19,G0144,25.79234,86.89015,21.61,30.98,80.23,4.79,0.408,10.62,59.27,12.12,1,12.268938,21.61
2026-09-19,G0143,25.79234,86.85013,5.56,33.83,70.08,3.86,0.44,8.54,62.36,12.92,1,6.8611174,5.56
2026-09-19,G0142,25.79234,86.81011,14.93,30.89,74.06,4.27,0.488,13.23,60.82,2.86,1,12.148018,14.93
2026-09-19,G0051,25.57613,86.7701,7.65,30.95,76.53,4.47,0.478,11.35,51.34,12.61,1,9.056831,7.65
2026-09-19,G0050,25.57613,86.73008,9.61,32.17,70.71,4.53,0.369,11.76,53.6,10.87,1,9.807785,9.61
2026-09-19,G0049,25.57613,86.69006,16.84,34.09,82.39,3.08,0.364,14.16,45.59,20.63,1,13.172794,16.84
2026-09-19,G0048,25.57613,86.65004,16.49,32.37,73.27,4.19,0.38,13.74,51.08,11.61,1,12.90972,16.49
2026-09-19,G0047,25.57613,86.61003,11.35,31.18,80.53,3.31,0.4,13.66,53.79,9.94,1,11.842239,11.35
2026-09-19,G0046,25.57613,86.57001,8.5,31.07,71.76,3.63,0.46,8.61,53.39,8.53,1,7.593328,8.5
2026-09-19,G0052,25.57613,86.81011,9.12,29.6,75.71,4.19,0.406,11.99,49.92,9.32,1,9.592645,9.12
2026-09-19,G0045,25.54009,87.13012,9.78,32.42,76.48,3.45,0.408,18.48,52.66,9.03,1,13.567387,9.78
2026-09-19,G0043,25.54009,87.05022,19.27,32.78,75.95,4.18,0.452,11.23,50.22,10.01,1,12.20518,19.27
2026-09-19,G0042,25.54009,87.0102,12.71,31.33,82.81,2.36,0.414,2.35,49.11,2.21,1,6.068969,12.71
2026-09-19,G0041,25.54009,86.97018,9.04,31.96,75.07,3.97,0.431,17.5,51.22,13.76,1,13.445813,9.04
2026-09-19,G0040,25.54009,86.93017,12.24,30.85,76.98,3.76,0.472,13.4,52.12,9.68,1,12.037609,12.24
2026-09-19,G0039,25.54009,86.89015,11.62,29.73,76.63,2.47,0.423,10.25,46.79,12.36,1,9.686669,11.62
2026-09-19,G0038,25.54009,86.85013,16.59,32.05,78.66,3.25,0.444,8.12,49.75,9.1,1,9.796612,16.59
2026-09-19,G0044,25.54009,87.09024,12.67,31.23,77.19,2.73,0.389,14.26,50.3,10.18,1,12.144718,12.67
2026-09-19,G0037,25.54009,86.81011,9.64,30.87,70.85,4.82,0.429,13.06,45.83,8.53,1,10.630988,9.64
2026-09-19,G0053,25.57613,86.85013,7.65,31.9,65.86,2.53,0.396,12.56,51.71,5.06,1,9.650351,7.65
2026-09-19,G0055,25.57613,86.93017,10.89,31.08,76.17,2.36,0.407,17.49,53.14,8.15,1,13.517648,10.89
2026-09-19,G0069,25.61216,86.89015,15.93,30.43,75.35,1.34,0.415,18.89,52.13,11.7,1,14.750873,15.93
2026-09-19,G0068,25.61216,86.85013,11.95,28.61,68.41,1.72,0.452,10.15,50.33,9.18,1,9.612157,11.95
2026-09-19,G0067,25.61216,86.81011,9.94,34.0,83.1,2.84,0.37,10.6,51.48,12.66,1,9.951132,9.94
2026-09-19,G0066,25.61216,86.7701,12.62,33.8,68.6,4.89,0.46,9.37,50.38,7.43,1,7.9305534,12.62
2026-09-19,G0065,25.61216,86.73008,10.32,32.25,68.3,5.64,0.471,9.82,50.16,10.64,1,8.487862,10.32
2026-09-19,G0064,25.61216,86.69006,13.04,34.49,68.01,2.53,0.401,15.42,52.23,14.74,1,12.10844,13.04
2026-09-19,G0054,25.57613,86.89015,11.44,30.86,70.39,3.33,0.409,11.36,52.38,11.15,1,10.132784,11.44
2026-09-19,G0063,25.61216,86.65004,5.29,32.32,70.77,0.3,0.444,16.63,51.55,16.16,1,11.062247,5.29
2026-09-19,G0061,25.61216,86.57001,14.44,32.88,70.98,2.9,0.41,9.25,51.69,7.96,1,9.792657,14.44
2026-09-19,G0060,25.57613,87.13012,15.26,31.47,78.84,5.17,0.379,19.3,51.54,12.78,1,15.252605,15.26
2026-09-19,G0059,25.57613,87.09024,13.19,30.59,71.19,2.47,0.433,8.03,53.38,6.14,1,8.326502,13.19
2026-09-19,G0058,25.57613,87.05022,3.15,32.12,75.87,3.71,0.464,13.38,48.7,9.41,1,9.94609,3.15
2026-09-19,G0057,25.57613,87.0102,10.3,29.65,70.33,4.36,0.392,9.34,53.22,12.39,1,8.377646,10.3
2026-09-19,G0056,25.57613,86.97018,14.03,31.5,80.38,6.34,0.416,15.14,50.6,10.64,1,12.389684,14.03
2026-09-19,G0062,25.61216,86.61003,14.93,32.37,63.14,4.58,0.467,16.92,49.16,15.64,1,13.220665,14.93
2026-09-19,G0070,25.61216,86.93017,16.29,29.17,76.8,4.24,0.37,12.38,51.77,13.59,1,11.745875,16.29
2026-09-19,G0036,25.54009,86.7701,11.96,30.77,76.28,3.38,0.421,10.75,47.24,12.11,1,10.393541,11.96
2026-09-19,G0034,25.54009,86.69006,20.27,31.51,74.61,5.96,0.271,18.46,45.66,15.07,1,16.345833,20.27
2026-09-19,G0015,25.46802,87.13012,18.15,31.06,71.41,3.41,0.462,16.69,47.77,16.44,1,14.43828,18.15
2026-09-19,G0014,25.46802,87.09024,6.46,32.76,84.14,1.44,0.403,20.06,44.04,11.77,1,14.295972,6.46
2026-09-19,G0013,25.46802,87.05022,15.13,31.9,76.18,3.48,0.393,19.29,48.28,16.1,1,15.058346,15.13
2026-09-19,G0012,25.46802,87.0102,9.71,33.43,80.68,1.92,0.42,10.29,45.43,9.47,1,9.772644,9.71
2026-09-19,G0011,25.46802,86.97018,13.46,31.59,72.38,4.17,0.445,19.42,45.36,18.22,1,14.683453,13.46
2026-09-19,G0010,25.46802,86.93017,10.73,30.53,73.89,3.78,0.375,15.93,45.94,12.8,1,11.379518,10.73
2026-09-19,G0016,25.50405,86.57001,10.02,30.68,79.02,2.72,0.375,16.07,45.63,12.95,1,12.041405,10.02
2026-09-19,G0009,25.46802,86.89015,8.2,31.99,73.2,4.18,0.488,13.91,45.6,14.38,1,10.864395,8.2
2026-09-19,G0007,25.46802,86.81011,11.89,31.04,56.22,4.02,0.365,17.34,49.12,16.92,1,12.802019,11.89
2026-09-19,G0006,25.46802,86.7701,10.58,32.89,68.2,2.94,0.417,15.42,47.99,13.28,1,11.145553,10.58
2026-09-19,G0005,25.46802,86.73008,18.97,29.85,66.02,3.92,0.435,12.13,43.53,13.13,1,12.212263,18.97
2026-09-19,G0004,25.46802,86.69006,8.27,32.64,73.87,3.58,0.416,16.13,44.27,16.56,1,11.981771,8.27
2026-09-19,G0003,25.46802,86.65004,18.98,28.82,75.68,1.46,0.48,11.54,45.88,11.28,1,12.8178005,18.98
2026-09-19,G0002,25.46802,86.61003,16.79,32.79,74.15,2.32,0.435,9.12,47.75,5.01,1,10.177019,16.79
2026-09-19,G0008,25.46802,86.85013,13.23,30.5,72.49,3.59,0.393,13.69,44.91,10.37,1,11.583963,13.23
2026-09-19,G0035,25.54009,86.73008,10.94,31.04,69.23,5.09,0.434,21.44,49.79,20.11,1,14.729001,10.94
2026-09-19,G0017,25.50405,86.61003,14.86,31.63,79.17,5.44,0.382,16.71,45.09,17.32,1,15.168816,14.86
2026-09-19,G0019,25.50405,86.69006,10.23,33.45,84.86,1.79,0.422,20.0,49.68,18.81,1,15.84714,10.23
2026-09-19,G0033,25.54009,86.65004,14.79,32.74,71.99,2.0,0.341,14.88,45.73,20.93,1,13.267643,14.79
2026-09-19,G0032,25.54009,86.61003,9.75,33.0,78.31,3.29,0.525,15.87,48.42,9.99,1,12.028562,9.75
2026-09-19,G0031,25.54009,86.57001,11.99,30.42,76.33,3.21,0.348,17.19,49.87,19.15,1,13.137297,11.99
2026-09-19,G0030,25.50405,87.13012,9.62,30.61,73.31,2.65,0.482,14.15,51.03,9.31,1,10.865292,9.62
2026-09-19,G0029,25.50405,87.09024,17.17,32.76,77.78,3.83,0.413,12.27,50.32,13.72,1,11.039077,17.17
2026-09-19,G0028,25.50405,87.05022,14.22,33.93,80.19,3.97,0.372,14.52,48.28,5.78,1,11.906726,14.22
2026-09-19,G0018,25.50405,86.65004,12.43,30.98,77.84,3.78,0.373,15.89,45.66,13.15,1,12.758313,12.43
2026-09-19,G0027,25.50405,87.0102,15.45,30.51,71.78,3.17,0.427,12.25,48.8,11.2,1,11.157739,15.45
2026-09-19,G0025,25.50405,86.93017,11.38,31.37,76.27,3.32,0.452,13.93,48.23,11.72,1,11.316598,11.38
2026-09-19,G0024,25.50405,86.89015,5.27,32.9,65.07,3.11,0.484,12.42,49.6,12.5,1,8.983686,5.27
2026-09-19,G0023,25.50405,86.85013,10.73,32.3,68.57,1.66,0.371,15.82,48.71,11.92,1,11.430301,10.73
2026-09-19,G0022,25.50405,86.81011,15.28,29.65,79.49,1.73,0.445,17.55,44.23,12.23,1,14.172182,15.28
2026-09-19,G0021,25.50405,86.7701,18.75,30.55,68.34,2.96,0.415,16.28,51.75,7.76,1,14.100969,18.75
2026-09-19,G0020,25.50405,86.73008,17.86,32.26,80.32,2.18,0.463,20.69,47.68,15.93,1,17.305946,17.86
2026-09-19,G0026,25.50405,86.97018,11.33,31.8,74.76,3.62,0.473,6.64,48.83,5.53,1,7.159441,11.33
2026-09-19,G0071,25.61216,86.97018,11.31,32.07,63.28,3.96,0.451,13.21,52.9,14.0,1,10.467979,11.31
2026-09-19,G0001,25.46802,86.57001,10.98,30.13,78.72,4.2,0.423,18.19,44.77,17.77,1,13.662582,10.98
2026-09-19,G0073,25.61216,87.05022,11.87,31.32,80.07,4.8,0.387,13.86,54.33,11.26,1,11.617631,11.87
2026-09-19,G0123,25.75631,86.65004,9.18,30.09,75.7,4.99,0.412,12.69,63.8,8.14,1,10.73655,9.18
2026-09-19,G0122,25.75631,86.61003,11.72,32.22,75.83,3.33,0.412,15.21,61.1,5.92,1,12.36378,11.72
2026-09-19,G0121,25.75631,86.57001,14.88,31.6,69.02,4.88,0.417,7.6,60.17,10.66,1,8.566682,14.88
2026-09-19,G0120,25.72027,87.13012,13.34,31.75,64.66,4.67,0.436,11.55,58.78,9.11,1,11.050293,13.34
2026-09-19,G0119,25.72027,87.09024,11.07,31.34,85.15,3.35,0.411,22.43,54.29,18.85,1,15.483826,11.07
2026-09-19,G0118,25.72027,87.05022,14.01,31.09,70.39,3.3,0.481,5.49,60.94,1.72,1,7.1921687,14.01
2026-09-19,G0072,25.61216,87.0102,8.23,31.1,64.15,3.15,0.407,4.78,52.97,7.33,1,6.0584145,8.23
2026-09-19,G0117,25.72027,87.0102,17.85,31.54,75.01,2.83,0.477,6.62,58.69,9.86,1,10.017499,17.85
2026-09-19,G0115,25.72027,86.93017,12.03,30.18,76.77,2.15,0.368,0.26,57.45,7.03,1,4.2724557,12.03
2026-09-19,G0114,25.72027,86.89015,20.64,32.81,69.77,1.41,0.423,11.74,59.96,8.59,1,12.870246,20.64
2026-09-19,G0113,25.72027,86.85013,9.45,30.62,75.24,4.74,0.482,4.97,60.25,11.78,1,6.7003345,9.45
2026-09-19,G0112,25.72027,86.81011,7.54,32.66,78.1,4.31,0.443,14.63,59.29,12.49,1,10.7981615,7.54
2026-09-19,G0111,25.72027,86.7701,18.64,32.15,76.78,2.64,0.399,7.52,60.2,11.44,1,9.296932,18.64
2026-09-19,G0110,25.72027,86.73008,14.04,32.47,73.84,1.19,0.437,14.88,55.85,13.58,1,12.961027,14.04
2026-09-19,G0116,25.72027,86.97018,9.32,32.21,80.9,3.29,0.374,15.5,59.15,11.46,1,11.995857,9.32
2026-09-19,G0109,25.72027,86.69006,9.15,31.52,70.28,2.95,0.394,12.22,56.36,9.62,1,9.852065,9.15
2026-09-19,G0125,25.75631,86.73008,9.74,31.97,69.93,3.11,0.432,8.35,58.73,13.48,1,7.481144,9.74
2026-09-19,G0127,25.75631,86.81011,7.52,30.13,74.98,3.32,0.411,10.68,57.9,8.44,1,8.717292,7.52
2026-09-19,G0141,25.79234,86.7701,13.66,32.82,69.71,3.74,0.411,10.1,61.33,9.77,1,9.995372,13.66
2026-09-19,G0140,25.79234,86.73008,25.1,30.34,88.99,3.3,0.412,13.61,64.85,18.0,1,14.029146,25.1
2026-09-19,G0139,25.79234,86.69006,15.55,31.63,68.49,5.72,0.383,18.21,59.08,15.82,1,15.6084795,15.55
2026-09-19,G0138,25.79234,86.65004,10.93,32.93,79.47,3.03,0.473,8.42,60.91,10.33,1,8.376462,10.93
2026-09-19,G0137,25.79234,86.61003,13.55,34.16,74.56,4.21,0.418,14.61,62.36,11.41,1,12.666486,13.55
2026-09-19,G0136,25.79234,86.57001,9.9,30.58,74.75,3.91,0.433,15.59,61.72,4.57,1,11.894166,9.9
2026-09-19,G0126,25.75631,86.7701,10.37,29.1,69.35,4.11,0.448,13.92,61.47,7.64,1,11.09921,10.37
2026-09-19,G0135,25.75631,87.13012,13.65,29.9,67.91,0.91,0.353,13.97,57.29,9.06,1,11.750383,13.65
2026-09-19,G0133,25.75631,87.05022,5.96,32.42,85.35,2.11,0.379,5.44,57.09,2.51,1,5.403642,5.96
2026-09-19,G0132,25.75631,87.0102,12.93,30.88,74.12,2.74,0.376,13.97,60.77,13.38,1,11.141694,12.93
2026-09-19,G0131,25.75631,86.97018,14.98,29.82,72.53,4.68,0.446,8.83,59.26,13.2,1,9.504073,14.98
2026-09-19,G0130,25.75631,86.93017,17.17,30.36,73.14,3.67,0.509,4.41,62.61,6.25,1,7.7966604,17.17
2026-09-19,G0129,25.75631,86.89015,10.86,32.96,66.79,3.05,0.488,6.58,61.08,11.52,1,6.6648,10.86
2026-09-19,G0128,25.75631,86.85013,16.6,30.89,73.77,3.61,0.38,9.18,62.64,12.6,1,9.943508,16.6
2026-09-19,G0134,25.75631,87.09024,13.88,29.23,68.1,4.52,0.476,8.75,55.75,6.9,1,9.236052,13.88
2026-09-19,G0108,25.72027,86.65004,14.63,29.91,72.83,3.89,0.4,13.94,59.4,10.9,1,12.040403,14.63
2026-09-19,G0124,25.75631,86.69006,18.56,33.0,77.07,6.06,0.413,7.23,56.35,12.25,1,9.145718,18.56
2026-09-19,G0106,25.72027,86.57001,15.5,31.71,70.33,2.8,0.408,15.21,60.08,8.65,1,12.775538,15.5
2026-09-19,G0087,25.6482,87.0102,16.04,32.44,78.34,4.77,0.397,0.68,56.48,5.22,1,5.920034,16.04
2026-09-19,G0086,25.6482,86.97018,9.85,30.45,72.55,4.08,0.446,3.84,52.16,8.47,1,5.687266,9.85
2026-09-19,G0085,25.6482,86.93017,11.48,30.36,71.91,3.39,0.411,4.91,53.87,4.98,1,6.6922493,11.48
2026-09-19,G0084,25.6482,86.89015,19.29,34.69,81.6,2.89,0.446,9.15,55.62,7.72,1,11.217597,19.29
2026-09-19,G0083,25.6482,86.85013,5.97,30.92,77.92,3.1,0.416,9.66,55.62,6.59,1,8.124459,5.97
2026-09-19,G0081,25.6482,86.7701,8.41,32.26,89.12,3.68,0.345,10.58,53.65,10.72,1,9.286264,8.41
2026-09-19,G0088,25.6482,87.05022,11.85,31.14,71.4,5.34,0.416,9.67,52.3,7.09,1,8.814908,11.85
2026-09-19,G0080,25.6482,86.73008,20.25,31.87,70.77,4.32,0.37,15.8,54.1,15.37,1,14.84595,20.25
2026-09-19,G0078,25.6482,86.65004,8.05,33.21,75.19,3.5,0.448,14.72,54.02,10.56,1,11.609901,8.05
2026-09-19,G0077,25.6482,86.61003,12.36,32.02,73.37,3.53,0.423,16.76,55.17,10.67,1,13.233947,12.36
2026-09-19,G0076,25.6482,86.57001,15.83,32.53,70.86,3.84,0.375,14.78,53.95,11.41,1,12.724179,15.83
2026-09-19,G0075,25.61216,87.13012,11.9,30.6,75.89,3.97,0.451,13.95,56.47,10.87,1,11.667755,11.9
2026-09-19,G0074,25.61216,87.09024,9.24,31.81,67.92,3.45,0.438,13.16,54.04,12.27,1,10.255932,9.24
2026-09-19,G0107,25.72027,86.61003,5.1,33.49,76.19,3.26,0.465,7.31,54.26,4.67,1,5.8125167,5.1
2026-09-19,G0079,25.6482,86.69006,5.85,32.83,79.84,2.19,0.422,17.18,51.73,18.08,1,11.69695,5.85
2026-09-19,G0089,25.6482,87.09024,8.96,30.92,73.12,2.82,0.317,5.92,55.63,3.75,1,6.33347,8.96
2026-09-19,G0082,25.6482,86.81011,20.31,32.87,69.76,4.39,0.421,11.35,57.07,10.62,1,12.426979,20.31
2026-09-19,G0091,25.68423,86.57001,14.06,31.61,68.14,4.91,0.423,5.61,57.09,11.02,1,7.090081,14.06
2026-09-19,G0090,25.6482,87.13012,18.74,30.79,74.45,5.01,0.412,16.72,55.64,17.62,1,14.737127,18.74
2026-09-19,G0104,25.68423,87.09024,11.38,29.65,76.73,4.54,0.493,11.27,58.76,8.42,1,10.045894,11.38
2026-09-19,G0103,25.68423,87.05022,10.4,30.53,68.28,6.25,0.467,10.59,55.13,10.8,1,8.863572,10.4
2026-09-19,G0102,25.68423,87.0102,7.18,30.3,71.2,3.07,0.398,10.08,55.75,5.94,1,8.338448,7.18
2026-09-19,G0101,25.68423,86.97018,12.75,34.57,72.66,1.82,0.496,12.08,57.7,10.71,1,10.297446,12.75
2026-09-19,G0100,25.68423,86.93017,19.42,32.67,80.2,3.26,0.509,6.86,53.79,7.84,1,9.789822,19.42
2026-09-19,G0099,25.68423,86.89015,5.94,32.85,67.6,4.67,0.43,0.84,55.81,1.6,1,3.476395,5.94
2026-09-19,G0105,25.68423,87.13012,10.84,30.56,64.44,2.13,0.406,8.02,57.51,12.73,1,8.435281,10.84
2026-09-19,G0097,25.68423,86.81011,17.89,33.58,76.58,3.13,0.455,6.68,57.13,7.92,1,8.226036,17.89
2026-09-19,G0096,25.68423,86.7701,16.33,32.89,73.82,5.78,0.423,13.76,56.83,10.55,1,12.261648,16.33
2026-09-19,G0095,25.68423,86.73008,13.72,31.05,74.13,1.91,0.51,13.4,54.44,10.98,1,11.158622,13.72
2026-09-19,G0094,25.68423,86.69006,14.31,32.46,77.48,3.83,0.419,7.98,61.08,6.55,1,8.75586,14.31
2026-09-19,G0093,25.68423,86.65004,17.28,29.97,68.12,2.66,0.432,15.52,53.92,11.42,1,12.961358,17.28
2026-09-19,G0092,25.68423,86.61003,11.37,31.87,76.33,3.0,0.393,10.07,57.8,13.16,1,9.892433,11.37
2026-09-19,G0098,25.68423,86.85013,20.53,31.19,78.31,1.51,0.44,8.06,58.49,11.0,1,11.137865,20.53
2026-09-20,G0194,25.90045,87.09024,10.42,34.58,70.33,2.75,0.383,8.41,63.96,10.47,1,7.6151595,10.42
2026-09-20,G0193,25.90045,87.05022,8.13,33.67,76.32,3.67,0.435,12.61,68.06,11.87,1,10.376404,8.13
2026-09-20,G0192,25.90045,87.0102,11.95,27.96,74.54,3.43,0.464,1.84,67.45,6.24,1,5.858056,11.95
2026-09-20,G0191,25.90045,86.97018,13.72,31.39,76.86,3.35,0.44,19.12,63.51,17.07,1,14.8860655,13.72
2026-09-20,G0190,25.90045,86.93017,17.83,31.43,73.67,2.96,0.385,6.21,68.83,12.45,1,9.193388,17.83
2026-09-20,G0189,25.90045,86.89015,10.47,30.64,72.33,4.55,0.441,5.37,63.56,6.06,1,6.7695494,10.47
2026-09-20,G0185,25.90045,86.73008,11.3,31.34,73.25,2.58,0.422,16.14,65.21,14.7,1,12.21502,11.3
2026-09-20,G0187,25.90045,86.81011,10.84,32.35,74.42,4.92,0.418,6.08,64.95,8.63,1,6.91901,10.84
2026-09-20,G0186,25.90045,86.7701,19.31,31.49,75.16,2.74,0.489,12.27,66.78,17.46,1,12.88802,19.31
2026-09-20,G0184,25.90045,86.69006,11.02,32.29,69.53,1.52,0.344,10.57,66.9,2.12,1,9.253186,11.02
2026-09-20,G0183,25.90045,86.65004,14.37,32.09,70.49,1.65,0.442,10.89,65.61,10.71,1,10.908915,14.37
2026-09-20,G0182,25.90045,86.61003,13.53,30.9,72.98,3.27,0.449,11.34,66.33,11.68,1,10.329666,13.53
2026-09-20,G0195,25.90045,87.13012,10.65,31.08,71.24,2.76,0.436,21.58,62.88,17.75,1,15.222272,10.65
2026-09-20,G0188,25.90045,86.85013,13.87,31.89,77.02,1.72,0.391,9.4,67.77,9.29,1,9.006758,13.87
2026-09-20,G0196,25.93649,86.57001,15.31,29.92,74.79,2.29,0.388,11.2,66.08,9.1,1,10.737785,15.31
2026-09-20,G0213,25.97252,86.65004,16.39,31.59,68.97,2.87,0.453,16.45,68.85,16.81,1,13.758738,16.39
2026-09-20,G0198,25.93649,86.65004,9.21,29.01,71.26,2.26,0.411,20.35,66.32,14.83,1,14.736372,9.21
2026-09-20,G0212,25.97252,86.61003,15.64,34.09,68.18,1.68,0.457,16.48,68.71,14.82,1,13.533612,15.64
2026-09-20,G0211,25.97252,86.57001,8.29,30.41,78.66,2.79,0.445,11.85,68.13,5.43,1,9.6248,8.29
2026-09-20,G0210,25.93649,87.13012,16.39,32.23,79.02,2.53,0.382,18.08,62.16,18.41,1,14.883122,16.39
2026-09-20,G0209,25.93649,87.09024,5.63,32.62,78.17,4.66,0.346,10.47,66.69,9.52,1,8.39322,5.63
2026-09-20,G0208,25.93649,87.05022,15.24,31.86,68.74,4.16,0.47,17.36,64.14,14.64,1,13.305404,15.24
2026-09-20,G0207,25.93649,87.0102,16.94,32.02,77.82,2.36,0.379,8.55,69.24,13.57,1,9.576273,16.94
2026-09-20,G0197,25.93649,86.61003,12.52,29.62,74.14,2.14,0.363,6.82,65.05,1.9,1,6.997155,12.52
2026-09-20,G0206,25.93649,86.97018,18.95,32.44,69.67,2.34,0.445,9.56,66.15,16.48,1,11.172714,18.95
2026-09-20,G0204,25.93649,86.89015,8.85,32.12,63.83,4.3,0.412,7.66,66.53,4.35,1,7.1634903,8.85
2026-09-20,G0203,25.93649,86.85013,11.57,28.97,78.03,1.32,0.308,13.47,66.57,10.48,1,9.5558,11.57
2026-09-20,G0202,25.93649,86.81011,11.77,31.2,69.94,1.44,0.409,8.46,66.14,5.14,1,8.815215,11.77
2026-09-20,G0201,25.93649,86.7701,22.65,32.47,71.75,1.83,0.376,12.95,66.77,15.18,1,13.434788,22.65
2026-09-20,G0200,25.93649,86.73008,6.09,30.83,69.84,4.9,0.364,17.19,68.49,7.6,1,12.231764,6.09
2026-09-20,G0199,25.93649,86.69006,12.36,30.35,79.0,4.82,0.42,12.64,65.92,15.72,1,11.575565,12.36
2026-09-20,G0205,25.93649,86.93017,16.6,32.32,67.04,2.71,0.397,12.1,69.32,9.58,1,11.549076,16.6
2026-09-20,G0181,25.90045,86.57001,9.32,33.19,67.11,3.44,0.411,18.93,62.74,14.41,1,14.675698,9.32
2026-09-20,G0146,25.79234,86.97018,11.02,30.91,71.01,3.3,0.432,6.4,65.62,7.38,1,7.295343,11.02
2026-09-20,G0179,25.86441,87.09024,7.64,33.63,76.79,2.61,0.453,14.26,60.95,9.08,1,9.995473,7.64
2026-09-20,G0159,25.82838,86.89015,11.62,30.92,78.74,3.14,0.389,12.1,63.5,8.26,1,10.48256,11.62
2026-09-20,G0158,25.82838,86.85013,17.37,29.93,76.36,3.47,0.413,14.6,62.88,11.38,1,13.0510235,17.37
2026-09-20,G0157,25.82838,86.81011,16.16,30.56,71.68,3.53,0.387,6.29,61.54,7.5,1,8.234889,16.16
2026-09-20,G0156,25.82838,86.7701,11.51,30.25,69.9,4.18,0.461,11.19,59.88,11.32,1,9.746401,11.51
2026-09-20,G0155,25.82838,86.73008,16.32,32.07,77.77,1.57,0.388,12.99,60.08,10.64,1,11.697074,16.32
2026-09-20,G0154,25.82838,86.69006,16.31,33.38,80.67,3.66,0.391,12.12,60.44,10.47,1,11.871145,16.31
2026-09-20,G0160,25.82838,86.93017,11.89,30.45,64.2,2.36,0.409,9.26,60.08,7.99,1,9.1623745,11.89
2026-09-20,G0153,25.82838,86.65004,14.49,28.88,72.0,6.9,0.407,16.18,61.35,18.09,1,13.398559,14.49
2026-09-20,G0151,25.82838,86.57001,5.1,31.12,85.35,5.33,0.441,9.23,60.61,10.04,1,7.623357,5.1
2026-09-20,G0150,25.79234,87.13012,7.29,30.44,78.84,2.69,0.46,4.62,57.66,0.0,0,5.1571145,7.29
2026-09-20,G0149,25.79234,87.09024,18.93,28.3,81.71,2.59,0.442,13.06,62.43,10.72,1,12.460322,18.93
2026-09-20,G0148,25.79234,87.05022,10.96,32.31,75.16,2.87,0.425,7.27,61.68,8.26,1,7.240974,10.96
2026-09-20,G0147,25.79234,87.0102,25.93,30.84,68.21,2.85,0.415,15.23,62.03,15.54,1,15.148778,25.93
2026-09-20,G0214,25.97252,86.69006,13.25,27.44,67.27,1.5,0.39,21.9,68.16,20.46,1,15.383125,13.25
2026-09-20,G0152,25.82838,86.61003,12.28,32.57,74.67,2.16,0.388,12.18,63.87,10.72,1,11.2005825,12.28
2026-09-20,G0161,25.82838,86.97018,14.54,31.19,83.39,1.22,0.382,2.79,59.63,10.7,1,6.294235,14.54
2026-09-20,G0162,25.82838,87.0102,13.64,31.69,78.73,3.34,0.349,15.25,61.08,14.01,1,12.328647,13.64
2026-09-20,G0163,25.82838,87.05022,14.73,31.07,76.73,5.96,0.422,13.99,62.3,10.55,1,13.0000515,14.73
2026-09-20,G0178,25.86441,87.05022,12.16,33.63,72.82,2.01,0.449,2.59,62.61,6.21,1,5.925148,12.16
2026-09-20,G0177,25.86441,87.0102,9.88,32.04,75.62,4.33,0.447,10.43,63.6,14.25,1,9.53086,9.88
2026-09-20,G0176,25.86441,86.97018,9.15,31.17,80.06,4.38,0.446,8.42,63.02,5.8,1,8.06471,9.15
2026-09-20,G0175,25.86441,86.93017,7.41,31.59,71.57,3.49,0.472,3.5,65.93,0.0,0,5.1679993,7.41
2026-09-20,G0174,25.86441,86.89015,12.85,30.54,77.79,2.56,0.416,6.46,63.79,11.7,1,7.749102,12.85
2026-09-20,G0173,25.86441,86.85013,13.67,32.24,70.52,4.63,0.458,13.49,66.49,15.21,1,12.064889,13.67
2026-09-20,G0172,25.86441,86.81011,11.75,29.4,80.18,1.1,0.444,16.71,63.65,8.54,1,14.275235,11.75
2026-09-20,G0171,25.86441,86.7701,8.36,32.28,72.11,3.61,0.399,8.2,63.45,12.29,1,7.6592793,8.36
2026-09-20,G0170,25.86441,86.73008,9.51,32.04,76.5,4.42,0.404,9.5,65.73,8.65,1,8.81519,9.51
2026-09-20,G0169,25.86441,86.69006,10.04,32.88,77.79,2.41,0.402,10.74,63.05,9.9,1,9.332974,10.04
2026-09-20,G0168,25.86441,86.65004,15.74,33.43,76.22,1.9,0.413,13.2,65.45,16.01,1,11.845602,15.74
2026-09-20,G0167,25.86441,86.61003,15.05,31.12,80.29,4.43,0.429,12.33,63.42,9.44,1,11.22662,15.05
2026-09-20,G0166,25.86441,86.57001,21.05,31.2,78.0,3.65,0.382,15.02,64.63,11.36,1,13.828662,21.05
2026-09-20,G0165,25.82838,87.13012,10.77,29.56,81.45,5.84,0.428,9.79,63.45,11.73,1,8.5880575,10.77
2026-09-20,G0164,25.82838,87.09024,14.79,28.75,68.17,1.98,0.48,10.56,61.18,7.85,1,10.596042,14.79
2026-09-20,G0180,25.86441,87.13012,8.03,30.52,72.31,3.8,0.366,14.46,66.42,17.71,1,10.345825,8.03
2026-09-20,G0215,25.97252,86.73008,9.7,31.93,74.45,1.75,0.426,23.21,69.53,9.03,1,16.165619,9.7
2026-09-20,G0250,26.04459,86.93017,9.17,31.14,70.69,4.81,0.396,10.91,76.9,11.59,1,9.45173,9.17
2026-09-20,G0217,25.97252,86.81011,16.09,28.06,77.37,2.3,0.441,14.82,70.64,14.39,1,13.411696,16.09
2026-09-20,G0268,26.08063,87.05022,14.19,30.2,79.48,3.28,0.423,11.66,70.71,12.79,1,10.769691,14.19
2026-09-20,G0267,26.08063,87.0102,10.31,30.82,77.51,2.61,0.399,8.42,73.3,10.72,1,7.760334,10.31
2026-09-20,G0266,26.08063,86.97018,15.69,30.52,87.99,2.66,0.416,11.89,74.3,13.1,1,11.980506,15.69
2026-09-20,G0265,26.08063,86.93017,9.9,30.19,75.49,2.44,0.454,7.64,74.62,8.64,1,7.932808,9.9
2026-09-20,G0264,26.08063,86.89015,7.31,30.4,78.34,5.86,0.387,6.34,74.72,9.71,1,6.4631824,7.31
2026-09-20,G0263,26.08063,86.85013,13.1,32.25,64.7,2.97,0.43,9.98,73.2,6.75,1,9.216838,13.1
2026-09-20,G0269,26.08063,87.09024,21.4,32.06,69.82,4.0,0.373,8.86,77.16,10.84,1,10.965841,21.4
2026-09-20,G0262,26.08063,86.81011,12.25,30.07,73.82,3.49,0.458,11.74,76.18,11.2,1,10.038407,12.25
2026-09-20,G0260,26.08063,86.73008,20.85,30.99,81.39,1.98,0.421,18.0,75.41,16.61,1,17.079235,20.85
2026-09-20,G0259,26.08063,86.69006,7.51,31.58,70.28,3.4,0.415,14.94,72.79,11.84,1,10.627243,7.51
2026-09-20,G0258,26.08063,86.65004,10.73,31.31,74.82,1.79,0.458,10.81,75.31,7.07,1,10.039083,10.73
2026-09-20,G0257,26.08063,86.61003,13.86,32.74,62.57,4.88,0.37,22.3,78.4,21.65,1,13.905243,13.86
2026-09-20,G0256,26.08063,86.57001,10.26,31.89,83.11,2.65,0.415,18.23,71.58,14.43,1,14.121182,10.26
2026-09-20,G0255,26.04459,87.13012,17.03,32.32,74.37,2.47,0.418,19.86,68.98,17.33,1,15.549839,17.03
2026-09-20,G0261,26.08063,86.7701,8.11,30.88,67.21,3.18,0.462,11.95,72.61,6.15,1,9.363712,8.11
2026-09-20,G0254,26.04459,87.09024,12.08,32.41,71.2,4.01,0.437,10.75,69.35,3.5,1,9.937871,12.08
2026-09-20,G0270,26.08063,87.13012,10.66,31.08,76.48,4.46,0.454,18.79,78.19,12.34,1,13.4092455,10.66
2026-09-20,G0272,26.09932,86.61003,15.31,32.61,82.04,3.87,0.497,9.08,74.17,11.18,1,9.899651,15.31
2026-09-20,G0145,25.79234,86.93017,11.43,32.12,73.44,5.03,0.366,2.08,63.51,6.19,1,5.23462,11.43
2026-09-20,G0285,26.09932,87.13012,18.35,30.81,74.75,2.42,0.504,15.09,76.13,12.65,1,12.6693,18.35
2026-09-20,G0284,26.09932,87.09024,12.29,28.64,73.19,3.48,0.436,16.06,74.38,7.74,1,12.644112,12.29
2026-09-20,G0283,26.09932,87.05022,21.07,30.33,77.51,2.53,0.43,15.86,72.36,16.38,1,15.199815,21.07
2026-09-20,G0282,26.09932,87.0102,12.19,30.79,68.52,2.8,0.339,14.53,73.68,10.33,1,11.478207,12.19
2026-09-20,G0281,26.09932,86.97018,7.87,31.45,69.11,5.1,0.417,17.79,72.07,12.9,1,13.267812,7.87
2026-09-20,G0271,26.09932,86.57001,15.79,33.02,68.79,3.06,0.386,12.89,75.75,11.75,1,12.421384,15.79
2026-09-20,G0280,26.09932,86.93017,16.73,29.18,72.5,2.44,0.42,14.24,71.9,14.27,1,12.460806,16.73
2026-09-20,G0278,26.09932,86.85013,7.76,31.58,82.12,1.8,0.413,18.07,79.82,16.47,1,13.842733,7.76
2026-09-20,G0277,26.09932,86.81011,15.02,30.22,78.7,2.01,0.452,14.12,79.07,16.23,1,13.5027895,15.02
2026-09-20,G0276,26.09932,86.7701,15.55,33.52,78.63,5.11,0.477,9.89,74.08,11.41,1,9.774751,15.55
2026-09-20,G0275,26.09932,86.73008,13.83,30.28,63.97,3.44,0.426,14.3,73.44,14.45,1,12.221117,13.83
2026-09-20,G0274,26.09932,86.69006,4.56,29.05,65.04,3.44,0.386,7.07,73.75,6.28,1,5.1436367,4.56
2026-09-20,G0273,26.09932,86.65004,17.98,30.78,67.33,4.0,0.387,12.29,76.47,13.82,1,11.867389,17.98
2026-09-20,G0279,26.09932,86.89015,12.89,30.65,73.76,3.96,0.36,12.24,76.38,10.62,1,10.138771,12.89
2026-09-20,G0216,25.97252,86.7701,10.41,33.99,73.88,3.13,0.404,17.16,68.61,14.68,1,12.912841,10.41
2026-09-20,G0253,26.04459,87.05022,4.61,30.23,71.67,3.39,0.385,15.52,70.46,13.23,1,10.840913,4.61
2026-09-20,G0251,26.04459,86.97018,8.98,33.39,69.72,1.62,0.392,17.41,69.76,15.73,1,13.160202,8.98
2026-09-20,G0231,26.00856,86.7701,15.73,30.0,73.32,4.79,0.431,11.46,75.29,10.77,1,10.516897,15.73
2026-09-20,G0230,26.00856,86.73008,12.19,31.27,73.41,5.75,0.393,24.81,72.55,18.86,1,17.391632,12.19
2026-09-20,G0229,26.00856,86.69006,12.76,31.03,73.01,3.08,0.446,15.77,70.66,15.67,1,12.6988325,12.76
2026-09-20,G0228,26.00856,86.65004,15.54,31.51,74.15,3.68,0.384,18.74,68.1,12.07,1,14.898049,15.54
2026-09-20,G0227,26.00856,86.61003,10.84,30.89,77.12,3.45,0.432,19.94,71.17,17.99,1,15.477563,10.84
2026-09-20,G0226,26.00856,86.57001,7.87,32.14,79.34,3.24,0.445,19.33,66.59,17.36,1,14.08856,7.87
2026-09-20,G0232,26.00856,86.81011,7.08,31.0,66.37,4.46,0.426,13.05,71.85,4.04,1,9.060729,7.08
2026-09-20,G0225,25.97252,87.13012,15.09,31.67,73.66,0.92,0.432,19.39,67.87,15.95,1,15.146472,15.09
2026-09-20,G0223,25.97252,87.05022,8.58,30.49,73.4,5.07,0.419,5.61,69.23,12.07,1,6.572937,8.58
2026-09-20,G0222,25.97252,87.0102,21.85,30.06,64.17,4.67,0.473,12.9,68.9,15.66,1,13.141954,21.85
2026-09-20,G0221,25.97252,86.97018,10.44,29.95,80.58,2.43,0.545,10.08,68.27,12.86,1,9.834318,10.44
2026-09-20,G0220,25.97252,86.93017,9.69,30.2,76.56,3.46,0.539,10.73,66.79,5.19,1,10.204227,9.69
2026-09-20,G0219,25.97252,86.89015,22.88,32.56,72.78,3.02,0.422,15.37,72.12,14.1,1,14.235748,22.88
2026-09-20,G0218,25.97252,86.85013,15.46,32.71,72.77,2.81,0.413,13.88,68.85,15.75,1,12.578716,15.46
2026-09-20,G0224,25.97252,87.09024,7.95,29.96,76.07,4.33,0.428,17.7,66.28,15.64,1,13.652146,7.95
2026-09-20,G0252,26.04459,87.0102,19.44,32.51,72.39,2.79,0.367,9.36,72.24,8.69,1,9.861152,19.44
2026-09-20,G0233,26.00856,86.85013,13.3,30.72,76.78,2.74,0.496,7.86,68.33,3.91,1,8.987871,13.3
2026-09-20,G0235,26.00856,86.93017,18.11,31.57,71.5,5.28,0.393,10.09,71.83,10.04,1,11.288945,18.11
2026-09-20,G0249,26.04459,86.89015,8.2,32.22,79.35,3.01,0.457,4.6,72.78,0.0,0,5.341334,8.2
2026-09-20,G0248,26.04459,86.85013,9.82,28.42,72.72,2.67,0.43,13.41,73.51,9.97,1,10.573467,9.82
2026-09-20,G0247,26.04459,86.81011,8.67,31.76,75.62,4.14,0.451,18.85,70.58,14.3,1,13.671909,8.67
2026-09-20,G0246,26.04459,86.7701,14.61,29.55,81.7,3.12,0.461,14.24,71.97,10.27,1,12.517969,14.61
2026-09-20,G0245,26.04459,86.73008,17.14,30.39,73.37,2.7,0.424,22.25,68.79,16.55,1,17.362688,17.14
2026-09-20,G0244,26.04459,86.69006,14.17,26.34,73.77,5.16,0.335,18.4,71.76,14.7,1,12.556232,14.17
2026-09-20,G0234,26.00856,86.89015,15.3,31.21,70.02,6.93,0.425,4.75,68.4,2.45,1,7.402608,15.3
2026-09-20,G0243,26.04459,86.65004,12.99,28.82,68.92,2.82,0.422,15.27,69.77,12.79,1,11.811825,12.99
2026-09-20,G0241,26.04459,86.57001,12.09,30.83,72.73,4.34,0.431,13.95,73.93,12.04,1,11.595111,12.09
2026-09-20,G0240,26.00856,87.13012,22.35,29.68,77.28,4.88,0.416,19.72,70.1,14.07,1,17.152502,22.35
2026-09-20,G0239,26.00856,87.09024,8.1,29.64,75.29,2.54,0.384,19.19,72.28,17.4,1,13.452934,8.1
2026-09-20,G0238,26.00856,87.05022,8.11,28.24,75.98,5.64,0.387,13.41,69.88,9.89,1,10.8455515,8.11
2026-09-20,G0237,26.00856,87.0102,16.28,31.87,71.15,3.15,0.435,10.87,68.13,10.02,1,10.48925,16.28
2026-09-20,G0236,26.00856,86.97018,9.59,31.89,70.23,5.94,0.423,8.0,69.62,6.71,1,7.187348,9.59
2026-09-20,G0242,26.04459,86.61003,8.46,30.18,71.21,2.17,0.449,13.41,72.83,8.82,1,9.753338,8.46
2026-09-20,G0144,25.79234,86.89015,20.38,31.44,72.3,5.18,0.466,0.74,60.38,8.62,1,6.239215,20.38
2026-09-20,G0143,25.79234,86.85013,15.85,29.57,81.81,3.11,0.4,6.39,59.67,11.19,1,8.6748705,15.85
2026-09-20,G0142,25.79234,86.81011,13.55,31.03,65.25,3.89,0.385,4.34,63.02,4.55,1,6.8932056,13.55
2026-09-20,G0051,25.57613,86.7701,6.05,31.79,74.65,2.09,0.48,16.65,54.88,10.14,1,11.519206,6.05
2026-09-20,G0050,25.57613,86.73008,19.66,32.44,74.97,2.29,0.38,18.86,50.43,16.49,1,16.21476,19.66
2026-09-20,G0049,25.57613,86.69006,12.46,29.83,75.0,3.49,0.422,11.08,51.45,7.95,1,10.39219,12.46
2026-09-20,G0048,25.57613,86.65004,14.76,33.76,62.36,3.76,0.503,17.7,51.26,14.1,1,12.111285,14.76
2026-09-20,G0047,25.57613,86.61003,15.6,33.24,79.51,2.49,0.375,21.11,50.28,18.66,1,17.456896,15.6
2026-09-20,G0046,25.57613,86.57001,15.41,30.56,73.69,1.8,0.433,12.82,54.11,16.96,1,11.718495,15.41
2026-09-20,G0052,25.57613,86.81011,9.15,33.28,73.49,1.23,0.483,15.01,45.79,12.94,1,11.430467,9.15
2026-09-20,G0045,25.54009,87.13012,12.36,31.77,78.98,6.14,0.401,11.85,47.33,9.78,1,11.060464,12.36
2026-09-20,G0043,25.54009,87.05022,15.29,31.41,77.76,3.02,0.373,13.76,49.42,12.16,1,12.525425,15.29
2026-09-20,G0042,25.54009,87.0102,15.26,31.33,83.19,3.21,0.413,7.29,47.18,6.86,1,9.40719,15.26
2026-09-20,G0041,25.54009,86.97018,18.66,29.81,75.74,4.58,0.422,6.21,47.03,9.25,1,8.57087,18.66
2026-09-20,G0040,25.54009,86.93017,16.27,32.25,70.6,5.36,0.461,6.85,50.9,8.73,1,8.648171,16.27
2026-09-20,G0039,25.54009,86.89015,9.68,29.95,74.52,3.48,0.471,10.79,52.49,9.83,1,9.291501,9.68
2026-09-20,G0038,25.54009,86.85013,8.4,31.44,76.24,3.82,0.463,11.36,45.07,5.08,1,9.437778,8.4
2026-09-20,G0044,25.54009,87.09024,9.55,34.24,74.19,1.99,0.452,12.55,49.7,11.78,1,10.430013,9.55
2026-09-20,G0037,25.54009,86.81011,2.81,30.18,67.43,5.56,0.41,13.09,50.09,9.09,1,8.105587,2.81
2026-09-20,G0053,25.57613,86.85013,17.3,31.21,69.83,3.08,0.457,8.12,50.76,4.72,1,10.761864,17.3
2026-09-20,G0055,25.57613,86.93017,14.6,33.22,70.39,4.89,0.467,12.83,49.87,16.79,1,12.4609165,14.6
2026-09-20,G0069,25.61216,86.89015,6.16,30.93,71.21,4.55,0.411,4.87,51.84,1.74,1,5.3495765,6.16
2026-09-20,G0068,25.61216,86.85013,12.99,32.32,72.01,2.78,0.458,13.81,55.76,8.25,1,11.653301,12.99
2026-09-20,G0067,25.61216,86.81011,11.37,31.4,74.94,2.16,0.442,16.7,53.32,5.56,1,12.655089,11.37
2026-09-20,G0066,25.61216,86.7701,15.32,33.2,77.02,2.08,0.43,16.12,55.62,7.06,1,13.769649,15.32
2026-09-20,G0065,25.61216,86.73008,14.1,31.62,79.25,1.82,0.442,13.31,49.53,11.03,1,12.018018,14.1
2026-09-20,G0064,25.61216,86.69006,16.37,30.98,77.19,4.8,0.48,14.56,48.37,12.05,1,12.900916,16.37
2026-09-20,G0054,25.57613,86.89015,11.27,30.84,78.18,2.47,0.446,13.02,53.82,13.2,1,10.844697,11.27
2026-09-20,G0063,25.61216,86.65004,8.09,33.35,81.47,3.53,0.431,10.16,50.96,6.53,1,9.0610895,8.09
2026-09-20,G0061,25.61216,86.57001,9.76,32.5,72.67,3.51,0.475,4.27,53.15,9.43,1,5.412036,9.76
2026-09-20,G0060,25.57613,87.13012,18.64,31.82,69.99,4.3,0.408,20.32,50.79,16.15,1,16.749577,18.64
2026-09-20,G0059,25.57613,87.09024,12.72,31.26,91.76,5.28,0.4,17.71,54.39,17.79,1,14.874892,12.72
2026-09-20,G0058,25.57613,87.05022,16.29,31.27,69.41,3.73,0.485,15.29,51.84,18.16,1,12.985637,16.29
2026-09-20,G0057,25.57613,87.0102,7.25,30.96,77.6,4.33,0.486,11.65,48.75,8.94,1,9.01274,7.25
2026-09-20,G0056,25.57613,86.97018,12.33,31.83,70.13,5.23,0.408,13.98,52.56,7.45,1,11.812393,12.33
2026-09-20,G0062,25.61216,86.61003,13.27,30.37,81.35,4.1,0.475,10.79,53.45,10.45,1,10.039189,13.27
2026-09-20,G0070,25.61216,86.93017,12.56,31.63,74.42,2.49,0.369,9.98,52.17,8.51,1,9.438128,12.56
2026-09-20,G0036,25.54009,86.7701,15.92,28.81,77.77,1.22,0.391,20.15,51.81,19.8,1,17.215649,15.92
2026-09-20,G0034,25.54009,86.69006,7.91,29.98,67.52,4.38,0.403,15.43,51.25,9.67,1,11.131247,7.91
2026-09-20,G0015,25.46802,87.13012,11.89,31.07,65.67,5.08,0.461,13.15,47.28,15.12,1,11.021465,11.89
2026-09-20,G0014,25.46802,87.09024,8.06,34.11,62.27,5.2,0.434,23.58,46.28,14.78,1,12.796832,8.06
2026-09-20,G0013,25.46802,87.05022,10.91,33.82,76.81,3.45,0.415,15.51,45.08,8.88,1,11.792792,10.91
2026-09-20,G0012,25.46802,87.0102,17.91,32.7,69.69,2.64,0.393,12.2,46.55,10.19,1,11.946504,17.91
2026-09-20,G0011,25.46802,86.97018,19.55,29.81,78.41,3.01,0.355,19.32,46.76,13.37,1,16.218187,19.55
2026-09-20,G0010,25.46802,86.93017,13.93,29.67,78.26,4.09,0.433,12.83,48.03,4.22,1,11.725701,13.93
2026-09-20,G0016,25.50405,86.57001,11.4,30.59,80.37,6.2,0.494,15.05,47.95,17.54,1,11.4562,11.4
2026-09-20,G0009,25.46802,86.89015,10.64,32.63,72.93,2.4,0.406,12.17,47.54,15.8,1,9.977108,10.64
2026-09-20,G0007,25.46802,86.81011,10.37,31.07,70.15,3.48,0.382,16.15,47.44,13.23,1,11.822901,10.37
2026-09-20,G0006,25.46802,86.7701,10.15,29.44,68.1,3.99,0.45,12.6,43.18,10.09,1,9.6994,10.15
2026-09-20,G0005,25.46802,86.73008,18.97,30.05,66.03,3.05,0.467,12.59,44.39,14.17,1,12.382802,18.97
2026-09-20,G0004,25.46802,86.69006,5.21,32.4,74.27,2.64,0.466,10.76,47.91,10.26,1,7.5384574,5.21
2026-09-20,G0003,25.46802,86.65004,7.31,30.7,65.94,3.8,0.45,16.7,48.77,11.14,1,11.163355,7.31
2026-09-20,G0002,25.46802,86.61003,12.26,30.06,77.94,2.75,0.496,16.24,45.29,9.35,1,13.237968,12.26
2026-09-20,G0008,25.46802,86.85013,8.36,33.74,78.46,2.88,0.385,14.27,45.27,11.81,1,11.102137,8.36
2026-09-20,G0035,25.54009,86.73008,9.15,32.11,66.18,2.87,0.38,18.37,51.26,10.43,1,13.855752,9.15
2026-09-20,G0017,25.50405,86.61003,14.54,32.06,69.62,3.58,0.466,11.46,45.42,5.72,1,11.270699,14.54
2026-09-20,G0019,25.50405,86.69006,12.3,33.57,77.61,3.6,0.324,21.61,50.96,15.95,1,15.686168,12.3
2026-09-20,G0033,25.54009,86.65004,17.24,31.56,74.88,4.92,0.408,16.59,51.32,14.36,1,14.753329,17.24
2026-09-20,G0032,25.54009,86.61003,14.91,31.06,72.7,2.02,0.338,11.25,48.86,13.01,1,10.830659,14.91
2026-09-20,G0031,25.54009,86.57001,16.26,31.24,79.01,4.86,0.459,18.26,46.08,8.68,1,15.415826,16.26
2026-09-20,G0030,25.50405,87.13012,8.81,31.67,76.53,3.47,0.375,20.13,45.76,12.56,1,14.689477,8.81
2026-09-20,G0029,25.50405,87.09024,16.55,30.57,70.12,2.28,0.439,16.52,49.97,11.4,1,13.77845,16.55
2026-09-20,G0028,25.50405,87.05022,16.7,32.85,70.16,1.57,0.375,10.93,46.75,5.05,1,10.612571,16.7
2026-09-20,G0018,25.50405,86.65004,10.31,32.02,75.93,2.61,0.469,23.5,47.09,20.31,1,16.922192,10.31
2026-09-20,G0027,25.50405,87.0102,10.75,32.9,70.7,1.8,0.43,11.7,46.11,13.56,1,9.7477665,10.75
2026-09-20,G0025,25.50405,86.93017,12.52,30.99,71.68,2.97,0.464,9.56,45.79,7.88,1,9.502462,12.52
2026-09-20,G0024,25.50405,86.89015,17.46,33.27,75.48,2.59,0.389,11.38,44.38,13.45,1,12.00639,17.46
2026-09-20,G0023,25.50405,86.85013,14.42,31.4,73.4,3.73,0.435,16.07,47.97,14.75,1,13.435534,14.42
2026-09-20,G0022,25.50405,86.81011,12.86,32.11,71.25,3.53,0.431,10.16,49.34,8.34,1,9.273246,12.86
2026-09-20,G0021,25.50405,86.7701,11.97,34.36,72.08,4.21,0.4,10.54,50.26,9.1,1,9.191047,11.97
2026-09-20,G0020,25.50405,86.73008,12.98,32.35,86.13,6.15,0.408,17.68,51.87,8.87,1,15.274444,12.98
2026-09-20,G0026,25.50405,86.97018,9.44,31.41,75.13,2.82,0.396,15.66,48.39,9.59,1,11.921294,9.44
2026-09-20,G0071,25.61216,86.97018,7.78,32.46,64.22,4.48,0.44,8.35,55.72,3.56,1,7.5655174,7.78
2026-09-20,G0001,25.46802,86.57001,17.54,33.17,60.51,4.04,0.406,12.78,48.96,8.82,1,11.456566,17.54
2026-09-20,G0073,25.61216,87.05022,12.89,32.04,76.29,4.12,0.409,10.08,53.54,9.62,1,9.164227,12.89
2026-09-20,G0123,25.75631,86.65004,8.7,32.06,75.06,2.18,0.415,15.39,58.22,13.16,1,11.769592,8.7
2026-09-20,G0122,25.75631,86.61003,14.1,31.14,70.32,2.28,0.421,17.66,58.5,10.73,1,13.548779,14.1
2026-09-20,G0121,25.75631,86.57001,22.56,32.59,69.61,1.32,0.411,18.56,66.07,17.43,1,16.50473,22.56
2026-09-20,G0120,25.72027,87.13012,14.49,33.11,80.68,2.1,0.438,13.66,57.6,12.8,1,12.2749815,14.49
2026-09-20,G0119,25.72027,87.09024,10.51,31.52,73.39,3.48,0.478,8.33,60.81,7.73,1,8.00198,10.51
2026-09-20,G0118,25.72027,87.05022,18.02,31.86,72.08,3.4,0.498,2.9,56.15,9.02,1,8.063871,18.02
2026-09-20,G0072,25.61216,87.0102,15.78,31.39,63.02,3.56,0.411,6.15,54.01,5.7,1,8.351547,15.78
2026-09-20,G0117,25.72027,87.0102,16.65,31.99,69.37,4.07,0.448,11.34,57.69,12.91,1,10.499821,16.65
2026-09-20,G0115,25.72027,86.93017,20.99,31.8,73.15,1.42,0.367,6.57,60.84,7.18,1,9.313892,20.99
2026-09-20,G0114,25.72027,86.89015,22.95,29.89,82.76,2.72,0.492,8.21,59.12,10.68,1,11.754186,22.95
2026-09-20,G0113,25.72027,86.85013,11.04,32.4,72.19,3.88,0.369,0.58,57.34,2.23,1,4.507866,11.04
2026-09-20,G0112,25.72027,86.81011,14.71,29.36,71.51,3.12,0.453,9.51,58.17,2.62,1,9.840935,14.71
2026-09-20,G0111,25.72027,86.7701,5.9,30.19,81.39,2.2,0.484,20.79,60.11,13.47,1,14.860187,5.9
2026-09-20,G0110,25.72027,86.73008,10.32,31.69,83.35,1.91,0.45,17.09,57.94,12.8,1,13.657076,10.32
2026-09-20,G0116,25.72027,86.97018,16.15,30.82,76.44,3.36,0.475,5.63,54.93,10.14,1,8.205078,16.15
2026-09-20,G0109,25.72027,86.69006,10.45,29.57,71.11,3.81,0.391,6.35,61.0,6.13,1,6.8737473,10.45
2026-09-20,G0125,25.75631,86.73008,14.2,33.15,68.25,3.98,0.402,16.06,58.32,10.54,1,12.845693,14.2
2026-09-20,G0127,25.75631,86.81011,16.58,31.25,77.89,6.03,0.438,18.89,58.03,18.61,1,14.732138,16.58
2026-09-20,G0141,25.79234,86.7701,18.18,30.58,73.36,3.14,0.439,6.22,61.73,10.46,1,9.169196,18.18
2026-09-20,G0140,25.79234,86.73008,18.38,31.74,73.61,1.94,0.417,11.13,62.96,15.45,1,12.161851,18.38
2026-09-20,G0139,25.79234,86.69006,10.15,32.44,64.18,2.59,0.361,18.6,63.68,15.21,1,13.809946,10.15
2026-09-20,G0138,25.79234,86.65004,9.69,33.42,80.13,4.1,0.372,10.36,60.98,7.48,1,9.779749,9.69
2026-09-20,G0137,25.79234,86.61003,12.93,31.6,73.65,2.26,0.37,15.13,62.59,20.44,1,11.769054,12.93
2026-09-20,G0136,25.79234,86.57001,10.45,32.63,79.76,4.25,0.434,13.51,62.36,11.66,1,11.3719425,10.45
2026-09-20,G0126,25.75631,86.7701,13.96,31.7,80.99,3.62,0.471,7.21,55.59,13.22,1,8.523654,13.96
2026-09-20,G0135,25.75631,87.13012,21.24,31.84,85.05,3.78,0.51,12.09,61.46,14.31,1,12.957066,21.24
2026-09-20,G0133,25.75631,87.05022,7.4,30.96,69.81,4.73,0.44,16.76,59.32,8.74,1,11.7555685,7.4
2026-09-20,G0132,25.75631,87.0102,12.48,31.33,77.58,1.4,0.416,12.04,61.42,8.73,1,10.250645,12.48
2026-09-20,G0131,25.75631,86.97018,13.28,29.97,75.22,6.17,0.465,12.65,57.54,8.54,1,12.468307,13.28
2026-09-20,G0130,25.75631,86.93017,15.76,31.84,78.29,1.08,0.481,8.63,55.77,11.33,1,8.929751,15.76
2026-09-20,G0129,25.75631,86.89015,6.78,28.44,75.98,3.42,0.411,13.36,61.86,6.14,1,10.354301,6.78
2026-09-20,G0128,25.75631,86.85013,18.28,31.73,74.31,3.63,0.474,14.0,61.85,11.32,1,13.437275,18.28
2026-09-20,G0134,25.75631,87.09024,15.08,31.6,68.49,4.04,0.381,14.74,59.75,11.06,1,13.253991,15.08
2026-09-20,G0108,25.72027,86.65004,14.6,31.0,77.08,3.48,0.464,7.26,55.28,10.4,1,8.564655,14.6
2026-09-20,G0124,25.75631,86.69006,8.84,33.13,74.53,2.68,0.458,10.14,58.51,8.08,1,8.303939,8.84
2026-09-20,G0106,25.72027,86.57001,8.53,32.56,76.82,3.26,0.329,5.78,59.59,10.74,1,6.3796487,8.53
2026-09-20,G0087,25.6482,87.0102,9.26,30.81,76.83,4.22,0.371,13.58,54.05,9.47,1,10.994592,9.26
2026-09-20,G0086,25.6482,86.97018,13.0,31.23,78.01,4.73,0.441,17.69,56.05,19.11,1,14.548578,13.0
2026-09-20,G0085,25.6482,86.93017,10.26,29.01,77.16,1.58,0.433,1.4,51.39,3.25,1,4.603338,10.26
2026-09-20,G0084,25.6482,86.89015,11.46,31.87,85.28,3.75,0.441,9.98,56.16,8.57,1,10.005366,11.46
2026-09-20,G0083,25.6482,86.85013,18.77,30.68,73.42,4.83,0.423,12.61,54.16,9.42,1,12.441359,18.77
2026-09-20,G0081,25.6482,86.7701,15.49,30.31,82.95,2.31,0.522,16.87,53.17,18.62,1,14.7498665,15.49
2026-09-20,G0088,25.6482,87.05022,14.96,32.85,79.84,3.71,0.39,8.72,54.42,6.04,1,9.151862,14.96
2026-09-20,G0080,25.6482,86.73008,11.06,32.3,70.88,2.31,0.416,13.09,55.03,8.19,1,10.662825,11.06
2026-09-20,G0078,25.6482,86.65004,11.39,31.14,66.62,3.54,0.434,10.27,56.6,8.14,1,9.730262,11.39
2026-09-20,G0077,25.6482,86.61003,3.68,32.24,84.87,3.23,0.414,15.11,52.26,9.19,1,10.69457,3.68
2026-09-20,G0076,25.6482,86.57001,14.39,29.86,80.5,4.86,0.444,8.81,56.95,8.51,1,9.955434,14.39
2026-09-20,G0075,25.61216,87.13012,11.46,32.7,66.63,5.83,0.399,7.93,51.75,11.49,1,7.6100097,11.46
2026-09-20,G0074,25.61216,87.09024,16.51,30.38,66.45,4.48,0.42,8.95,51.7,4.54,1,10.130438,16.51
2026-09-20,G0107,25.72027,86.61003,8.27,31.91,74.36,5.34,0.459,19.03,58.13,14.19,1,14.262,8.27
2026-09-20,G0079,25.6482,86.69006,12.35,30.85,85.4,1.95,0.365,19.33,56.41,16.22,1,15.654021,12.35
2026-09-20,G0089,25.6482,87.09024,10.7,33.42,78.86,1.35,0.443,1.7,54.3,2.05,1,5.4242997,10.7
2026-09-20,G0082,25.6482,86.81011,9.57,32.87,81.65,3.36,0.411,11.17,53.63,7.58,1,10.064694,9.57
2026-09-20,G0091,25.68423,86.57001,18.47,31.05,68.48,3.89,0.377,8.2,53.34,12.3,1,10.636065,18.47
2026-09-20,G0090,25.6482,87.13012,14.43,31.54,71.14,3.07,0.381,14.61,57.95,13.51,1,12.124415,14.43
2026-09-20,G0104,25.68423,87.09024,9.71,31.75,82.75,4.44,0.426,7.91,55.06,6.36,1,7.9244957,9.71
2026-09-20,G0103,25.68423,87.05022,10.22,31.39,70.9,3.58,0.501,6.52,58.8,7.28,1,6.825254,10.22
2026-09-20,G0102,25.68423,87.0102,16.4,32.03,66.48,3.59,0.418,7.58,51.96,5.76,1,8.429198,16.4
2026-09-20,G0101,25.68423,86.97018,10.9,33.14,78.81,1.38,0.516,0.0,56.62,6.72,1,4.7148223,10.9
2026-09-20,G0100,25.68423,86.93017,11.49,29.16,75.07,3.0,0.441,10.85,56.28,13.99,1,10.288015,11.49
2026-09-20,G0099,25.68423,86.89015,8.5,33.76,71.81,3.44,0.457,12.56,53.32,5.46,1,9.233819,8.5
2026-09-20,G0105,25.68423,87.13012,3.57,32.08,66.1,3.02,0.435,11.44,53.81,7.72,1,8.098622,3.57
2026-09-20,G0097,25.68423,86.81011,14.43,31.25,81.29,6.18,0.416,16.24,56.5,13.43,1,13.93785,14.43
2026-09-20,G0096,25.68423,86.7701,8.88,33.31,67.84,2.09,0.427,12.95,55.31,13.48,1,10.013884,8.88
2026-09-20,G0095,25.68423,86.73008,10.15,31.63,72.92,3.46,0.438,14.76,54.91,10.75,1,11.53755,10.15
2026-09-20,G0094,25.68423,86.69006,17.12,32.71,81.5,1.52,0.419,4.58,58.8,9.69,1,7.964854,17.12
2026-09-20,G0093,25.68423,86.65004,14.0,30.8,72.95,3.58,0.471,16.67,54.89,12.53,1,13.539043,14.0
2026-09-20,G0092,25.68423,86.61003,17.78,30.83,74.27,2.64,0.465,14.06,54.61,13.72,1,12.82928,17.78
2026-09-20,G0098,25.68423,86.85013,21.38,30.97,79.13,2.99,0.421,21.55,58.98,14.98,1,18.319818,21.38
2026-09-21,G0194,25.90045,87.09024,16.42,30.48,77.18,1.94,0.451,3.66,67.57,2.93,1,7.583633,16.42
2026-09-21,G0193,25.90045,87.05022,10.55,31.28,73.0,4.74,0.388,6.6,63.58,2.15,1,7.101919,10.55
2026-09-21,G0192,25.90045,87.0102,14.26,30.85,79.25,2.43,0.439,9.71,63.17,10.29,1,10.670077,14.26
2026-09-21,G0191,25.90045,86.97018,10.52,30.06,69.12,1.64,0.409,6.85,65.66,10.57,1,7.1799273,10.52
2026-09-21,G0190,25.90045,86.93017,9.68,31.2,76.78,4.3,0.446,10.03,64.99,9.55,1,9.10784,9.68
2026-09-21,G0189,25.90045,86.89015,14.6,32.08,63.55,3.59,0.363,13.46,67.57,13.05,1,12.236345,14.6
2026-09-21,G0185,25.90045,86.73008,9.91,32.26,70.16,1.41,0.372,15.62,66.01,12.45,1,11.444955,9.91
2026-09-21,G0187,25.90045,86.81011,12.93,31.74,79.6,6.03,0.417,14.86,70.57,13.35,1,12.057703,12.93
2026-09-21,G0186,25.90045,86.7701,13.98,29.51,78.22,1.59,0.407,16.75,70.27,12.37,1,13.687245,13.98
2026-09-21,G0184,25.90045,86.69006,11.62,31.02,80.16,4.59,0.406,18.45,66.45,9.45,1,14.4286,11.62
2026-09-21,G0183,25.90045,86.65004,22.38,31.37,78.56,2.77,0.479,16.22,65.45,16.78,1,16.181164,22.38
2026-09-21,G0182,25.90045,86.61003,4.66,30.64,80.81,2.86,0.45,12.85,66.86,12.31,1,9.548533,4.66
2026-09-21,G0195,25.90045,87.13012,20.47,30.83,72.55,1.84,0.367,13.42,65.77,11.06,1,13.3151655,20.47
2026-09-21,G0188,25.90045,86.85013,8.04,30.0,78.51,2.41,0.45,12.98,64.42,11.52,1,10.187754,8.04
2026-09-21,G0196,25.93649,86.57001,7.36,31.16,77.49,4.18,0.389,5.14,66.8,4.87,1,4.527608,7.36
2026-09-21,G0213,25.97252,86.65004,10.75,31.24,72.6,3.81,0.506,15.74,65.79,15.38,1,12.281359,10.75
2026-09-21,G0198,25.93649,86.65004,21.78,31.0,74.3,3.94,0.405,13.11,67.87,17.01,1,12.739862,21.78
2026-09-21,G0212,25.97252,86.61003,16.89,28.92,72.89,4.43,0.468,17.07,66.72,14.2,1,14.550498,16.89
2026-09-21,G0211,25.97252,86.57001,8.31,31.21,71.68,2.61,0.475,17.51,72.59,14.17,1,13.746472,8.31
2026-09-21,G0210,25.93649,87.13012,11.23,31.36,73.52,1.04,0.457,13.4,66.62,11.23,1,11.091309,11.23
2026-09-21,G0209,25.93649,87.09024,14.61,30.45,72.07,2.52,0.393,17.59,67.92,8.55,1,14.336029,14.61
2026-09-21,G0208,25.93649,87.05022,6.18,31.11,63.44,1.27,0.441,17.4,70.16,14.23,1,12.469175,6.18
2026-09-21,G0207,25.93649,87.0102,16.19,30.69,69.21,4.2,0.352,10.42,69.38,10.26,1,10.512852,16.19
2026-09-21,G0197,25.93649,86.61003,15.48,31.95,66.44,3.33,0.479,7.15,66.96,9.97,1,7.5412183,15.48
2026-09-21,G0206,25.93649,86.97018,11.39,28.57,76.97,3.53,0.358,15.56,66.93,10.75,1,12.323282,11.39
2026-09-21,G0204,25.93649,86.89015,19.3,29.7,73.03,3.79,0.402,10.78,68.24,12.56,1,11.328835,19.3
2026-09-21,G0203,25.93649,86.85013,12.67,32.2,77.56,3.39,0.394,1.63,69.83,6.97,1,6.107999,12.67
2026-09-21,G0202,25.93649,86.81011,9.62,31.56,69.14,3.92,0.389,12.07,66.25,14.01,1,9.646546,9.62
2026-09-21,G0201,25.93649,86.7701,6.43,31.33,69.7,1.93,0.475,11.33,69.27,3.94,1,9.473711,6.43
2026-09-21,G0200,25.93649,86.73008,9.9,31.98,75.08,2.02,0.396,17.72,70.54,15.34,1,14.057138,9.9
2026-09-21,G0199,25.93649,86.69006,15.33,30.1,75.2,3.1,0.458,14.9,69.5,11.04,1,12.998171,15.33
2026-09-21,G0205,25.93649,86.93017,13.21,31.13,75.56,1.56,0.359,4.72,67.4,3.93,1,6.7841525,13.21
2026-09-21,G0181,25.90045,86.57001,15.85,31.41,75.84,3.59,0.476,23.17,63.45,18.57,1,17.613705,15.85
2026-09-21,G0146,25.79234,86.97018,14.92,31.99,74.14,1.33,0.415,0.0,59.97,1.84,1,3.9967628,14.92
2026-09-21,G0179,25.86441,87.09024,11.25,30.33,75.39,4.97,0.381,8.98,66.38,7.02,1,8.879693,11.25
2026-09-21,G0159,25.82838,86.89015,8.44,31.09,77.59,3.29,0.371,1.74,59.4,6.98,1,4.2424574,8.44
2026-09-21,G0158,25.82838,86.85013,11.51,30.29,72.66,4.11,0.433,8.57,62.39,8.48,1,8.466225,11.51
2026-09-21,G0157,25.82838,86.81011,14.42,30.98,69.95,3.97,0.424,14.51,60.3,11.87,1,12.304116,14.42
2026-09-21,G0156,25.82838,86.7701,9.82,28.87,70.03,3.05,0.415,9.35,59.83,5.98,1,8.800263,9.82
2026-09-21,G0155,25.82838,86.73008,8.62,32.35,73.66,1.61,0.403,17.51,63.48,8.0,1,13.470563,8.62
2026-09-21,G0154,25.82838,86.69006,13.15,31.61,72.63,1.26,0.448,14.2,63.78,11.49,1,11.718674,13.15
2026-09-21,G0160,25.82838,86.93017,10.43,30.61,82.14,1.34,0.469,3.75,64.07,5.86,1,5.9973917,10.43
2026-09-21,G0153,25.82838,86.65004,10.62,28.9,73.31,1.18,0.409,13.65,61.98,10.46,1,11.570612,10.62
2026-09-21,G0151,25.82838,86.57001,11.29,30.95,73.59,2.68,0.452,12.63,62.87,16.63,1,10.396617,11.29
2026-09-21,G0150,25.79234,87.13012,9.63,31.63,66.21,3.04,0.452,10.06,61.71,7.61,1,8.532687,9.63
2026-09-21,G0149,25.79234,87.09024,15.72,31.13,75.31,3.62,0.381,5.0,61.7,8.24,1,7.429885,15.72
2026-09-21,G0148,25.79234,87.05022,4.85,30.64,80.13,4.64,0.399,3.76,57.74,3.06,1,4.5464244,4.85
2026-09-21,G0147,25.79234,87.0102,11.17,30.76,73.03,2.47,0.443,3.56,62.04,7.74,1,5.9946194,11.17
2026-09-21,G0285,26.09932,87.13012,8.46,33.44,71.21,2.2,0.452,18.91,78.03,16.64,1,12.557458,8.46
2026-09-21,G0152,25.82838,86.61003,11.18,30.24,73.39,3.65,0.429,12.1,62.33,1.75,1,9.941498,11.18
2026-09-21,G0161,25.82838,86.97018,12.68,33.01,76.87,2.88,0.368,2.81,61.16,6.61,1,5.2300425,12.68
2026-09-21,G0162,25.82838,87.0102,5.5,30.61,73.32,6.14,0.409,9.7,61.44,8.12,1,8.183715,5.5
2026-09-21,G0163,25.82838,87.05022,17.72,31.53,65.89,3.05,0.457,8.99,60.92,8.17,1,10.503945,17.72
2026-09-21,G0178,25.86441,87.05022,6.49,30.32,69.17,5.32,0.46,11.79,69.26,7.64,1,9.517195,6.49
2026-09-21,G0177,25.86441,87.0102,18.19,30.97,78.59,3.39,0.427,5.85,64.45,8.04,1,9.823116,18.19
2026-09-21,G0176,25.86441,86.97018,16.34,30.59,67.68,2.41,0.491,13.67,63.77,9.3,1,12.363824,16.34
2026-09-21,G0175,25.86441,86.93017,7.94,33.0,79.01,3.31,0.437,12.87,63.74,13.32,1,10.481317,7.94
2026-09-21,G0174,25.86441,86.89015,9.43,30.85,72.8,5.66,0.411,6.66,64.67,6.96,1,6.4920006,9.43
2026-09-21,G0173,25.86441,86.85013,12.17,28.84,69.16,3.73,0.392,12.21,64.21,13.01,1,10.290272,12.17
2026-09-21,G0172,25.86441,86.81011,21.77,32.87,74.6,4.26,0.435,13.44,62.23,15.29,1,13.281886,21.77
2026-09-21,G0171,25.86441,86.7701,9.55,31.82,70.77,3.51,0.433,12.6,67.53,3.47,1,10.26967,9.55
2026-09-21,G0170,25.86441,86.73008,15.5,30.8,75.76,4.47,0.42,11.72,64.02,14.14,1,11.042273,15.5
2026-09-21,G0169,25.86441,86.69006,16.06,30.17,68.82,3.48,0.445,14.23,66.38,9.44,1,12.246747,16.06
2026-09-21,G0168,25.86441,86.65004,9.99,30.14,86.59,5.36,0.392,14.15,63.26,15.47,1,11.703349,9.99
2026-09-21,G0167,25.86441,86.61003,10.61,29.99,73.37,5.26,0.445,18.52,68.14,11.96,1,13.390437,10.61
2026-09-21,G0166,25.86441,86.57001,11.57,32.0,73.79,3.05,0.374,11.98,62.93,7.14,1,9.922899,11.57
2026-09-21,G0165,25.82838,87.13012,16.35,34.75,69.95,2.87,0.417,14.08,63.18,11.18,1,12.358839,16.35
2026-09-21,G0164,25.82838,87.09024,16.57,31.8,69.37,2.85,0.451,14.8,58.97,13.77,1,12.877951,16.57
2026-09-21,G0180,25.86441,87.13012,13.22,30.1,69.26,5.06,0.369,9.83,64.03,15.45,1,9.419562,13.22
2026-09-21,G0214,25.97252,86.69006,8.75,30.65,74.85,2.19,0.462,15.12,73.03,14.9,1,10.948775,8.75
2026-09-21,G0249,26.04459,86.89015,10.81,29.73,69.28,1.54,0.39,2.76,71.82,7.65,1,4.5865836,10.81
2026-09-21,G0216,25.97252,86.7701,9.64,30.17,70.11,2.78,0.485,10.76,69.25,11.06,1,9.367653,9.64
2026-09-21,G0267,26.08063,87.0102,13.59,30.82,75.95,5.79,0.436,13.8,76.43,5.37,1,11.941506,13.59
2026-09-21,G0266,26.08063,86.97018,10.26,30.08,77.27,2.43,0.397,12.76,74.18,12.97,1,11.19458,10.26
2026-09-21,G0265,26.08063,86.93017,16.26,32.36,74.17,4.55,0.435,18.33,70.42,20.17,1,14.760533,16.26
2026-09-21,G0264,26.08063,86.89015,16.33,30.88,72.23,3.04,0.456,18.96,74.08,15.42,1,14.02307,16.33
2026-09-21,G0263,26.08063,86.85013,19.5,32.45,71.12,4.47,0.406,10.62,75.69,14.43,1,11.858822,19.5
2026-09-21,G0262,26.08063,86.81011,8.26,31.32,73.93,4.79,0.379,12.49,76.17,17.86,1,10.51381,8.26
2026-09-21,G0268,26.08063,87.05022,12.21,30.97,72.3,1.56,0.521,14.74,78.04,12.31,1,13.740279,12.21
2026-09-21,G0261,26.08063,86.7701,13.86,31.3,72.61,4.5,0.413,11.09,72.15,12.04,1,9.6984625,13.86
2026-09-21,G0259,26.08063,86.69006,5.11,31.97,70.8,2.49,0.44,28.96,72.27,20.88,1,17.37922,5.11
2026-09-21,G0258,26.08063,86.65004,11.06,30.29,71.63,4.23,0.358,11.75,74.46,12.23,1,9.855813,11.06
2026-09-21,G0257,26.08063,86.61003,19.14,28.31,78.07,2.75,0.393,14.69,67.34,11.89,1,13.500389,19.14
2026-09-21,G0256,26.08063,86.57001,18.17,29.96,79.92,2.35,0.395,8.32,75.0,9.6,1,10.264767,18.17
2026-09-21,G0255,26.04459,87.13012,13.77,32.87,71.87,2.6,0.402,22.47,72.1,17.73,1,15.979858,13.77
2026-09-21,G0254,26.04459,87.09024,11.8,31.16,73.18,4.39,0.451,8.69,69.7,4.96,1,8.724982,11.8
2026-09-21,G0260,26.08063,86.73008,10.4,33.42,66.18,0.0,0.382,21.41,76.53,12.24,1,12.662976,10.4
2026-09-21,G0253,26.04459,87.05022,19.59,29.53,76.05,3.85,0.442,12.29,71.52,13.63,1,12.792518,19.59
2026-09-21,G0269,26.08063,87.09024,12.38,30.3,79.83,2.68,0.414,14.2,74.3,10.67,1,11.865727,12.38
2026-09-21,G0271,26.09932,86.57001,8.79,30.44,73.11,3.84,0.471,17.06,78.18,18.36,1,12.726507,8.79
2026-09-21,G0145,25.79234,86.93017,16.46,30.91,74.87,4.25,0.43,8.03,58.81,9.54,1,9.424977,16.46
2026-09-21,G0284,26.09932,87.09024,7.74,32.19,78.68,2.65,0.339,15.59,73.98,13.41,1,11.585191,7.74
2026-09-21,G0283,26.09932,87.05022,14.99,29.21,77.73,5.32,0.454,15.2,73.95,8.74,1,13.558209,14.99
2026-09-21,G0282,26.09932,87.0102,5.61,31.48,70.14,5.17,0.498,8.3,73.84,9.63,1,7.6528354,5.61
2026-09-21,G0281,26.09932,86.97018,13.07,31.85,70.06,1.78,0.476,12.05,75.98,13.7,1,10.63445,13.07
2026-09-21,G0280,26.09932,86.93017,17.08,29.59,76.95,4.44,0.346,11.47,75.83,9.24,1,11.100734,17.08
2026-09-21,G0270,26.08063,87.13012,17.66,29.87,83.65,2.04,0.493,15.47,74.26,16.7,1,14.173381,17.66
2026-09-21,G0279,26.09932,86.89015,11.47,29.48,85.29,3.26,0.425,7.35,74.55,9.15,1,8.459526,11.47
2026-09-21,G0277,26.09932,86.81011,9.33,30.79,75.43,3.28,0.378,17.05,70.54,8.87,1,12.66335,9.33
2026-09-21,G0276,26.09932,86.7701,12.92,31.71,66.61,2.73,0.43,19.02,76.16,18.2,1,13.615947,12.92
2026-09-21,G0275,26.09932,86.73008,12.61,32.04,82.72,4.7,0.465,14.25,74.29,15.21,1,12.726216,12.61
2026-09-21,G0274,26.09932,86.69006,12.2,29.18,72.04,3.08,0.402,14.07,75.35,12.73,1,11.557579,12.2
2026-09-21,G0273,26.09932,86.65004,17.1,30.84,73.73,3.14,0.454,16.87,76.35,17.78,1,14.735296,17.1
2026-09-21,G0272,26.09932,86.61003,12.87,29.81,66.66,2.92,0.466,14.26,75.23,12.44,1,11.792382,12.87
2026-09-21,G0278,26.09932,86.85013,14.46,32.7,67.15,3.34,0.361,19.29,71.94,10.65,1,15.50777,14.46
2026-09-21,G0215,25.97252,86.73008,9.91,30.96,86.81,4.92,0.391,19.14,70.03,12.51,1,15.115988,9.91
2026-09-21,G0252,26.04459,87.0102,18.12,31.5,74.15,3.11,0.468,14.52,73.66,11.83,1,12.973038,18.12
2026-09-21,G0250,26.04459,86.93017,16.97,32.62,73.6,4.86,0.405,11.76,73.15,11.53,1,11.127629,16.97
2026-09-21,G0230,26.00856,86.73008,23.42,31.74,73.47,2.51,0.361,16.37,74.08,15.86,1,16.401468,23.42
2026-09-21,G0229,26.00856,86.69006,12.81,30.07,72.61,2.47,0.417,19.8,68.46,14.73,1,15.187757,12.81
2026-09-21,G0228,26.00856,86.65004,14.86,30.81,76.58,1.88,0.418,14.12,70.61,13.05,1,13.039683,14.86
2026-09-21,G0227,26.00856,86.61003,17.32,30.94,73.19,3.92,0.41,14.9,71.74,11.54,1,12.708906,17.32
2026-09-21,G0226,26.00856,86.57001,19.39,31.02,60.95,4.18,0.408,14.64,72.61,13.46,1,13.73872,19.39
2026-09-21,G0225,25.97252,87.13012,10.17,32.43,60.89,4.88,0.391,11.89,65.12,11.29,1,9.677066,10.17
2026-09-21,G0231,26.00856,86.7701,13.03,30.62,74.3,1.02,0.389,9.62,73.28,14.06,1,9.790146,13.03
2026-09-21,G0224,25.97252,87.09024,11.96,30.45,76.29,3.0,0.412,14.56,72.77,13.7,1,11.771942,11.96
2026-09-21,G0222,25.97252,87.0102,16.45,30.09,78.06,4.82,0.467,15.0,71.69,11.32,1,12.769388,16.45
2026-09-21,G0221,25.97252,86.97018,7.17,30.08,74.71,4.36,0.42,12.19,70.9,9.06,1,9.682245,7.17
2026-09-21,G0220,25.97252,86.93017,11.56,30.86,66.91,2.48,0.431,7.05,72.11,7.58,1,7.202265,11.56
2026-09-21,G0219,25.97252,86.89015,17.56,31.95,77.46,2.52,0.401,4.31,69.26,9.41,1,7.8920836,17.56
2026-09-21,G0218,25.97252,86.85013,14.15,31.5,72.11,2.11,0.421,10.01,68.61,12.64,1,9.918881,14.15
2026-09-21,G0217,25.97252,86.81011,11.57,30.48,78.14,4.47,0.465,11.87,65.09,13.08,1,9.92208,11.57
2026-09-21,G0223,25.97252,87.05022,12.42,31.24,75.9,1.02,0.369,12.32,68.51,12.82,1,11.00567,12.42
2026-09-21,G0251,26.04459,86.97018,16.41,29.86,83.71,3.79,0.459,12.53,72.79,11.8,1,12.115068,16.41
2026-09-21,G0232,26.00856,86.81011,15.93,30.33,69.35,2.32,0.45,10.39,70.74,11.91,1,10.569587,15.93
2026-09-21,G0234,26.00856,86.89015,4.19,30.91,78.43,3.51,0.381,18.78,67.64,10.22,1,11.845228,4.19
2026-09-21,G0248,26.04459,86.85013,15.93,31.49,70.1,3.67,0.4,15.42,75.52,11.62,1,12.923371,15.93
2026-09-21,G0247,26.04459,86.81011,4.07,32.01,68.03,4.0,0.462,14.24,69.26,11.34,1,9.397303,4.07
2026-09-21,G0246,26.04459,86.7701,17.47,33.11,75.71,3.97,0.419,15.97,72.43,12.62,1,13.985857,17.47
2026-09-21,G0245,26.04459,86.73008,21.59,30.01,72.42,3.78,0.447,24.53,69.66,16.92,1,20.46091,21.59
2026-09-21,G0244,26.04459,86.69006,17.87,30.95,74.55,3.22,0.399,8.77,69.81,9.91,1,9.596436,17.87
2026-09-21,G0243,26.04459,86.65004,13.91,32.49,68.4,3.05,0.441,16.0,74.68,13.83,1,12.445052,13.91
2026-09-21,G0233,26.00856,86.85013,9.9,30.07,71.88,1.63,0.439,19.34,70.66,12.86,1,13.956904,9.9
2026-09-21,G0242,26.04459,86.61003,11.83,31.69,76.41,5.74,0.457,14.56,74.59,11.09,1,10.574869,11.83
2026-09-21,G0240,26.00856,87.13012,8.9,31.68,73.93,2.15,0.502,17.91,72.42,13.05,1,12.330455,8.9
2026-09-21,G0239,26.00856,87.09024,7.31,30.81,73.89,3.54,0.415,15.01,70.9,16.54,1,10.858258,7.31
2026-09-21,G0238,26.00856,87.05022,6.56,30.58,73.27,5.29,0.578,9.03,71.51,5.41,1,7.415501,6.56
2026-09-21,G0237,26.00856,87.0102,17.32,31.12,79.13,3.93,0.542,15.23,68.46,14.13,1,13.600159,17.32
2026-09-21,G0236,26.00856,86.97018,11.81,30.93,73.44,2.18,0.382,11.04,71.41,9.16,1,9.431077,11.81
2026-09-21,G0235,26.00856,86.93017,16.8,31.63,78.81,4.34,0.374,11.59,71.04,10.79,1,11.419243,16.8
2026-09-21,G0241,26.04459,86.57001,10.77,30.71,75.21,3.22,0.375,17.64,71.32,15.3,1,13.481323,10.77
2026-09-21,G0144,25.79234,86.89015,9.87,31.97,77.16,0.94,0.404,14.14,60.56,8.51,1,11.110025,9.87
2026-09-21,G0072,25.61216,87.0102,15.79,31.39,76.88,1.95,0.394,7.27,48.46,6.46,1,7.8463087,15.79
2026-09-21,G0142,25.79234,86.81011,13.98,31.35,68.8,5.15,0.482,9.33,59.02,9.89,1,8.647139,13.98
2026-09-21,G0050,25.57613,86.73008,12.86,31.12,88.31,3.86,0.444,15.18,49.18,15.5,1,12.450422,12.86
2026-09-21,G0049,25.57613,86.69006,14.12,31.44,75.01,2.87,0.475,11.73,50.56,13.83,1,10.8517475,14.12
2026-09-21,G0048,25.57613,86.65004,8.67,31.49,83.54,5.28,0.495,21.49,49.89,12.56,1,15.182293,8.67
2026-09-21,G0047,25.57613,86.61003,18.58,31.5,71.54,3.96,0.405,17.76,47.84,16.9,1,15.646828,18.58
2026-09-21,G0046,25.57613,86.57001,17.84,33.03,66.43,2.69,0.41,12.8,50.23,13.85,1,12.718104,17.84
2026-09-21,G0045,25.54009,87.13012,9.46,30.24,76.44,5.0,0.448,10.23,46.92,8.31,1,8.700401,9.46
2026-09-21,G0051,25.57613,86.7701,13.99,33.72,68.8,4.94,0.458,13.87,51.65,10.74,1,12.405868,13.99
2026-09-21,G0044,25.54009,87.09024,11.59,30.02,73.89,5.39,0.455,20.52,48.12,16.92,1,14.816394,11.59
2026-09-21,G0042,25.54009,87.0102,17.14,31.72,70.22,4.12,0.388,13.7,45.14,9.47,1,12.972486,17.14
2026-09-21,G0041,25.54009,86.97018,12.89,31.23,80.0,2.86,0.396,6.15,49.38,11.37,1,8.304147,12.89
2026-09-21,G0040,25.54009,86.93017,15.74,32.69,73.5,4.35,0.465,6.59,49.82,9.14,1,8.564115,15.74
2026-09-21,G0039,25.54009,86.89015,10.88,31.33,76.41,4.84,0.404,2.6,47.94,6.32,1,4.7494326,10.88
2026-09-21,G0038,25.54009,86.85013,8.63,30.91,74.94,4.52,0.523,8.75,44.44,10.82,1,7.8052897,8.63
2026-09-21,G0037,25.54009,86.81011,16.97,32.98,72.56,4.36,0.466,4.4,48.21,7.56,1,7.5490975,16.97
2026-09-21,G0043,25.54009,87.05022,8.07,30.6,83.6,3.27,0.458,12.15,49.54,6.48,1,9.681473,8.07
2026-09-21,G0036,25.54009,86.7701,17.65,30.77,71.75,2.54,0.351,19.82,48.28,19.64,1,15.732639,17.65
2026-09-21,G0052,25.57613,86.81011,15.44,30.81,70.16,1.63,0.425,10.94,51.42,17.33,1,10.670427,15.44
2026-09-21,G0054,25.57613,86.89015,9.39,31.72,75.44,3.24,0.415,2.33,53.06,6.84,1,4.983865,9.39
2026-09-21,G0068,25.61216,86.85013,12.51,31.08,78.57,2.76,0.515,10.02,50.25,12.89,1,10.159247,12.51
2026-09-21,G0067,25.61216,86.81011,3.43,30.9,77.82,3.79,0.403,12.54,54.47,14.22,1,9.0965605,3.43
2026-09-21,G0066,25.61216,86.7701,16.77,32.56,65.24,4.84,0.42,10.09,54.53,9.26,1,11.358974,16.77
2026-09-21,G0065,25.61216,86.73008,12.91,31.53,67.87,4.27,0.378,9.9,52.66,11.18,1,9.708113,12.91
2026-09-21,G0064,25.61216,86.69006,17.22,32.45,78.28,2.58,0.439,19.17,52.44,14.85,1,15.037125,17.22
2026-09-21,G0063,25.61216,86.65004,16.71,30.98,76.45,3.79,0.381,21.65,51.8,10.9,1,17.155777,16.71
2026-09-21,G0053,25.57613,86.85013,8.99,31.33,78.95,6.39,0.427,15.87,50.12,12.8,1,11.23216,8.99
2026-09-21,G0062,25.61216,86.61003,4.1,32.67,66.68,2.75,0.411,15.67,51.96,4.63,1,10.52533,4.1
2026-09-21,G0060,25.57613,87.13012,0.23,30.77,79.58,4.13,0.392,12.21,49.93,9.08,1,7.5850973,0.23
2026-09-21,G0059,25.57613,87.09024,12.5,32.98,74.82,4.44,0.393,17.65,48.15,12.35,1,14.044451,12.5
2026-09-21,G0058,25.57613,87.05022,13.63,31.07,74.72,4.37,0.476,7.33,50.78,2.55,1,8.083462,13.63
2026-09-21,G0057,25.57613,87.0102,12.63,30.65,71.96,4.43,0.433,11.94,49.08,15.45,1,9.985651,12.63
2026-09-21,G0056,25.57613,86.97018,4.69,30.72,69.17,5.41,0.339,10.38,49.52,5.15,1,7.9281726,4.69
2026-09-21,G0055,25.57613,86.93017,7.37,32.95,67.22,2.34,0.464,12.25,48.89,9.96,1,8.939591,7.37
2026-09-21,G0061,25.61216,86.57001,10.44,31.92,72.33,4.82,0.407,13.72,53.95,12.77,1,10.84292,10.44
2026-09-21,G0069,25.61216,86.89015,10.32,31.0,76.31,3.66,0.479,13.79,53.47,9.4,1,11.202407,10.32
2026-09-21,G0035,25.54009,86.73008,16.07,34.57,76.43,3.59,0.401,11.7,46.33,11.09,1,11.379031,16.07
2026-09-21,G0033,25.54009,86.65004,15.06,30.97,76.8,3.19,0.43,16.7,51.39,16.24,1,14.152553,15.06
2026-09-21,G0014,25.46802,87.09024,10.14,32.69,81.25,3.22,0.423,17.21,48.99,12.07,1,12.971539,10.14
2026-09-21,G0013,25.46802,87.05022,15.9,30.9,76.89,3.06,0.467,21.15,44.4,18.39,1,17.481121,15.9
2026-09-21,G0012,25.46802,87.0102,14.53,31.47,80.83,2.72,0.436,9.49,49.82,5.53,1,10.504581,14.53
2026-09-21,G0011,25.46802,86.97018,8.43,32.24,76.0,3.81,0.407,7.81,46.53,4.08,1,6.841127,8.43
2026-09-21,G0010,25.46802,86.93017,6.16,31.64,63.95,4.47,0.338,13.85,47.78,8.1,1,10.091131,6.16
2026-09-21,G0009,25.46802,86.89015,11.46,32.0,71.17,1.68,0.38,13.89,42.65,8.21,1,11.033663,11.46
2026-09-21,G0015,25.46802,87.13012,10.82,31.75,70.16,3.47,0.484,17.84,45.48,12.72,1,13.229214,10.82
2026-09-21,G0008,25.46802,86.85013,12.03,30.24,75.96,5.17,0.386,17.54,42.58,14.11,1,14.438738,12.03
2026-09-21,G0006,25.46802,86.7701,4.46,31.97,76.08,4.24,0.452,17.94,46.22,15.27,1,12.157432,4.46
2026-09-21,G0005,25.46802,86.73008,10.36,31.78,69.4,2.85,0.436,16.95,43.07,11.94,1,12.649744,10.36
2026-09-21,G0004,25.46802,86.69006,18.61,30.82,64.33,1.56,0.39,15.67,46.48,11.49,1,14.006261,18.61
2026-09-21,G0003,25.46802,86.65004,16.17,30.77,76.26,2.45,0.432,20.19,46.69,15.33,1,16.302662,16.17
2026-09-21,G0002,25.46802,86.61003,14.52,31.48,85.93,1.82,0.438,16.15,45.1,9.72,1,13.812068,14.52
2026-09-21,G0001,25.46802,86.57001,13.17,31.72,67.17,1.46,0.463,14.63,44.34,16.76,1,11.736951,13.17
2026-09-21,G0007,25.46802,86.81011,18.1,31.73,76.28,3.43,0.431,12.42,43.25,7.84,1,12.710272,18.1
2026-09-21,G0034,25.54009,86.69006,11.15,33.43,85.74,3.55,0.35,15.63,48.61,15.13,1,12.578902,11.15
2026-09-21,G0016,25.50405,86.57001,21.46,31.78,63.0,4.84,0.426,11.69,46.56,14.85,1,13.130953,21.46
2026-09-21,G0018,25.50405,86.65004,16.27,31.45,68.18,3.97,0.396,22.82,46.37,13.59,1,17.021412,16.27
2026-09-21,G0032,25.54009,86.61003,16.07,31.35,77.71,6.32,0.469,9.22,54.95,12.77,1,9.772128,16.07
2026-09-21,G0031,25.54009,86.57001,13.18,31.48,75.35,2.13,0.429,7.29,48.03,8.88,1,8.61629,13.18
2026-09-21,G0030,25.50405,87.13012,12.56,32.48,77.87,3.47,0.422,13.89,46.35,14.2,1,11.880257,12.56
2026-09-21,G0029,25.50405,87.09024,17.7,30.74,71.23,3.08,0.389,13.07,49.84,18.12,1,12.684291,17.7
2026-09-21,G0028,25.50405,87.05022,11.05,31.84,80.56,3.71,0.402,19.14,48.1,12.39,1,14.326555,11.05
2026-09-21,G0027,25.50405,87.0102,7.46,31.67,71.9,2.8,0.498,12.55,43.34,10.84,1,9.595283,7.46
2026-09-21,G0017,25.50405,86.61003,15.28,33.05,76.25,3.27,0.346,26.02,45.14,15.53,1,17.033562,15.28
2026-09-21,G0026,25.50405,86.97018,11.75,29.79,69.39,2.37,0.317,9.49,44.72,14.67,1,8.580682,11.75
2026-09-21,G0024,25.50405,86.89015,12.04,32.31,77.35,4.65,0.434,12.51,46.34,12.38,1,11.30486,12.04
2026-09-21,G0023,25.50405,86.85013,17.89,32.53,72.87,7.0,0.392,17.61,52.35,14.38,1,14.455864,17.89
2026-09-21,G0022,25.50405,86.81011,15.31,32.03,75.97,3.44,0.356,18.37,42.4,18.26,1,14.755512,15.31
2026-09-21,G0021,25.50405,86.7701,2.68,30.52,75.48,4.66,0.521,20.08,49.77,9.66,1,13.463307,2.68
2026-09-21,G0020,25.50405,86.73008,10.47,31.74,74.64,4.01,0.415,17.12,47.54,15.04,1,12.478079,10.47
2026-09-21,G0019,25.50405,86.69006,19.03,32.82,73.55,3.83,0.381,10.33,47.48,7.07,1,12.374597,19.03
2026-09-21,G0025,25.50405,86.93017,8.76,31.0,69.79,5.86,0.507,12.82,47.74,7.17,1,10.310355,8.76
2026-09-21,G0070,25.61216,86.93017,12.4,32.27,80.06,2.35,0.374,9.27,52.22,12.96,1,9.19828,12.4
2026-09-21,G0143,25.79234,86.85013,4.43,30.8,74.92,3.37,0.395,10.57,55.81,11.94,1,8.377962,4.43
2026-09-21,G0073,25.61216,87.05022,18.01,30.57,69.6,3.08,0.383,10.01,51.25,11.02,1,10.85287,18.01
2026-09-21,G0123,25.75631,86.65004,15.56,31.59,70.13,3.28,0.412,13.45,59.45,14.63,1,11.943617,15.56
2026-09-21,G0122,25.75631,86.61003,15.47,33.9,71.93,3.19,0.429,9.64,58.47,8.2,1,9.4746065,15.47
2026-09-21,G0121,25.75631,86.57001,16.33,31.28,73.32,4.66,0.362,9.71,55.78,9.99,1,9.969188,16.33
2026-09-21,G0120,25.72027,87.13012,5.15,31.96,76.32,3.55,0.425,12.89,58.34,8.99,1,9.439971,5.15
2026-09-21,G0119,25.72027,87.09024,11.35,28.98,76.1,4.05,0.357,16.0,55.64,8.87,1,13.113627,11.35
2026-09-21,G0118,25.72027,87.05022,7.19,31.39,63.87,3.54,0.378,17.97,59.58,12.17,1,12.411264,7.19
2026-09-21,G0071,25.61216,86.97018,5.66,29.61,75.4,2.28,0.383,2.19,53.23,3.76,1,4.2859216,5.66
2026-09-21,G0117,25.72027,87.0102,16.12,31.21,73.16,1.78,0.347,10.01,55.88,7.24,1,9.814755,16.12
2026-09-21,G0115,25.72027,86.93017,12.89,28.46,86.92,3.64,0.401,8.95,56.83,7.51,1,9.612137,12.89
2026-09-21,G0114,25.72027,86.89015,16.11,32.47,71.02,3.03,0.46,6.41,55.74,8.03,1,8.103917,16.11
2026-09-21,G0113,25.72027,86.85013,8.46,32.69,76.14,2.87,0.425,7.91,60.37,7.56,1,7.3224144,8.46
2026-09-21,G0112,25.72027,86.81011,15.94,30.65,68.07,5.15,0.477,6.78,55.59,16.16,1,8.415211,15.94
2026-09-21,G0111,25.72027,86.7701,13.72,31.63,73.67,4.75,0.436,10.56,57.66,7.0,1,10.351526,13.72
2026-09-21,G0110,25.72027,86.73008,12.13,30.86,73.07,3.3,0.449,18.54,54.97,13.69,1,14.311392,12.13
2026-09-21,G0116,25.72027,86.97018,11.3,29.29,66.91,1.88,0.506,8.63,57.96,13.6,1,8.290092,11.3
2026-09-21,G0109,25.72027,86.69006,9.33,31.72,71.87,5.81,0.469,18.5,56.05,12.42,1,12.590801,9.33
2026-09-21,G0125,25.75631,86.73008,8.26,32.39,76.32,3.71,0.351,12.66,61.14,7.09,1,10.445778,8.26
2026-09-21,G0127,25.75631,86.81011,6.95,31.67,70.4,3.72,0.439,7.27,60.2,5.77,1,6.5514445,6.95
2026-09-21,G0141,25.79234,86.7701,14.75,31.54,74.9,3.63,0.412,3.13,60.9,3.2,1,6.9435472,14.75
2026-09-21,G0140,25.79234,86.73008,6.81,29.69,85.01,4.51,0.415,16.55,62.65,8.94,1,12.5073,6.81
2026-09-21,G0139,25.79234,86.69006,12.79,30.28,67.7,3.79,0.407,12.38,62.55,12.01,1,10.760613,12.79
2026-09-21,G0138,25.79234,86.65004,14.9,32.57,66.21,2.6,0.423,12.07,61.54,12.7,1,11.060961,14.9
2026-09-21,G0137,25.79234,86.61003,13.97,31.45,69.58,3.28,0.461,16.49,63.68,14.23,1,12.947797,13.97
2026-09-21,G0136,25.79234,86.57001,13.47,30.85,77.14,1.98,0.427,14.02,59.84,10.17,1,12.339215,13.47
2026-09-21,G0126,25.75631,86.7701,14.16,31.25,73.03,4.45,0.419,10.6,55.32,10.5,1,9.988735,14.16
2026-09-21,G0135,25.75631,87.13012,7.93,30.22,63.22,2.81,0.434,14.07,59.38,9.06,1,9.925689,7.93
2026-09-21,G0133,25.75631,87.05022,15.84,30.6,74.51,3.74,0.43,8.78,55.3,10.87,1,9.277683,15.84
2026-09-21,G0132,25.75631,87.0102,11.14,31.42,78.25,2.13,0.446,10.0,60.4,9.87,1,9.710916,11.14
2026-09-21,G0131,25.75631,86.97018,22.64,30.04,62.62,4.82,0.396,6.43,59.08,11.11,1,10.021273,22.64
2026-09-21,G0130,25.75631,86.93017,11.65,30.02,81.68,4.8,0.48,1.8,55.24,3.36,1,5.6710653,11.65
2026-09-21,G0129,25.75631,86.89015,6.18,29.83,65.05,3.75,0.485,8.67,59.14,10.53,1,6.941413,6.18
2026-09-21,G0128,25.75631,86.85013,19.53,31.44,82.26,4.11,0.45,13.72,57.89,11.54,1,12.9186535,19.53
2026-09-21,G0134,25.75631,87.09024,12.94,31.82,61.29,1.56,0.387,8.35,58.75,11.64,1,8.53645,12.94
2026-09-21,G0108,25.72027,86.65004,13.95,29.76,80.25,4.31,0.434,12.9,58.99,8.51,1,12.051638,13.95
2026-09-21,G0124,25.75631,86.69006,14.09,30.6,68.27,2.45,0.382,13.2,60.62,9.17,1,11.234407,14.09
2026-09-21,G0106,25.72027,86.57001,12.94,32.28,78.07,3.9,0.388,7.82,56.58,7.68,1,8.708593,12.94
2026-09-21,G0087,25.6482,87.0102,11.43,28.5,74.17,2.43,0.39,10.74,53.96,12.76,1,9.31289,11.43
2026-09-21,G0086,25.6482,86.97018,14.48,34.39,71.64,4.06,0.378,0.0,55.19,8.88,1,5.074813,14.48
2026-09-21,G0085,25.6482,86.93017,15.85,32.95,81.3,3.32,0.484,13.43,52.66,16.59,1,12.038044,15.85
2026-09-21,G0084,25.6482,86.89015,15.55,28.55,79.96,4.99,0.464,10.98,56.14,13.48,1,11.061208,15.55
2026-09-21,G0083,25.6482,86.85013,6.56,32.78,74.38,2.3,0.346,12.9,54.36,12.12,1,9.24099,6.56
2026-09-21,G0081,25.6482,86.7701,14.78,30.46,63.55,4.92,0.382,10.21,50.67,10.94,1,10.908408,14.78
2026-09-21,G0088,25.6482,87.05022,15.6,30.97,67.95,4.21,0.403,10.93,49.63,13.28,1,10.42137,15.6
2026-09-21,G0080,25.6482,86.73008,13.76,30.47,73.94,2.75,0.39,11.31,54.05,10.69,1,10.155497,13.76
2026-09-21,G0078,25.6482,86.65004,12.07,29.29,75.81,5.32,0.407,12.69,56.36,9.59,1,11.655027,12.07
2026-09-21,G0077,25.6482,86.61003,16.47,33.23,82.29,3.72,0.442,12.45,53.73,12.42,1,11.496684,16.47
2026-09-21,G0076,25.6482,86.57001,19.93,31.98,66.41,3.03,0.409,16.8,55.66,17.75,1,15.093007,19.93
2026-09-21,G0075,25.61216,87.13012,18.82,30.3,78.56,2.66,0.497,14.95,51.44,11.33,1,12.288773,18.82
2026-09-21,G0074,25.61216,87.09024,10.64,32.24,69.18,5.71,0.5,3.75,51.04,8.96,1,6.567454,10.64
2026-09-21,G0107,25.72027,86.61003,20.24,31.19,72.78,4.4,0.379,16.35,53.74,8.82,1,15.333344,20.24
2026-09-21,G0079,25.6482,86.69006,12.24,31.61,80.62,4.12,0.464,14.59,55.78,11.13,1,12.564472,12.24
2026-09-21,G0089,25.6482,87.09024,13.83,29.32,69.06,5.45,0.388,8.75,51.55,11.76,1,9.311592,13.83
2026-09-21,G0082,25.6482,86.81011,13.69,32.22,75.63,3.74,0.438,11.11,56.74,13.36,1,10.25914,13.69
2026-09-21,G0091,25.68423,86.57001,15.67,31.14,77.62,3.28,0.425,14.11,54.9,11.96,1,12.302508,15.67
2026-09-21,G0090,25.6482,87.13012,14.16,33.05,74.82,1.92,0.381,13.58,51.46,11.07,1,11.921226,14.16
2026-09-21,G0104,25.68423,87.09024,14.21,30.29,80.23,3.8,0.453,11.71,55.86,5.77,1,10.869183,14.21
2026-09-21,G0103,25.68423,87.05022,14.54,30.53,77.92,4.64,0.427,9.95,55.19,11.9,1,9.954984,14.54
2026-09-21,G0102,25.68423,87.0102,8.85,31.16,67.41,3.61,0.435,10.25,57.51,7.82,1,8.876658,8.85
2026-09-21,G0101,25.68423,86.97018,17.6,29.67,72.77,3.88,0.43,9.66,57.22,7.08,1,10.6503525,17.6
2026-09-21,G0100,25.68423,86.93017,18.48,31.8,75.37,3.24,0.37,9.3,57.55,13.08,1,10.115865,18.48
2026-09-21,G0099,25.68423,86.89015,21.25,31.37,76.77,4.64,0.448,8.97,59.67,7.35,1,10.921148,21.25
2026-09-21,G0105,25.68423,87.13012,6.16,34.07,69.58,5.16,0.438,12.26,55.85,9.52,1,9.663152,6.16
2026-09-21,G0097,25.68423,86.81011,10.83,32.39,84.89,1.28,0.443,15.44,58.2,16.48,1,11.759222,10.83
2026-09-21,G0096,25.68423,86.7701,12.99,32.16,66.23,2.88,0.411,14.82,53.65,8.44,1,12.141633,12.99
2026-09-21,G0095,25.68423,86.73008,12.06,32.96,74.12,3.47,0.428,16.0,55.62,12.71,1,13.347118,12.06
2026-09-21,G0094,25.68423,86.69006,13.07,29.63,75.44,4.73,0.375,14.97,55.85,13.6,1,12.51859,13.07
2026-09-21,G0093,25.68423,86.65004,13.39,31.56,69.42,3.76,0.504,14.98,54.52,13.68,1,10.996981,13.39
2026-09-21,G0092,25.68423,86.61003,16.37,31.06,72.89,0.88,0.398,14.9,57.17,14.95,1,12.9496355,16.37
2026-09-21,G0098,25.68423,86.85013,16.56,30.84,76.45,4.58,0.435,11.29,53.35,14.1,1,11.106519,16.56
2026-09-22,G0194,25.90045,87.09024,10.26,32.02,63.78,2.8,0.44,11.81,65.91,10.07,1,9.82298,10.26
2026-09-22,G0193,25.90045,87.05022,4.07,31.33,77.1,4.69,0.423,11.14,64.43,8.97,1,8.571155,4.07
2026-09-22,G0192,25.90045,87.0102,4.54,31.59,68.06,4.26,0.417,11.84,66.87,13.13,1,8.032115,4.54
2026-09-22,G0191,25.90045,86.97018,11.52,30.26,80.3,2.84,0.468,3.26,66.54,7.08,1,6.231596,11.52
2026-09-22,G0190,25.90045,86.93017,12.85,31.32,73.09,3.6,0.501,11.8,67.24,9.9,1,10.1124,12.85
2026-09-22,G0189,25.90045,86.89015,17.18,29.95,68.62,4.09,0.433,14.09,64.49,17.0,1,12.238049,17.18
2026-09-22,G0185,25.90045,86.73008,20.26,30.69,78.01,3.55,0.454,16.23,67.84,15.54,1,15.698707,20.26
2026-09-22,G0187,25.90045,86.81011,10.53,29.21,80.61,3.38,0.461,9.53,69.05,6.63,1,9.327748,10.53
2026-09-22,G0186,25.90045,86.7701,13.7,30.04,75.5,2.98,0.369,10.17,67.06,9.8,1,9.837471,13.7
2026-09-22,G0184,25.90045,86.69006,14.68,30.08,74.06,2.13,0.47,15.13,66.14,8.66,1,12.869779,14.68
2026-09-22,G0183,25.90045,86.65004,12.85,30.08,77.61,3.99,0.481,18.06,67.2,9.03,1,13.617457,12.85
2026-09-22,G0182,25.90045,86.61003,13.63,31.84,70.56,3.81,0.447,11.25,64.96,13.71,1,10.167705,13.63
2026-09-22,G0195,25.90045,87.13012,12.57,31.24,65.71,3.48,0.408,12.36,64.98,17.07,1,10.561192,12.57
2026-09-22,G0188,25.90045,86.85013,14.33,29.56,79.78,3.08,0.398,15.61,64.86,15.6,1,12.823809,14.33
2026-09-22,G0196,25.93649,86.57001,12.37,32.27,70.61,2.01,0.443,15.48,69.46,5.55,1,12.362887,12.37
2026-09-22,G0213,25.97252,86.65004,20.1,29.94,66.61,4.07,0.473,13.36,67.76,12.49,1,13.317241,20.1
2026-09-22,G0198,25.93649,86.65004,18.18,29.35,78.09,3.27,0.41,17.38,67.45,14.22,1,15.001194,18.18
2026-09-22,G0212,25.97252,86.61003,7.6,33.35,75.58,2.51,0.443,12.68,70.04,5.28,1,10.356662,7.6
2026-09-22,G0211,25.97252,86.57001,13.3,30.37,80.55,3.57,0.46,25.37,72.11,18.3,1,18.797031,13.3
2026-09-22,G0210,25.93649,87.13012,6.16,29.12,70.11,2.32,0.473,21.88,71.63,14.32,1,14.52204,6.16
2026-09-22,G0209,25.93649,87.09024,12.68,29.75,75.78,4.19,0.467,4.6,66.51,7.23,1,7.4103446,12.68
2026-09-22,G0208,25.93649,87.05022,11.03,31.41,71.26,1.92,0.419,3.2,68.61,3.49,1,6.040054,11.03
2026-09-22,G0207,25.93649,87.0102,16.4,31.35,74.63,2.74,0.389,11.68,68.0,11.82,1,11.171109,16.4
2026-09-22,G0197,25.93649,86.61003,11.26,30.66,73.01,2.25,0.385,12.64,65.82,11.54,1,10.951044,11.26
2026-09-22,G0206,25.93649,86.97018,11.28,30.65,72.67,2.86,0.426,9.36,66.55,12.57,1,8.954749,11.28
2026-09-22,G0204,25.93649,86.89015,6.51,33.8,78.02,1.17,0.434,6.44,67.53,3.53,1,7.074988,6.51
2026-09-22,G0203,25.93649,86.85013,15.17,28.81,66.38,4.13,0.373,16.88,69.45,15.21,1,13.404865,15.17
2026-09-22,G0202,25.93649,86.81011,4.65,31.81,80.21,3.1,0.432,10.75,66.85,11.96,1,8.643403,4.65
2026-09-22,G0201,25.93649,86.7701,11.92,33.56,74.78,3.79,0.446,14.03,69.69,10.7,1,11.80841,11.92
2026-09-22,G0200,25.93649,86.73008,11.27,31.05,75.05,3.3,0.45,12.92,68.12,6.65,1,11.196498,11.27
2026-09-22,G0199,25.93649,86.69006,12.25,30.21,75.25,4.44,0.383,14.23,68.03,14.54,1,12.406819,12.25
2026-09-22,G0205,25.93649,86.93017,17.7,33.21,61.67,2.76,0.357,5.21,64.43,9.09,1,8.908506,17.7
2026-09-22,G0181,25.90045,86.57001,15.57,31.8,80.26,3.87,0.444,14.23,66.8,17.61,1,12.756744,15.57
2026-09-22,G0146,25.79234,86.97018,13.44,32.11,70.18,4.45,0.504,6.45,57.59,0.0,0,8.004616,13.44
2026-09-22,G0179,25.86441,87.09024,10.05,30.11,75.68,4.31,0.454,11.11,62.04,10.01,1,9.039735,10.05
2026-09-22,G0159,25.82838,86.89015,14.3,31.01,74.44,3.22,0.508,10.08,63.23,13.31,1,9.301759,14.3
2026-09-22,G0158,25.82838,86.85013,11.19,31.03,83.31,2.38,0.479,15.57,62.18,14.96,1,12.329369,11.19
2026-09-22,G0157,25.82838,86.81011,16.27,32.22,73.67,2.41,0.449,13.78,64.57,12.39,1,12.261553,16.27
2026-09-22,G0156,25.82838,86.7701,13.96,29.58,74.46,3.16,0.381,15.74,62.16,14.61,1,13.058367,13.96
2026-09-22,G0155,25.82838,86.73008,14.42,31.31,72.56,2.16,0.478,15.85,62.45,9.32,1,13.400702,14.42
2026-09-22,G0154,25.82838,86.69006,24.48,30.37,71.75,4.6,0.447,11.97,63.24,13.94,1,13.127548,24.48
2026-09-22,G0160,25.82838,86.93017,13.18,30.0,79.03,2.75,0.428,6.4,58.27,12.26,1,8.284235,13.18
2026-09-22,G0153,25.82838,86.65004,22.25,31.14,70.26,4.01,0.4,8.74,64.44,12.89,1,11.454431,22.25
2026-09-22,G0151,25.82838,86.57001,14.02,31.08,64.53,2.42,0.454,16.14,62.77,13.63,1,12.651951,14.02
2026-09-22,G0150,25.79234,87.13012,14.6,32.17,81.42,1.99,0.438,7.23,58.62,10.48,1,9.125686,14.6
2026-09-22,G0149,25.79234,87.09024,15.08,31.26,71.89,5.38,0.563,11.88,62.19,12.09,1,11.309111,15.08
2026-09-22,G0148,25.79234,87.05022,17.75,31.85,78.85,4.06,0.45,10.85,58.85,15.09,1,11.580798,17.75
2026-09-22,G0147,25.79234,87.0102,11.73,31.86,78.3,1.28,0.433,0.0,58.65,9.26,1,4.145915,11.73
2026-09-22,G0214,25.97252,86.69006,6.74,32.39,80.84,3.7,0.465,12.39,72.06,9.14,1,9.635246,6.74
2026-09-22,G0152,25.82838,86.61003,12.17,30.36,72.87,3.96,0.426,8.69,60.69,8.82,1,8.686268,12.17
2026-09-22,G0161,25.82838,86.97018,8.89,32.64,65.88,3.79,0.38,2.83,60.62,7.67,1,4.104256,8.89
2026-09-22,G0162,25.82838,87.0102,5.85,31.49,68.55,4.06,0.378,3.28,65.69,4.79,1,4.524294,5.85
2026-09-22,G0163,25.82838,87.05022,11.13,31.11,73.17,0.81,0.45,12.1,65.63,13.48,1,9.969216,11.13
2026-09-22,G0178,25.86441,87.05022,10.0,31.96,72.46,4.15,0.396,5.91,64.4,13.09,1,6.5044503,10.0
2026-09-22,G0177,25.86441,87.0102,18.89,31.31,74.1,2.69,0.517,7.26,64.68,7.04,1,10.27349,18.89
2026-09-22,G0176,25.86441,86.97018,9.19,31.75,70.01,3.63,0.467,4.91,62.44,6.75,1,5.6848335,9.19
2026-09-22,G0175,25.86441,86.93017,7.09,32.18,72.57,3.39,0.496,15.01,64.83,16.38,1,10.607674,7.09
2026-09-22,G0174,25.86441,86.89015,22.81,30.16,79.19,4.4,0.431,4.06,63.42,10.48,1,7.998872,22.81
2026-09-22,G0173,25.86441,86.85013,10.13,32.08,76.32,5.64,0.386,11.56,62.63,15.71,1,9.924512,10.13
2026-09-22,G0172,25.86441,86.81011,5.49,31.15,69.93,4.81,0.411,16.65,67.45,5.04,1,12.034712,5.49
2026-09-22,G0171,25.86441,86.7701,9.71,33.15,68.47,3.2,0.428,9.06,62.55,11.37,1,8.063252,9.71
2026-09-22,G0170,25.86441,86.73008,17.12,29.83,72.81,3.21,0.422,11.45,61.18,12.44,1,11.237698,17.12
2026-09-22,G0169,25.86441,86.69006,14.92,28.14,73.0,2.31,0.4,15.21,65.15,12.05,1,13.356988,14.92
2026-09-22,G0168,25.86441,86.65004,17.21,30.19,83.78,5.43,0.44,12.9,65.47,9.79,1,13.121396,17.21
2026-09-22,G0167,25.86441,86.61003,16.47,31.46,80.76,3.69,0.407,12.88,63.09,17.16,1,12.248494,16.47
2026-09-22,G0166,25.86441,86.57001,9.41,30.0,76.04,4.37,0.461,10.59,66.51,11.4,1,9.233544,9.41
2026-09-22,G0165,25.82838,87.13012,10.51,32.05,76.19,3.98,0.402,13.58,64.32,12.09,1,11.159878,10.51
2026-09-22,G0164,25.82838,87.09024,18.16,32.17,81.05,2.19,0.351,14.11,62.96,6.78,1,13.423332,18.16
2026-09-22,G0180,25.86441,87.13012,5.74,30.61,83.74,3.5,0.469,11.79,65.78,7.79,1,9.329491,5.74
2026-09-22,G0215,25.97252,86.73008,16.4,32.14,73.69,5.01,0.448,11.64,74.04,13.06,1,11.288903,16.4
2026-09-22,G0250,26.04459,86.93017,11.82,31.68,80.94,4.16,0.398,12.53,69.58,19.26,1,11.12325,11.82
2026-09-22,G0217,25.97252,86.81011,24.6,31.34,74.45,6.67,0.475,14.04,72.07,19.18,1,14.859696,24.6
2026-09-22,G0268,26.08063,87.05022,14.19,31.74,66.43,4.76,0.406,17.47,77.35,13.36,1,13.949086,14.19
2026-09-22,G0267,26.08063,87.0102,13.83,30.75,66.69,3.51,0.439,17.82,71.7,13.05,1,13.869415,13.83
2026-09-22,G0266,26.08063,86.97018,17.76,30.04,73.17,3.57,0.409,15.91,72.05,9.89,1,13.715301,17.76
2026-09-22,G0265,26.08063,86.93017,12.41,31.15,79.94,4.96,0.442,15.5,76.69,10.03,1,12.621096,12.41
2026-09-22,G0264,26.08063,86.89015,14.57,32.01,78.28,4.0,0.411,8.48,72.64,10.57,1,9.076377,14.57
2026-09-22,G0263,26.08063,86.85013,13.06,28.74,74.16,4.48,0.42,15.82,74.57,12.9,1,12.442531,13.06
2026-09-22,G0269,26.08063,87.09024,6.86,29.23,71.38,4.22,0.419,12.47,73.25,12.53,1,9.486656,6.86
2026-09-22,G0262,26.08063,86.81011,15.48,31.72,72.4,3.97,0.383,18.17,70.33,13.97,1,14.584653,15.48
2026-09-22,G0260,26.08063,86.73008,11.39,29.92,76.82,3.66,0.509,21.75,71.4,17.02,1,16.333439,11.39
2026-09-22,G0259,26.08063,86.69006,15.7,31.14,76.51,3.58,0.408,20.68,77.03,15.69,1,17.442175,15.7
2026-09-22,G0258,26.08063,86.65004,15.78,31.72,62.66,4.37,0.5,19.61,75.73,11.72,1,14.975749,15.78
2026-09-22,G0257,26.08063,86.61003,8.59,30.86,84.74,3.48,0.338,17.75,76.81,11.29,1,13.573673,8.59
2026-09-22,G0256,26.08063,86.57001,14.09,31.09,84.95,3.27,0.457,20.06,71.45,20.49,1,16.215036,14.09
2026-09-22,G0255,26.04459,87.13012,11.08,31.08,79.67,2.83,0.459,14.15,73.08,9.51,1,11.079091,11.08
2026-09-22,G0261,26.08063,86.7701,12.4,30.6,72.55,4.05,0.381,10.91,72.37,12.12,1,9.611681,12.4
2026-09-22,G0254,26.04459,87.09024,16.87,30.82,78.58,3.49,0.365,14.47,71.2,17.14,1,13.326525,16.87
2026-09-22,G0270,26.08063,87.13012,10.12,30.64,76.26,4.48,0.466,16.29,69.95,16.18,1,12.575438,10.12
2026-09-22,G0272,26.09932,86.61003,4.48,30.77,80.59,3.28,0.431,19.08,71.18,11.41,1,12.14967,4.48
2026-09-22,G0145,25.79234,86.93017,16.78,33.13,68.86,3.13,0.452,12.63,61.97,13.41,1,12.231371,16.78
2026-09-22,G0285,26.09932,87.13012,11.55,29.63,74.65,4.62,0.479,9.23,75.12,6.11,1,8.828021,11.55
2026-09-22,G0284,26.09932,87.09024,7.8,29.76,75.08,1.26,0.383,13.33,74.25,14.93,1,10.119626,7.8
2026-09-22,G0283,26.09932,87.05022,10.67,30.51,76.93,2.74,0.417,13.42,78.97,9.17,1,11.516676,10.67
2026-09-22,G0282,26.09932,87.0102,5.23,32.54,68.62,3.22,0.454,10.21,77.09,13.07,1,6.483406,5.23
2026-09-22,G0281,26.09932,86.97018,15.93,31.03,76.14,2.35,0.43,16.96,73.77,19.26,1,13.860988,15.93
2026-09-22,G0271,26.09932,86.57001,16.39,28.93,74.27,2.59,0.476,16.09,75.77,15.6,1,13.460969,16.39
2026-09-22,G0280,26.09932,86.93017,16.18,33.15,67.47,2.2,0.442,11.84,74.46,15.6,1,11.758181,16.18
2026-09-22,G0278,26.09932,86.85013,16.07,30.59,72.58,1.53,0.386,15.3,78.12,8.85,1,13.953846,16.07
2026-09-22,G0277,26.09932,86.81011,15.93,31.72,78.4,3.94,0.534,8.99,72.17,11.67,1,10.12917,15.93
2026-09-22,G0276,26.09932,86.7701,11.79,31.3,74.49,2.64,0.412,12.48,77.35,13.62,1,11.240433,11.79
2026-09-22,G0275,26.09932,86.73008,13.87,29.91,81.13,3.93,0.413,19.86,73.71,22.34,1,14.860824,13.87
2026-09-22,G0274,26.09932,86.69006,18.79,30.91,75.49,4.58,0.385,18.17,74.9,12.5,1,15.103062,18.79
2026-09-22,G0273,26.09932,86.65004,12.19,30.03,78.98,5.45,0.482,18.16,76.37,9.18,1,13.19082,12.19
2026-09-22,G0279,26.09932,86.89015,18.26,30.87,79.75,3.19,0.396,8.63,73.17,7.6,1,10.387886,18.26
2026-09-22,G0216,25.97252,86.7701,13.97,32.3,72.89,1.55,0.422,15.15,68.78,15.0,1,12.608145,13.97
2026-09-22,G0253,26.04459,87.05022,13.12,30.81,72.02,3.46,0.452,14.82,73.61,12.97,1,11.5430565,13.12
2026-09-22,G0251,26.04459,86.97018,20.63,29.59,77.44,1.4,0.394,14.84,69.72,14.87,1,13.96119,20.63
2026-09-22,G0231,26.00856,86.7701,11.68,30.32,72.18,3.59,0.36,14.82,68.97,11.53,1,11.953068,11.68
2026-09-22,G0230,26.00856,86.73008,12.7,29.39,73.4,2.87,0.409,21.81,70.42,12.45,1,15.517571,12.7
2026-09-22,G0229,26.00856,86.69006,9.63,29.67,73.5,3.37,0.42,15.92,69.54,14.82,1,12.113187,9.63
2026-09-22,G0228,26.00856,86.65004,20.25,29.3,74.39,3.85,0.432,26.99,68.37,21.16,1,20.513233,20.25
2026-09-22,G0227,26.00856,86.61003,21.66,31.17,78.68,3.66,0.396,16.07,71.7,13.52,1,15.675699,21.66
2026-09-22,G0226,26.00856,86.57001,12.74,32.48,72.34,5.72,0.412,18.16,68.94,12.82,1,14.300996,12.74
2026-09-22,G0232,26.00856,86.81011,17.23,30.22,80.18,1.79,0.41,13.04,69.47,11.93,1,12.484754,17.23
2026-09-22,G0225,25.97252,87.13012,14.62,31.71,67.13,5.22,0.473,17.81,70.12,14.93,1,14.146883,14.62
2026-09-22,G0223,25.97252,87.05022,12.63,31.77,81.45,1.39,0.356,17.37,69.58,11.97,1,13.488775,12.63
2026-09-22,G0222,25.97252,87.0102,16.34,31.51,81.41,3.79,0.434,15.44,67.32,17.41,1,13.549933,16.34
2026-09-22,G0221,25.97252,86.97018,13.27,30.41,69.45,2.47,0.376,10.39,69.02,4.15,1,10.020993,13.27
2026-09-22,G0220,25.97252,86.93017,15.19,32.6,74.02,2.69,0.413,10.18,74.21,11.33,1,9.558071,15.19
2026-09-22,G0219,25.97252,86.89015,12.49,31.5,74.37,4.76,0.453,15.24,70.9,9.47,1,12.380465,12.49
2026-09-22,G0218,25.97252,86.85013,17.66,32.5,74.25,4.37,0.353,14.83,67.54,18.04,1,13.424738,17.66
2026-09-22,G0224,25.97252,87.09024,15.39,31.71,81.26,2.57,0.407,21.6,68.96,18.8,1,17.524448,15.39
2026-09-22,G0252,26.04459,87.0102,12.23,31.69,72.03,3.31,0.504,10.91,72.85,8.62,1,9.319675,12.23
2026-09-22,G0233,26.00856,86.85013,7.62,31.31,77.04,3.74,0.392,11.95,71.4,8.86,1,9.318608,7.62
2026-09-22,G0235,26.00856,86.93017,14.6,30.28,71.75,2.21,0.381,12.94,72.61,12.24,1,12.028286,14.6
2026-09-22,G0249,26.04459,86.89015,6.99,31.67,70.53,2.12,0.404,12.61,75.86,8.56,1,9.84934,6.99
2026-09-22,G0248,26.04459,86.85013,11.82,30.75,79.57,2.68,0.376,17.11,71.23,13.82,1,13.154726,11.82
2026-09-22,G0247,26.04459,86.81011,13.99,31.12,70.44,4.98,0.417,12.37,71.45,8.45,1,10.766991,13.99
2026-09-22,G0246,26.04459,86.7701,14.3,30.35,73.36,5.87,0.483,25.3,72.37,20.83,1,17.9114,14.3
2026-09-22,G0245,26.04459,86.73008,11.99,29.55,79.28,4.34,0.469,15.32,72.63,13.81,1,12.120498,11.99
2026-09-22,G0244,26.04459,86.69006,6.52,30.38,79.35,3.57,0.447,10.2,73.36,6.35,1,8.323106,6.52
2026-09-22,G0234,26.00856,86.89015,15.55,29.67,71.58,2.18,0.458,2.33,69.36,6.14,1,6.333033,15.55
2026-09-22,G0243,26.04459,86.65004,14.41,29.13,73.95,2.69,0.449,16.4,70.49,13.89,1,13.823633,14.41
2026-09-22,G0241,26.04459,86.57001,7.45,31.13,76.52,4.34,0.484,9.27,70.71,10.6,1,8.143933,7.45
2026-09-22,G0240,26.00856,87.13012,8.02,29.29,84.48,3.37,0.503,17.63,71.2,9.8,1,12.549105,8.02
2026-09-22,G0239,26.00856,87.09024,1.75,29.95,76.87,1.12,0.393,14.22,71.92,13.18,1,10.47667,1.75
2026-09-22,G0238,26.00856,87.05022,14.53,31.35,83.48,5.06,0.37,22.93,69.57,14.38,1,17.091936,14.53
2026-09-22,G0237,26.00856,87.0102,18.67,33.4,80.13,2.92,0.439,17.77,71.88,15.96,1,15.184831,18.67
2026-09-22,G0236,26.00856,86.97018,14.52,31.25,69.98,2.71,0.353,12.22,71.92,10.63,1,11.595573,14.52
2026-09-22,G0242,26.04459,86.61003,15.6,31.08,80.76,3.61,0.408,18.94,73.55,13.4,1,14.862183,15.6
2026-09-22,G0144,25.79234,86.89015,11.02,31.17,74.34,2.81,0.449,12.74,59.8,9.58,1,10.93195,11.02
2026-09-22,G0143,25.79234,86.85013,6.38,29.26,72.14,2.65,0.396,9.88,59.62,11.11,1,7.6766763,6.38
2026-09-22,G0142,25.79234,86.81011,7.76,31.07,72.03,3.11,0.473,11.36,62.26,9.15,1,8.779936,7.76
2026-09-22,G0051,25.57613,86.7701,18.57,31.69,74.22,3.25,0.463,18.62,48.5,15.3,1,16.116203,18.57
2026-09-22,G0050,25.57613,86.73008,18.54,29.62,69.53,3.21,0.383,21.62,51.73,18.22,1,17.465496,18.54
2026-09-22,G0049,25.57613,86.69006,9.07,30.93,77.4,2.39,0.479,5.51,51.66,7.56,1,6.519289,9.07
2026-09-22,G0048,25.57613,86.65004,10.94,32.83,70.14,5.04,0.451,11.3,51.9,13.92,1,9.890792,10.94
2026-09-22,G0047,25.57613,86.61003,10.16,29.27,74.45,3.29,0.408,20.97,49.72,11.92,1,15.604697,10.16
2026-09-22,G0046,25.57613,86.57001,10.67,30.72,72.96,5.32,0.438,10.2,52.63,11.97,1,9.0899935,10.67
2026-09-22,G0052,25.57613,86.81011,14.24,32.1,83.35,3.83,0.411,17.04,50.48,13.98,1,13.508776,14.24
2026-09-22,G0045,25.54009,87.13012,11.78,32.08,74.32,4.79,0.412,15.83,48.05,12.09,1,12.530343,11.78
2026-09-22,G0043,25.54009,87.05022,11.39,30.79,77.41,2.0,0.429,15.01,45.18,5.97,1,11.715141,11.39
2026-09-22,G0042,25.54009,87.0102,12.97,31.87,75.25,4.56,0.44,5.55,52.56,4.68,1,7.1208944,12.97
2026-09-22,G0041,25.54009,86.97018,13.19,32.04,72.93,2.44,0.407,17.5,48.98,12.99,1,14.080427,13.19
2026-09-22,G0040,25.54009,86.93017,14.43,31.3,70.0,4.27,0.437,12.39,52.77,12.22,1,11.297251,14.43
2026-09-22,G0039,25.54009,86.89015,20.31,32.78,76.65,3.27,0.526,4.61,51.0,9.77,1,8.739438,20.31
2026-09-22,G0038,25.54009,86.85013,13.17,30.59,73.9,3.11,0.456,18.09,48.16,19.12,1,13.750593,13.17
2026-09-22,G0044,25.54009,87.09024,14.81,30.26,71.21,5.0,0.374,12.41,46.39,11.49,1,11.850224,14.81
2026-09-22,G0037,25.54009,86.81011,12.41,30.61,77.96,2.52,0.475,12.93,48.93,11.38,1,11.154832,12.41
2026-09-22,G0053,25.57613,86.85013,8.5,32.12,69.9,4.96,0.518,13.9,49.95,8.6,1,11.293479,8.5
2026-09-22,G0055,25.57613,86.93017,19.42,32.8,71.85,3.9,0.445,13.47,50.46,16.28,1,13.3752165,19.42
2026-09-22,G0069,25.61216,86.89015,20.58,33.28,68.15,5.91,0.384,16.47,55.21,13.19,1,14.669961,20.58
2026-09-22,G0068,25.61216,86.85013,2.02,30.04,72.79,1.57,0.451,6.31,52.38,4.92,1,5.3726993,2.02
2026-09-22,G0067,25.61216,86.81011,6.87,32.18,72.76,6.1,0.38,14.71,48.77,5.76,1,10.47984,6.87
2026-09-22,G0066,25.61216,86.7701,17.33,28.78,80.03,0.34,0.404,22.02,52.59,16.21,1,17.391842,17.33
2026-09-22,G0065,25.61216,86.73008,14.63,29.61,73.95,1.94,0.437,3.21,52.14,3.13,1,7.1003385,14.63
2026-09-22,G0064,25.61216,86.69006,8.76,31.21,72.39,2.7,0.398,15.48,52.64,14.32,1,11.282404,8.76
2026-09-22,G0054,25.57613,86.89015,6.87,32.96,75.19,5.43,0.353,9.94,49.93,9.34,1,8.090438,6.87
2026-09-22,G0063,25.61216,86.65004,22.1,30.52,70.19,4.95,0.362,6.05,55.38,18.84,1,10.767037,22.1
2026-09-22,G0061,25.61216,86.57001,17.6,31.39,64.79,3.55,0.428,13.75,50.93,12.12,1,13.135956,17.6
2026-09-22,G0060,25.57613,87.13012,18.57,30.67,72.29,2.45,0.428,17.5,50.38,14.89,1,15.222873,18.57
2026-09-22,G0059,25.57613,87.09024,15.3,32.78,76.78,4.09,0.453,18.32,50.87,12.89,1,14.193846,15.3
2026-09-22,G0058,25.57613,87.05022,16.38,32.98,72.12,2.88,0.439,13.86,53.49,13.65,1,12.246966,16.38
2026-09-22,G0057,25.57613,87.0102,13.68,31.74,73.1,3.05,0.451,9.97,48.68,10.33,1,9.54865,13.68
2026-09-22,G0056,25.57613,86.97018,9.65,32.31,70.46,3.29,0.48,16.54,51.49,13.43,1,12.284142,9.65
2026-09-22,G0062,25.61216,86.61003,15.78,32.58,67.12,4.0,0.419,11.39,55.37,10.87,1,11.127941,15.78
2026-09-22,G0070,25.61216,86.93017,7.49,32.18,79.35,1.39,0.43,15.61,49.33,13.4,1,11.682668,7.49
2026-09-22,G0036,25.54009,86.7701,11.67,31.59,68.39,3.47,0.405,14.39,49.31,8.82,1,11.860961,11.67
2026-09-22,G0034,25.54009,86.69006,8.4,33.44,68.3,3.56,0.403,17.04,48.32,15.44,1,11.861654,8.4
2026-09-22,G0015,25.46802,87.13012,19.24,34.86,78.94,2.39,0.351,14.79,45.57,14.19,1,13.520154,19.24
2026-09-22,G0014,25.46802,87.09024,15.37,32.19,78.68,5.23,0.476,14.81,43.92,14.65,1,13.646838,15.37
2026-09-22,G0013,25.46802,87.05022,11.03,32.2,60.59,3.13,0.499,15.29,44.78,13.96,1,11.186973,11.03
2026-09-22,G0012,25.46802,87.0102,14.46,30.91,78.11,3.3,0.45,14.31,46.68,13.38,1,12.399249,14.46
2026-09-22,G0011,25.46802,86.97018,15.45,33.8,75.58,2.89,0.422,7.43,46.23,11.22,1,8.719268,15.45
2026-09-22,G0010,25.46802,86.93017,17.14,33.67,83.31,5.0,0.425,16.18,46.71,17.1,1,13.389666,17.14
2026-09-22,G0016,25.50405,86.57001,13.05,29.31,74.61,3.13,0.462,7.63,48.83,8.44,1,8.59312,13.05
2026-09-22,G0009,25.46802,86.89015,8.69,31.05,70.38,3.41,0.425,8.52,43.51,8.7,1,7.846287,8.69
2026-09-22,G0007,25.46802,86.81011,12.48,30.43,72.18,4.34,0.366,11.78,45.15,11.36,1,9.85405,12.48
2026-09-22,G0006,25.46802,86.7701,17.0,32.41,76.38,5.39,0.422,12.69,50.72,10.43,1,12.412455,17.0
2026-09-22,G0005,25.46802,86.73008,14.52,33.03,67.51,4.73,0.385,16.48,46.28,14.85,1,14.447652,14.52
2026-09-22,G0004,25.46802,86.69006,19.12,33.04,77.26,4.08,0.399,23.43,46.69,19.02,1,17.828373,19.12
2026-09-22,G0003,25.46802,86.65004,12.63,31.13,71.65,1.77,0.398,19.28,45.17,13.55,1,15.096874,12.63
2026-09-22,G0002,25.46802,86.61003,11.67,32.76,69.82,3.79,0.463,15.67,46.74,8.47,1,12.728203,11.67
2026-09-22,G0008,25.46802,86.85013,9.84,33.38,76.15,2.04,0.412,12.44,45.23,9.71,1,10.662258,9.84
2026-09-22,G0035,25.54009,86.73008,4.68,32.33,78.2,4.6,0.397,13.86,49.31,8.89,1,10.054174,4.68
2026-09-22,G0017,25.50405,86.61003,12.67,32.9,75.3,3.8,0.419,13.36,48.71,8.2,1,11.767164,12.67
2026-09-22,G0019,25.50405,86.69006,8.82,31.6,65.94,3.69,0.469,15.54,47.07,8.97,1,10.91662,8.82
2026-09-22,G0033,25.54009,86.65004,13.58,29.88,68.06,5.08,0.489,20.4,48.76,18.91,1,15.606902,13.58
2026-09-22,G0032,25.54009,86.61003,14.92,31.34,75.09,2.33,0.46,21.02,47.23,14.57,1,17.0927,14.92
2026-09-22,G0031,25.54009,86.57001,12.25,30.82,71.19,2.37,0.47,14.26,48.42,8.65,1,12.010329,12.25
2026-09-22,G0030,25.50405,87.13012,10.98,31.06,67.2,2.28,0.431,11.31,48.51,9.23,1,9.753358,10.98
2026-09-22,G0029,25.50405,87.09024,0.0,33.3,76.03,1.54,0.413,18.63,48.04,12.15,1,10.4943,0.0
2026-09-22,G0028,25.50405,87.05022,12.67,32.62,68.01,0.68,0.396,17.38,46.01,14.75,1,12.98927,12.67
2026-09-22,G0018,25.50405,86.65004,17.99,30.46,85.27,3.32,0.47,8.14,47.89,7.65,1,10.81444,17.99
2026-09-22,G0027,25.50405,87.0102,12.14,32.94,70.21,3.89,0.513,14.23,44.41,10.78,1,11.774325,12.14
2026-09-22,G0025,25.50405,86.93017,13.65,32.03,78.82,3.98,0.389,7.91,47.52,8.25,1,8.239604,13.65
2026-09-22,G0024,25.50405,86.89015,12.9,31.81,72.62,2.5,0.35,9.21,45.52,5.63,1,8.319652,12.9
2026-09-22,G0023,25.50405,86.85013,14.27,30.6,72.8,3.4,0.369,11.9,44.49,10.54,1,10.285501,14.27
2026-09-22,G0022,25.50405,86.81011,8.59,31.14,76.29,4.16,0.362,10.53,49.42,10.34,1,8.812816,8.59
2026-09-22,G0021,25.50405,86.7701,20.14,32.38,77.19,1.51,0.37,16.63,42.53,10.55,1,14.851064,20.14
2026-09-22,G0020,25.50405,86.73008,12.88,30.73,72.18,4.57,0.487,15.32,48.19,8.09,1,12.050678,12.88
2026-09-22,G0026,25.50405,86.97018,13.9,32.5,71.54,3.0,0.444,13.91,48.59,13.96,1,12.141377,13.9
2026-09-22,G0071,25.61216,86.97018,13.97,33.06,73.28,4.54,0.434,19.41,52.85,16.37,1,14.344777,13.97
2026-09-22,G0001,25.46802,86.57001,9.72,32.64,69.49,3.08,0.478,14.59,43.25,13.5,1,11.509243,9.72
2026-09-22,G0073,25.61216,87.05022,10.33,30.15,71.05,4.4,0.384,7.02,52.26,9.34,1,6.9541726,10.33
2026-09-22,G0123,25.75631,86.65004,19.38,30.3,75.4,1.94,0.425,6.42,59.06,9.04,1,9.434345,19.38
2026-09-22,G0122,25.75631,86.61003,12.22,32.89,70.09,2.48,0.343,7.9,57.3,11.72,1,7.923767,12.22
2026-09-22,G0121,25.75631,86.57001,11.16,33.05,82.94,5.07,0.449,11.04,57.0,14.45,1,10.054638,11.16
2026-09-22,G0120,25.72027,87.13012,9.63,31.96,83.0,3.79,0.436,15.04,58.35,10.57,1,12.034571,9.63
2026-09-22,G0119,25.72027,87.09024,18.4,30.67,68.89,1.47,0.404,15.85,60.25,16.28,1,13.670331,18.4
2026-09-22,G0118,25.72027,87.05022,16.6,32.65,71.31,5.41,0.402,11.34,57.29,10.33,1,10.325149,16.6
2026-09-22,G0072,25.61216,87.0102,12.96,31.59,76.92,3.69,0.419,8.53,51.74,12.87,1,8.682315,12.96
2026-09-22,G0117,25.72027,87.0102,12.55,32.52,76.1,3.93,0.361,3.75,56.66,1.79,1,5.546996,12.55
2026-09-22,G0115,25.72027,86.93017,9.66,30.35,73.85,2.4,0.505,4.75,57.81,6.58,1,5.916559,9.66
2026-09-22,G0114,25.72027,86.89015,8.22,32.18,69.77,3.98,0.396,4.36,58.44,6.76,1,5.6689167,8.22
2026-09-22,G0113,25.72027,86.85013,15.66,30.49,75.2,3.13,0.406,6.87,57.16,12.87,1,8.292541,15.66
2026-09-22,G0112,25.72027,86.81011,18.38,29.13,64.38,4.72,0.434,9.63,56.85,11.05,1,11.129277,18.38
2026-09-22,G0111,25.72027,86.7701,10.18,32.42,73.2,3.24,0.509,13.08,59.81,10.08,1,10.395371,10.18
2026-09-22,G0110,25.72027,86.73008,14.06,31.5,81.19,3.39,0.355,11.24,58.84,8.62,1,11.026312,14.06
2026-09-22,G0116,25.72027,86.97018,10.97,31.98,72.9,3.36,0.491,11.06,57.03,3.48,1,9.199942,10.97
2026-09-22,G0109,25.72027,86.69006,18.32,30.46,75.76,3.47,0.367,10.66,64.04,10.34,1,11.688461,18.32
2026-09-22,G0125,25.75631,86.73008,13.38,29.73,76.53,2.49,0.45,13.12,56.64,11.98,1,11.5013075,13.38
2026-09-22,G0127,25.75631,86.81011,9.42,31.97,75.69,4.15,0.408,9.99,56.98,14.48,1,9.020931,9.42
2026-09-22,G0141,25.79234,86.7701,19.23,33.16,86.15,3.52,0.438,9.46,61.37,12.25,1,11.622708,19.23
2026-09-22,G0140,25.79234,86.73008,10.68,30.78,68.53,4.08,0.453,16.0,61.12,12.65,1,11.438921,10.68
2026-09-22,G0139,25.79234,86.69006,8.32,31.91,76.96,6.08,0.428,7.06,61.96,10.49,1,6.7387547,8.32
2026-09-22,G0138,25.79234,86.65004,8.01,32.14,76.76,2.0,0.437,17.39,62.08,12.65,1,13.031328,8.01
2026-09-22,G0137,25.79234,86.61003,14.35,32.86,72.74,2.95,0.432,11.04,58.09,10.57,1,10.864697,14.35
2026-09-22,G0136,25.79234,86.57001,7.54,29.63,74.41,3.78,0.436,4.52,61.44,1.22,1,4.4843354,7.54
2026-09-22,G0126,25.75631,86.7701,13.6,31.7,71.69,3.77,0.364,21.89,54.6,14.52,1,14.9084015,13.6
2026-09-22,G0135,25.75631,87.13012,10.8,32.92,77.92,4.3,0.4,10.24,57.69,9.91,1,8.945543,10.8
2026-09-22,G0133,25.75631,87.05022,11.46,32.14,82.55,2.6,0.367,10.19,58.12,11.28,1,9.343183,11.46
2026-09-22,G0132,25.75631,87.0102,10.55,32.58,74.34,1.75,0.37,7.25,58.45,6.01,1,6.767386,10.55
2026-09-22,G0131,25.75631,86.97018,8.09,32.86,83.41,5.38,0.379,3.7,60.56,7.42,1,4.5342054,8.09
2026-09-22,G0130,25.75631,86.93017,16.15,32.68,81.85,4.38,0.442,8.52,58.78,8.79,1,10.272962,16.15
2026-09-22,G0129,25.75631,86.89015,12.73,31.13,72.02,4.36,0.484,8.37,61.43,8.56,1,9.053668,12.73
2026-09-22,G0128,25.75631,86.85013,15.82,30.91,78.61,4.54,0.38,17.97,55.84,14.69,1,14.562493,15.82
2026-09-22,G0134,25.75631,87.09024,12.4,29.97,79.1,2.61,0.439,14.04,54.57,11.81,1,11.435258,12.4
2026-09-22,G0108,25.72027,86.65004,12.42,31.79,80.63,2.13,0.457,10.81,58.29,8.55,1,10.403422,12.42
2026-09-22,G0124,25.75631,86.69006,14.08,30.22,74.09,5.56,0.425,7.59,61.38,8.67,1,7.905531,14.08
2026-09-22,G0106,25.72027,86.57001,17.85,28.32,72.6,2.85,0.356,7.19,55.83,8.52,1,9.554486,17.85
2026-09-22,G0087,25.6482,87.0102,14.35,30.57,71.56,3.9,0.476,9.13,54.3,7.05,1,9.674042,14.35
2026-09-22,G0086,25.6482,86.97018,17.03,31.34,71.64,3.62,0.438,11.4,48.77,13.51,1,10.970765,17.03
2026-09-22,G0085,25.6482,86.93017,14.05,31.11,77.04,3.44,0.449,13.55,50.52,14.47,1,11.937142,14.05
2026-09-22,G0084,25.6482,86.89015,9.82,31.59,78.88,3.62,0.452,13.81,58.24,14.15,1,11.464745,9.82
2026-09-22,G0083,25.6482,86.85013,14.26,28.46,66.69,3.87,0.421,16.61,52.7,13.57,1,12.569992,14.26
2026-09-22,G0081,25.6482,86.7701,8.16,31.28,71.58,5.34,0.51,14.6,51.57,13.32,1,10.557419,8.16
2026-09-22,G0088,25.6482,87.05022,9.26,30.81,70.88,4.4,0.452,15.64,53.31,14.67,1,11.801161,9.26
2026-09-22,G0080,25.6482,86.73008,12.97,30.35,72.79,2.39,0.468,19.94,54.7,20.9,1,14.923587,12.97
2026-09-22,G0078,25.6482,86.65004,14.4,29.4,72.87,0.2,0.431,22.51,52.19,17.68,1,17.007988,14.4
2026-09-22,G0077,25.6482,86.61003,17.69,31.81,86.38,4.25,0.343,9.08,52.38,4.66,1,10.492571,17.69
2026-09-22,G0076,25.6482,86.57001,9.73,28.48,69.47,4.38,0.42,12.36,56.44,14.95,1,10.643127,9.73
2026-09-22,G0075,25.61216,87.13012,11.08,29.95,80.77,2.69,0.461,16.31,48.15,7.08,1,12.712845,11.08
2026-09-22,G0074,25.61216,87.09024,18.28,31.48,74.08,4.56,0.423,8.1,53.26,13.3,1,9.609723,18.28
2026-09-22,G0107,25.72027,86.61003,11.61,29.62,76.58,2.08,0.432,8.5,55.68,8.95,1,8.96332,11.61
2026-09-22,G0079,25.6482,86.69006,23.37,32.0,83.35,4.33,0.457,6.89,52.71,10.3,1,10.724495,23.37
2026-09-22,G0089,25.6482,87.09024,13.76,31.03,71.9,3.64,0.471,10.01,58.68,14.08,1,9.523874,13.76
2026-09-22,G0082,25.6482,86.81011,13.96,33.01,80.26,2.9,0.419,11.37,53.64,13.13,1,10.931338,13.96
2026-09-22,G0091,25.68423,86.57001,9.3,30.6,74.37,2.03,0.348,11.7,56.84,13.76,1,9.486698,9.3
2026-09-22,G0090,25.6482,87.13012,9.35,31.38,63.33,1.58,0.436,16.74,56.83,10.1,1,12.339451,9.35
2026-09-22,G0104,25.68423,87.09024,9.44,31.42,64.64,2.73,0.391,20.45,56.15,10.75,1,14.361586,9.44
2026-09-22,G0103,25.68423,87.05022,15.34,30.06,72.85,3.59,0.407,9.63,52.33,15.07,1,9.842229,15.34
2026-09-22,G0102,25.68423,87.0102,7.25,31.12,82.77,7.05,0.455,7.2,55.93,6.77,1,6.2065663,7.25
2026-09-22,G0101,25.68423,86.97018,15.1,32.77,74.42,1.76,0.447,3.09,57.25,4.97,1,6.382735,15.1
2026-09-22,G0100,25.68423,86.93017,16.34,33.02,77.86,3.98,0.363,13.4,57.35,10.7,1,12.379117,16.34
2026-09-22,G0099,25.68423,86.89015,17.18,29.94,65.65,1.78,0.372,10.83,51.92,12.65,1,10.380346,17.18
2026-09-22,G0105,25.68423,87.13012,16.78,30.81,76.76,1.28,0.434,13.35,57.92,10.41,1,12.016677,16.78
2026-09-22,G0097,25.68423,86.81011,8.29,30.03,83.73,4.32,0.484,11.08,54.12,13.46,1,8.6617985,8.29
2026-09-22,G0096,25.68423,86.7701,12.37,32.25,77.82,3.29,0.333,9.59,57.24,2.86,1,8.740691,12.37
2026-09-22,G0095,25.68423,86.73008,20.57,33.52,74.04,2.1,0.408,15.64,53.61,14.67,1,15.045859,20.57
2026-09-22,G0094,25.68423,86.69006,18.02,31.67,80.44,3.35,0.481,13.52,55.79,13.85,1,13.851056,18.02
2026-09-22,G0093,25.68423,86.65004,17.19,30.24,82.28,1.12,0.398,13.85,59.97,10.79,1,13.402218,17.19
2026-09-22,G0092,25.68423,86.61003,7.61,32.46,74.25,5.08,0.321,12.46,57.23,13.95,1,10.052409,7.61
2026-09-22,G0098,25.68423,86.85013,11.98,33.03,82.83,4.61,0.446,3.44,56.66,8.37,1,6.3454046,11.98
2026-09-23,G0194,25.90045,87.09024,11.91,30.37,66.33,4.07,0.386,14.71,68.19,12.77,1,11.746137,11.91
2026-09-23,G0193,25.90045,87.05022,14.15,30.33,73.34,4.01,0.497,10.37,67.53,17.98,1,10.371194,14.15
2026-09-23,G0192,25.90045,87.0102,7.52,29.72,73.07,4.14,0.407,2.88,67.79,6.65,1,4.6264067,7.52
2026-09-23,G0191,25.90045,86.97018,21.8,32.08,73.88,4.55,0.445,1.46,63.42,11.4,1,6.2633867,21.8
2026-09-23,G0190,25.90045,86.93017,10.2,31.62,81.31,3.7,0.427,5.61,65.15,9.28,1,7.4975553,10.2
2026-09-23,G0189,25.90045,86.89015,11.9,31.94,78.97,3.43,0.456,6.73,65.18,10.91,1,7.2300963,11.9
2026-09-23,G0185,25.90045,86.73008,15.54,32.42,78.31,3.91,0.412,9.39,67.13,13.89,1,10.047099,15.54
2026-09-23,G0187,25.90045,86.81011,6.95,29.33,80.06,3.48,0.456,6.65,66.02,6.92,1,6.1060486,6.95
2026-09-23,G0186,25.90045,86.7701,8.82,31.74,78.41,3.3,0.441,15.45,63.3,16.89,1,11.854607,8.82
2026-09-23,G0184,25.90045,86.69006,12.92,29.3,87.73,3.81,0.489,16.38,60.29,13.42,1,15.241435,12.92
2026-09-23,G0183,25.90045,86.65004,10.22,31.9,80.15,4.04,0.409,20.1,65.83,12.96,1,15.956328,10.22
2026-09-23,G0182,25.90045,86.61003,12.57,31.75,82.39,3.21,0.464,18.22,67.9,9.76,1,14.073494,12.57
2026-09-23,G0195,25.90045,87.13012,13.02,31.76,78.63,2.28,0.408,13.69,65.39,12.78,1,11.545282,13.02
2026-09-23,G0188,25.90045,86.85013,14.22,30.56,72.26,2.14,0.538,15.73,63.15,15.92,1,13.261672,14.22
2026-09-23,G0196,25.93649,86.57001,11.64,30.83,69.2,4.38,0.422,13.24,66.6,15.26,1,10.822663,11.64
2026-09-23,G0213,25.97252,86.65004,5.93,31.79,82.3,1.66,0.397,14.3,69.88,12.48,1,10.876464,5.93
2026-09-23,G0198,25.93649,86.65004,17.54,30.33,76.75,3.18,0.439,20.2,67.98,12.51,1,17.29034,17.54
2026-09-23,G0212,25.97252,86.61003,18.98,30.93,72.41,3.46,0.529,19.42,67.56,7.74,1,16.67396,18.98
2026-09-23,G0211,25.97252,86.57001,11.51,32.28,76.98,2.08,0.489,14.21,68.78,14.62,1,12.888184,11.51
2026-09-23,G0210,25.93649,87.13012,19.23,30.62,77.91,3.08,0.386,12.73,68.54,11.27,1,12.2983055,19.23
2026-09-23,G0209,25.93649,87.09024,16.9,29.7,78.92,3.54,0.434,5.76,69.71,14.05,1,9.567852,16.9
2026-09-23,G0208,25.93649,87.05022,7.7,30.09,68.66,3.9,0.428,19.27,65.97,11.65,1,13.630729,7.7
2026-09-23,G0207,25.93649,87.0102,13.45,30.09,74.92,3.89,0.471,7.35,64.61,5.04,1,8.501859,13.45
2026-09-23,G0197,25.93649,86.61003,16.69,32.0,67.05,2.95,0.398,15.15,68.86,14.28,1,12.874984,16.69
2026-09-23,G0206,25.93649,86.97018,12.64,31.87,78.29,0.81,0.462,15.1,67.34,11.32,1,11.759854,12.64
2026-09-23,G0204,25.93649,86.89015,15.13,31.93,76.17,5.83,0.463,6.33,69.07,11.99,1,8.877007,15.13
2026-09-23,G0203,25.93649,86.85013,8.81,30.24,66.07,3.67,0.47,8.42,69.71,9.53,1,7.3340344,8.81
2026-09-23,G0202,25.93649,86.81011,13.07,33.34,69.35,3.2,0.494,6.26,69.04,5.63,1,8.717636,13.07
2026-09-23,G0201,25.93649,86.7701,15.41,31.23,77.78,5.68,0.38,4.33,69.26,5.88,1,7.55422,15.41
2026-09-23,G0200,25.93649,86.73008,12.67,30.69,71.67,3.88,0.417,12.07,68.98,9.8,1,10.895894,12.67
2026-09-23,G0199,25.93649,86.69006,8.83,27.57,68.6,5.58,0.436,16.35,70.12,10.01,1,12.713573,8.83
2026-09-23,G0205,25.93649,86.93017,15.68,31.66,71.71,2.3,0.431,13.16,67.97,5.78,1,11.738428,15.68
2026-09-23,G0181,25.90045,86.57001,7.53,30.11,78.43,2.47,0.394,14.0,64.87,7.54,1,10.191021,7.53
2026-09-23,G0146,25.79234,86.97018,19.05,30.49,72.78,3.07,0.496,6.07,58.84,7.71,1,9.692354,19.05
2026-09-23,G0179,25.86441,87.09024,16.31,31.81,66.93,5.25,0.392,8.43,61.21,13.83,1,9.543885,16.31
2026-09-23,G0159,25.82838,86.89015,9.12,31.56,77.58,3.12,0.364,1.46,66.62,3.75,1,4.7624426,9.12
2026-09-23,G0158,25.82838,86.85013,19.3,31.21,65.66,1.2,0.392,1.64,62.06,1.19,1,7.232053,19.3
2026-09-23,G0157,25.82838,86.81011,12.79,32.54,81.82,5.01,0.427,12.29,60.92,10.73,1,10.828221,12.79
2026-09-23,G0156,25.82838,86.7701,15.87,29.14,69.67,3.94,0.442,16.53,63.84,18.15,1,13.829563,15.87
2026-09-23,G0155,25.82838,86.73008,9.66,30.75,74.6,4.87,0.37,12.2,61.32,9.79,1,9.945433,9.66
2026-09-23,G0154,25.82838,86.69006,9.63,32.33,77.77,4.36,0.429,11.07,62.7,8.48,1,9.330447,9.63
2026-09-23,G0160,25.82838,86.93017,13.48,30.77,79.33,5.39,0.498,11.84,62.15,15.6,1,10.628938,13.48
2026-09-23,G0153,25.82838,86.65004,16.37,30.84,71.17,4.45,0.466,17.85,65.14,12.94,1,14.325633,16.37
2026-09-23,G0151,25.82838,86.57001,9.24,31.15,73.68,3.92,0.385,19.51,62.29,9.2,1,14.042302,9.24
2026-09-23,G0150,25.79234,87.13012,14.55,29.69,78.29,3.57,0.473,10.99,59.96,11.05,1,10.803371,14.55
2026-09-23,G0149,25.79234,87.09024,18.03,31.13,64.45,3.8,0.411,18.9,59.44,20.51,1,15.186092,18.03
2026-09-23,G0148,25.79234,87.05022,22.51,31.84,82.87,2.81,0.452,6.32,60.39,14.78,1,10.227213,22.51
2026-09-23,G0147,25.79234,87.0102,14.68,29.28,76.23,1.82,0.464,5.31,60.31,13.11,1,7.466831,14.68
2026-09-23,G0214,25.97252,86.69006,14.1,30.02,73.41,2.84,0.485,12.94,70.16,15.84,1,11.482528,14.1
2026-09-23,G0152,25.82838,86.61003,11.68,33.22,75.06,3.77,0.373,14.17,64.17,15.24,1,12.412262,11.68
2026-09-23,G0161,25.82838,86.97018,10.77,31.05,77.46,2.99,0.443,8.39,62.28,12.47,1,8.259055,10.77
2026-09-23,G0162,25.82838,87.0102,7.86,29.58,58.62,1.48,0.476,12.52,60.02,11.46,1,9.065392,7.86
2026-09-23,G0163,25.82838,87.05022,14.7,30.53,76.79,6.61,0.411,10.31,64.12,6.25,1,10.465212,14.7
2026-09-23,G0178,25.86441,87.05022,10.57,32.7,73.37,3.85,0.499,7.96,61.73,10.38,1,7.728639,10.57
2026-09-23,G0177,25.86441,87.0102,14.66,29.08,67.8,3.95,0.406,8.06,62.59,9.32,1,9.171293,14.66
2026-09-23,G0176,25.86441,86.97018,11.6,30.68,65.21,3.81,0.458,7.19,67.03,12.53,1,7.5408688,11.6
2026-09-23,G0175,25.86441,86.93017,10.66,33.24,68.56,3.53,0.432,13.02,65.38,12.42,1,10.738736,10.66
2026-09-23,G0174,25.86441,86.89015,8.84,30.86,72.36,4.65,0.44,17.39,64.01,18.85,1,12.915713,8.84
2026-09-23,G0173,25.86441,86.85013,17.21,29.36,76.64,4.07,0.421,15.13,63.66,15.45,1,13.130714,17.21
2026-09-23,G0172,25.86441,86.81011,4.08,31.07,75.39,4.05,0.418,9.39,63.36,5.66,1,7.3816695,4.08
2026-09-23,G0171,25.86441,86.7701,9.93,32.23,66.82,3.78,0.418,11.63,65.56,7.88,1,9.449511,9.93
2026-09-23,G0170,25.86441,86.73008,13.33,30.18,86.74,1.32,0.371,16.64,64.84,9.18,1,13.647432,13.33
2026-09-23,G0169,25.86441,86.69006,17.9,30.17,65.21,4.07,0.469,12.07,65.22,11.53,1,11.708557,17.9
2026-09-23,G0168,25.86441,86.65004,10.72,29.03,72.91,4.95,0.464,19.02,62.21,15.03,1,14.883659,10.72
2026-09-23,G0167,25.86441,86.61003,10.82,29.74,77.02,3.89,0.41,13.03,66.9,11.42,1,10.619174,10.82
2026-09-23,G0166,25.86441,86.57001,19.35,30.73,79.45,4.31,0.419,11.4,65.24,9.78,1,12.638231,19.35
2026-09-23,G0165,25.82838,87.13012,14.59,30.33,70.51,4.48,0.462,18.56,60.97,9.45,1,14.514915,14.59
2026-09-23,G0164,25.82838,87.09024,6.96,31.44,75.77,3.13,0.46,9.99,62.86,9.41,1,8.1135645,6.96
2026-09-23,G0180,25.86441,87.13012,12.17,32.03,79.5,3.59,0.346,14.2,67.51,12.19,1,12.767491,12.17
2026-09-23,G0215,25.97252,86.73008,11.94,28.94,75.56,4.54,0.454,20.21,68.93,18.69,1,16.329403,11.94
2026-09-23,G0250,26.04459,86.93017,21.02,32.37,81.41,5.11,0.438,11.44,73.91,6.24,1,12.640266,21.02
2026-09-23,G0217,25.97252,86.81011,11.17,30.09,72.82,3.1,0.47,11.67,71.37,8.43,1,9.860393,11.17
2026-09-23,G0268,26.08063,87.05022,18.36,31.86,80.08,4.27,0.462,15.54,75.01,15.89,1,14.655516,18.36
2026-09-23,G0267,26.08063,87.0102,14.98,29.32,71.16,5.65,0.385,13.6,74.77,14.2,1,12.269568,14.98
2026-09-23,G0266,26.08063,86.97018,16.25,30.28,80.33,2.79,0.464,14.1,73.11,14.32,1,12.285402,16.25
2026-09-23,G0265,26.08063,86.93017,10.05,30.94,76.73,1.33,0.425,10.67,72.81,14.56,1,9.698829,10.05
2026-09-23,G0264,26.08063,86.89015,5.36,30.88,75.62,3.72,0.468,19.9,71.73,14.45,1,12.612787,5.36
2026-09-23,G0263,26.08063,86.85013,11.43,30.6,71.3,4.12,0.361,10.15,75.32,11.58,1,8.933699,11.43
2026-09-23,G0269,26.08063,87.09024,14.02,30.01,71.58,4.05,0.499,13.45,76.01,10.48,1,11.153292,14.02
2026-09-23,G0262,26.08063,86.81011,7.03,31.3,74.45,2.57,0.447,12.9,70.9,12.89,1,9.29663,7.03
2026-09-23,G0260,26.08063,86.73008,13.86,31.95,76.95,2.16,0.434,24.83,75.28,12.45,1,18.15,13.86
2026-09-23,G0259,26.08063,86.69006,13.28,31.53,74.96,3.31,0.441,9.59,70.35,5.53,1,9.7277565,13.28
2026-09-23,G0258,26.08063,86.65004,7.79,30.47,73.29,1.04,0.358,10.87,69.91,12.96,1,8.600176,7.79
2026-09-23,G0257,26.08063,86.61003,10.51,30.58,73.22,2.83,0.4,15.59,73.05,11.86,1,11.474183,10.51
2026-09-23,G0256,26.08063,86.57001,10.43,32.2,76.08,3.47,0.386,8.28,75.41,6.67,1,8.597401,10.43
2026-09-23,G0255,26.04459,87.13012,14.47,31.05,77.29,2.99,0.384,14.81,74.72,6.97,1,12.821355,14.47
2026-09-23,G0261,26.08063,86.7701,8.66,31.02,78.98,3.45,0.435,16.58,72.77,14.36,1,12.530355,8.66
2026-09-23,G0254,26.04459,87.09024,11.85,30.86,61.78,5.32,0.457,10.06,72.06,13.29,1,8.872561,11.85
2026-09-23,G0270,26.08063,87.13012,12.2,30.92,74.64,3.25,0.399,16.54,72.37,12.99,1,12.706744,12.2
2026-09-23,G0272,26.09932,86.61003,18.47,31.34,69.41,2.38,0.464,18.25,74.22,13.72,1,15.610563,18.47
2026-09-23,G0145,25.79234,86.93017,18.28,34.5,71.05,2.9,0.421,10.28,59.18,8.91,1,11.080961,18.28
2026-09-23,G0285,26.09932,87.13012,9.55,30.63,69.74,2.68,0.432,20.25,78.98,15.68,1,14.389095,9.55
2026-09-23,G0284,26.09932,87.09024,11.51,30.77,70.43,2.87,0.414,19.2,79.28,10.15,1,14.766333,11.51
2026-09-23,G0283,26.09932,87.05022,13.02,31.07,74.68,0.0,0.429,10.47,74.99,5.37,1,9.9660425,13.02
2026-09-23,G0282,26.09932,87.0102,10.15,31.71,68.23,3.78,0.41,14.18,75.59,7.35,1,10.53551,10.15
2026-09-23,G0281,26.09932,86.97018,17.46,31.21,68.43,5.03,0.389,13.97,77.61,8.07,1,13.279629,17.46
2026-09-23,G0271,26.09932,86.57001,10.28,30.87,69.93,3.13,0.427,13.09,72.88,11.79,1,10.233777,10.28
2026-09-23,G0280,26.09932,86.93017,15.87,29.42,69.77,3.91,0.401,8.72,74.96,6.03,1,9.485443,15.87
2026-09-23,G0278,26.09932,86.85013,15.57,32.93,70.89,2.18,0.421,16.67,76.62,13.91,1,13.790626,15.57
2026-09-23,G0277,26.09932,86.81011,9.74,30.23,70.79,4.03,0.391,11.38,72.03,13.26,1,9.32103,9.74
2026-09-23,G0276,26.09932,86.7701,11.78,32.38,80.37,2.74,0.446,16.33,75.75,10.89,1,13.495975,11.78
2026-09-23,G0275,26.09932,86.73008,12.36,28.1,81.44,3.39,0.392,16.52,76.93,8.25,1,14.015227,12.36
2026-09-23,G0274,26.09932,86.69006,13.08,30.13,77.69,5.7,0.415,19.06,74.52,16.34,1,13.681516,13.08
2026-09-23,G0273,26.09932,86.65004,14.57,30.68,76.2,2.99,0.502,17.28,75.43,8.63,1,14.052683,14.57
2026-09-23,G0279,26.09932,86.89015,12.8,30.68,71.36,3.65,0.43,15.14,78.22,18.41,1,12.06071,12.8
2026-09-23,G0216,25.97252,86.7701,11.66,32.25,74.41,3.64,0.411,15.58,70.42,14.46,1,13.119464,11.66
2026-09-23,G0253,26.04459,87.05022,11.7,31.41,76.26,4.88,0.422,10.92,71.08,12.97,1,9.770281,11.7
2026-09-23,G0251,26.04459,86.97018,9.08,31.23,66.58,4.81,0.433,11.29,72.83,7.61,1,8.919822,9.08
2026-09-23,G0231,26.00856,86.7701,11.05,31.66,63.43,3.62,0.401,25.9,70.05,15.77,1,18.923088,11.05
2026-09-23,G0230,26.00856,86.73008,10.42,32.57,77.66,1.82,0.393,18.25,76.37,13.73,1,14.488124,10.42
2026-09-23,G0229,26.00856,86.69006,8.32,32.13,70.77,2.93,0.439,17.83,72.88,13.36,1,12.787754,8.32
2026-09-23,G0228,26.00856,86.65004,4.53,31.74,71.42,3.43,0.383,11.5,73.07,8.41,1,8.294971,4.53
2026-09-23,G0227,26.00856,86.61003,6.26,31.21,84.33,4.31,0.365,16.24,68.34,13.29,1,11.983149,6.26
2026-09-23,G0226,26.00856,86.57001,14.09,31.2,79.55,1.36,0.414,10.93,68.26,11.41,1,11.08881,14.09
2026-09-23,G0232,26.00856,86.81011,7.47,32.83,74.46,3.06,0.443,18.46,68.2,11.91,1,12.787414,7.47
2026-09-23,G0225,25.97252,87.13012,17.18,30.46,68.9,4.15,0.377,17.04,71.43,21.14,1,13.923351,17.18
2026-09-23,G0223,25.97252,87.05022,11.53,31.24,70.31,5.24,0.446,12.03,67.0,11.8,1,10.458766,11.53
2026-09-23,G0222,25.97252,87.0102,13.66,28.45,73.71,4.96,0.38,19.28,68.49,11.64,1,14.655194,13.66
2026-09-23,G0221,25.97252,86.97018,13.87,31.43,75.59,4.18,0.376,11.86,67.55,17.58,1,10.657108,13.87
2026-09-23,G0220,25.97252,86.93017,15.66,28.54,76.12,4.62,0.376,9.3,71.65,14.08,1,10.294629,15.66
2026-09-23,G0219,25.97252,86.89015,17.02,33.06,74.58,2.08,0.39,10.08,67.73,11.16,1,10.421927,17.02
2026-09-23,G0218,25.97252,86.85013,14.88,31.63,77.22,1.86,0.397,18.76,66.54,15.73,1,15.014115,14.88
2026-09-23,G0224,25.97252,87.09024,4.64,32.2,75.96,1.79,0.41,15.02,67.48,11.27,1,11.040626,4.64
2026-09-23,G0252,26.04459,87.0102,14.74,29.57,75.28,2.62,0.41,7.67,72.96,13.0,1,8.12963,14.74
2026-09-23,G0233,26.00856,86.85013,15.75,30.96,71.62,2.76,0.388,7.41,67.81,6.32,1,8.755525,15.75
2026-09-23,G0235,26.00856,86.93017,7.36,30.75,81.38,4.09,0.486,4.97,68.6,3.76,1,6.0407915,7.36
2026-09-23,G0249,26.04459,86.89015,18.73,31.88,70.39,3.14,0.416,16.14,72.41,10.07,1,14.146284,18.73
2026-09-23,G0248,26.04459,86.85013,12.51,28.7,82.83,3.7,0.417,14.78,74.29,15.21,1,11.661959,12.51
2026-09-23,G0247,26.04459,86.81011,10.15,30.1,74.73,0.92,0.361,12.6,72.47,5.28,1,10.307617,10.15
2026-09-23,G0246,26.04459,86.7701,14.63,29.48,74.06,0.78,0.373,10.02,73.89,9.04,1,10.404859,14.63
2026-09-23,G0245,26.04459,86.73008,11.93,30.66,64.29,2.15,0.38,11.17,72.42,10.66,1,9.201991,11.93
2026-09-23,G0244,26.04459,86.69006,20.51,30.44,77.81,4.0,0.42,12.89,71.65,12.16,1,12.770588,20.51
2026-09-23,G0234,26.00856,86.89015,11.74,30.51,74.89,4.47,0.338,11.14,71.7,4.34,1,9.616422,11.74
2026-09-23,G0243,26.04459,86.65004,15.0,31.11,78.17,3.3,0.398,16.46,73.05,11.06,1,13.777444,15.0
2026-09-23,G0241,26.04459,86.57001,12.33,32.05,70.19,3.84,0.47,11.5,74.41,11.84,1,10.281678,12.33
2026-09-23,G0240,26.00856,87.13012,12.43,30.92,83.21,3.47,0.415,15.25,68.81,10.29,1,12.954015,12.43
2026-09-23,G0239,26.00856,87.09024,9.89,30.6,75.16,3.69,0.46,16.49,68.21,10.52,1,12.375289,9.89
2026-09-23,G0238,26.00856,87.05022,12.15,31.45,63.81,5.07,0.46,19.91,69.21,15.02,1,14.62648,12.15
2026-09-23,G0237,26.00856,87.0102,9.3,31.48,71.85,2.6,0.418,16.54,71.27,14.25,1,12.678507,9.3
2026-09-23,G0236,26.00856,86.97018,8.79,30.8,68.41,3.73,0.428,6.71,67.69,8.07,1,6.684192,8.79
2026-09-23,G0242,26.04459,86.61003,20.52,32.41,73.62,3.37,0.471,21.77,71.32,18.26,1,18.190878,20.52
2026-09-23,G0144,25.79234,86.89015,22.02,30.96,75.6,3.26,0.412,5.89,56.15,8.85,1,9.387805,22.02
2026-09-23,G0143,25.79234,86.85013,15.05,31.05,73.12,3.51,0.484,16.24,58.24,13.99,1,13.300261,15.05
2026-09-23,G0142,25.79234,86.81011,10.3,28.59,59.03,1.29,0.409,5.24,60.41,1.41,1,6.323088,10.3
2026-09-23,G0051,25.57613,86.7701,13.47,32.59,84.06,4.46,0.401,16.85,48.9,15.12,1,14.25719,13.47
2026-09-23,G0050,25.57613,86.73008,13.81,32.1,79.54,3.57,0.38,16.1,49.63,16.05,1,13.489282,13.81
2026-09-23,G0049,25.57613,86.69006,15.81,30.38,75.86,5.19,0.389,15.17,54.15,11.29,1,14.13857,15.81
2026-09-23,G0048,25.57613,86.65004,11.16,33.99,77.99,3.13,0.44,16.01,50.89,14.77,1,12.688869,11.16
2026-09-23,G0047,25.57613,86.61003,17.02,31.6,77.25,2.47,0.451,6.53,51.81,1.76,1,8.773894,17.02
2026-09-23,G0046,25.57613,86.57001,8.63,30.85,71.78,4.14,0.451,15.57,49.99,13.4,1,11.71628,8.63
2026-09-23,G0052,25.57613,86.81011,16.65,32.35,75.71,3.23,0.527,14.75,54.63,12.3,1,13.37966,16.65
2026-09-23,G0045,25.54009,87.13012,12.89,32.23,68.91,2.05,0.442,6.62,50.55,11.04,1,8.136534,12.89
2026-09-23,G0043,25.54009,87.05022,3.52,31.55,80.46,2.74,0.449,22.79,50.05,16.14,1,13.660603,3.52
2026-09-23,G0042,25.54009,87.0102,5.49,32.92,72.26,2.05,0.443,13.48,50.41,9.19,1,10.088997,5.49
2026-09-23,G0041,25.54009,86.97018,11.86,32.4,69.44,3.19,0.396,16.77,50.56,12.25,1,13.648202,11.86
2026-09-23,G0040,25.54009,86.93017,21.93,31.65,70.99,2.29,0.356,6.43,47.04,10.55,1,10.071446,21.93
2026-09-23,G0039,25.54009,86.89015,10.42,30.8,72.57,2.39,0.408,10.6,46.68,11.79,1,9.033921,10.42
2026-09-23,G0038,25.54009,86.85013,19.28,32.08,73.71,2.27,0.451,11.85,50.51,14.65,1,12.905678,19.28
2026-09-23,G0044,25.54009,87.09024,12.26,32.77,71.25,3.86,0.456,16.73,51.13,14.48,1,13.402428,12.26
2026-09-23,G0037,25.54009,86.81011,9.46,31.81,71.28,4.24,0.392,7.91,49.0,6.09,1,7.1700244,9.46
2026-09-23,G0053,25.57613,86.85013,19.88,30.58,75.38,4.65,0.392,12.11,53.42,7.7,1,12.227711,19.88
2026-09-23,G0055,25.57613,86.93017,8.13,31.4,81.3,3.61,0.459,10.21,52.94,6.45,1,8.665088,8.13
2026-09-23,G0069,25.61216,86.89015,19.32,30.37,72.36,3.55,0.45,10.67,49.78,14.19,1,11.798246,19.32
2026-09-23,G0068,25.61216,86.85013,10.71,36.72,70.03,1.91,0.356,20.23,50.62,14.04,1,14.009202,10.71
2026-09-23,G0067,25.61216,86.81011,16.55,33.43,68.14,3.17,0.466,20.71,52.76,17.47,1,16.457388,16.55
2026-09-23,G0066,25.61216,86.7701,11.81,33.67,75.88,2.04,0.446,9.86,53.48,11.41,1,9.701563,11.81
2026-09-23,G0065,25.61216,86.73008,5.55,32.15,71.49,2.17,0.355,18.73,48.51,13.85,1,12.029195,5.55
2026-09-23,G0064,25.61216,86.69006,6.95,32.31,67.63,3.18,0.401,13.95,48.59,9.79,1,9.813223,6.95
2026-09-23,G0054,25.57613,86.89015,12.75,31.55,79.83,3.82,0.492,16.54,50.93,13.95,1,13.213097,12.75
2026-09-23,G0063,25.61216,86.65004,13.33,30.57,74.37,3.46,0.332,16.56,53.7,15.88,1,12.773495,13.33
2026-09-23,G0061,25.61216,86.57001,16.85,29.95,72.69,3.64,0.431,18.49,51.79,15.49,1,14.607058,16.85
2026-09-23,G0060,25.57613,87.13012,11.48,30.51,77.12,4.54,0.406,14.83,46.83,16.26,1,12.234025,11.48
2026-09-23,G0059,25.57613,87.09024,15.34,30.26,66.48,3.48,0.347,10.62,49.16,13.16,1,10.95897,15.34
2026-09-23,G0058,25.57613,87.05022,14.82,34.66,70.47,4.14,0.391,14.56,50.9,9.03,1,12.858358,14.82
2026-09-23,G0057,25.57613,87.0102,15.46,31.67,72.29,4.08,0.445,17.53,48.17,15.4,1,14.328293,15.46
2026-09-23,G0056,25.57613,86.97018,11.48,32.88,77.39,5.58,0.404,10.97,52.92,14.22,1,9.535308,11.48
2026-09-23,G0062,25.61216,86.61003,15.58,32.24,78.98,3.5,0.479,13.28,50.66,14.47,1,12.101451,15.58
2026-09-23,G0070,25.61216,86.93017,11.52,30.12,78.6,1.39,0.436,17.99,56.33,12.27,1,13.907551,11.52
2026-09-23,G0036,25.54009,86.7701,14.98,33.07,70.93,5.85,0.413,21.14,50.55,12.51,1,15.59029,14.98
2026-09-23,G0034,25.54009,86.69006,16.8,30.84,81.98,3.26,0.413,15.38,47.38,14.06,1,13.202749,16.8
2026-09-23,G0015,25.46802,87.13012,11.84,30.69,71.29,2.06,0.425,18.61,45.92,20.15,1,14.153437,11.84
2026-09-23,G0014,25.46802,87.09024,22.99,30.43,76.01,4.56,0.352,16.88,41.9,15.25,1,16.642937,22.99
2026-09-23,G0013,25.46802,87.05022,15.0,31.81,78.18,3.02,0.465,22.53,46.36,18.94,1,16.458437,15.0
2026-09-23,G0012,25.46802,87.0102,16.92,30.93,66.69,3.85,0.433,16.06,48.04,11.95,1,13.453373,16.92
2026-09-23,G0011,25.46802,86.97018,10.71,29.46,76.26,1.21,0.347,9.57,46.94,9.24,1,7.8313146,10.71
2026-09-23,G0010,25.46802,86.93017,18.03,32.73,72.22,3.46,0.414,6.11,44.87,7.04,1,8.587681,18.03
2026-09-23,G0016,25.50405,86.57001,14.84,29.74,75.11,3.87,0.469,8.95,48.24,6.48,1,10.506498,14.84
2026-09-23,G0009,25.46802,86.89015,15.6,31.51,70.22,4.52,0.345,11.42,48.62,11.1,1,11.46401,15.6
2026-09-23,G0007,25.46802,86.81011,11.41,30.94,74.87,4.79,0.348,9.17,45.62,9.23,1,8.880451,11.41
2026-09-23,G0006,25.46802,86.7701,14.18,33.9,64.24,3.83,0.374,18.05,49.72,11.32,1,13.702798,14.18
2026-09-23,G0005,25.46802,86.73008,9.71,30.03,76.76,2.76,0.372,20.32,48.43,11.07,1,15.209077,9.71
2026-09-23,G0004,25.46802,86.69006,11.05,30.22,74.67,3.48,0.411,18.02,44.06,18.94,1,13.236564,11.05
2026-09-23,G0003,25.46802,86.65004,6.65,31.04,70.2,3.57,0.47,16.32,46.51,14.12,1,11.269362,6.65
2026-09-23,G0002,25.46802,86.61003,5.54,32.06,83.54,1.37,0.466,10.52,43.69,10.26,1,8.150456,5.54
2026-09-23,G0008,25.46802,86.85013,14.65,34.1,78.88,2.17,0.395,16.54,45.8,15.13,1,14.043997,14.65
2026-09-23,G0035,25.54009,86.73008,12.89,30.04,75.16,4.52,0.407,23.73,48.78,16.36,1,17.096653,12.89
2026-09-23,G0017,25.50405,86.61003,8.65,31.17,68.4,6.09,0.417,11.16,47.62,3.89,1,8.670853,8.65
2026-09-23,G0019,25.50405,86.69006,13.54,32.46,74.46,5.21,0.46,19.61,46.27,16.95,1,15.128213,13.54
2026-09-23,G0033,25.54009,86.65004,14.18,32.04,79.27,1.87,0.474,18.08,48.11,13.82,1,13.867533,14.18
2026-09-23,G0032,25.54009,86.61003,8.7,30.06,71.45,4.85,0.487,16.97,49.38,8.82,1,11.769484,8.7
2026-09-23,G0031,25.54009,86.57001,14.98,30.04,75.64,3.63,0.456,17.63,50.04,13.93,1,14.549589,14.98
2026-09-23,G0030,25.50405,87.13012,7.84,29.84,81.93,2.93,0.414,19.23,45.02,13.38,1,13.795446,7.84
2026-09-23,G0029,25.50405,87.09024,10.32,32.08,73.84,2.36,0.442,7.15,41.65,9.86,1,6.2057257,10.32
2026-09-23,G0028,25.50405,87.05022,14.78,30.9,71.89,1.77,0.41,6.82,50.04,12.07,1,7.275392,14.78
2026-09-23,G0018,25.50405,86.65004,16.48,33.35,86.47,3.65,0.403,12.73,47.75,17.49,1,11.640692,16.48
2026-09-23,G0027,25.50405,87.0102,14.37,30.55,69.17,4.16,0.401,13.34,45.25,11.15,1,11.3501425,14.37
2026-09-23,G0025,25.50405,86.93017,7.1,32.88,69.75,5.99,0.486,12.4,45.98,9.97,1,10.217089,7.1
2026-09-23,G0024,25.50405,86.89015,8.58,30.34,77.71,4.44,0.383,22.36,48.5,19.02,1,14.906159,8.58
2026-09-23,G0023,25.50405,86.85013,12.27,32.98,73.53,5.89,0.472,7.35,45.98,5.32,1,8.482159,12.27
2026-09-23,G0022,25.50405,86.81011,15.91,31.56,78.99,2.31,0.488,11.12,47.08,8.31,1,11.1525,15.91
2026-09-23,G0021,25.50405,86.7701,11.17,32.62,78.82,2.17,0.427,21.51,51.28,21.28,1,15.521255,11.17
2026-09-23,G0020,25.50405,86.73008,11.71,31.99,77.36,0.0,0.42,11.4,47.56,13.14,1,10.493594,11.71
2026-09-23,G0026,25.50405,86.97018,12.52,32.88,66.76,1.67,0.511,7.6,47.48,5.67,1,6.3595185,12.52
2026-09-23,G0071,25.61216,86.97018,9.56,29.85,78.33,2.63,0.392,3.51,50.05,11.2,1,5.359972,9.56
2026-09-23,G0001,25.46802,86.57001,17.23,31.67,74.97,2.79,0.416,12.2,49.0,12.08,1,11.491519,17.23
2026-09-23,G0073,25.61216,87.05022,15.94,30.53,77.48,4.38,0.377,17.88,53.26,15.32,1,14.495689,15.94
2026-09-23,G0123,25.75631,86.65004,16.03,31.21,72.52,3.61,0.414,5.64,56.62,4.98,1,7.337737,16.03
2026-09-23,G0122,25.75631,86.61003,5.55,31.11,79.94,1.46,0.527,17.81,58.19,14.84,1,10.926696,5.55
2026-09-23,G0121,25.75631,86.57001,11.63,29.94,72.57,4.95,0.424,9.67,59.96,13.57,1,9.085013,11.63
2026-09-23,G0120,25.72027,87.13012,18.7,32.06,64.44,2.43,0.379,8.38,58.05,12.43,1,9.881601,18.7
2026-09-23,G0119,25.72027,87.09024,14.37,33.26,69.73,2.66,0.421,10.97,55.15,11.48,1,10.45415,14.37
2026-09-23,G0118,25.72027,87.05022,15.92,31.31,68.6,5.15,0.404,18.02,58.79,17.07,1,15.143249,15.92
2026-09-23,G0072,25.61216,87.0102,15.49,30.68,66.34,1.69,0.353,10.05,50.44,10.08,1,9.995262,15.49
2026-09-23,G0117,25.72027,87.0102,12.39,32.48,76.77,4.54,0.364,10.54,59.27,10.74,1,9.714594,12.39
2026-09-23,G0115,25.72027,86.93017,14.92,30.79,72.1,3.08,0.453,9.97,57.67,8.59,1,10.149719,14.92
2026-09-23,G0114,25.72027,86.89015,10.6,30.9,69.65,1.97,0.461,12.04,59.27,16.08,1,10.396144,10.6
2026-09-23,G0113,25.72027,86.85013,7.78,32.16,77.47,2.65,0.424,7.44,58.5,11.1,1,6.961836,7.78
2026-09-23,G0112,25.72027,86.81011,12.04,31.21,69.23,3.6,0.407,8.15,56.29,5.24,1,8.244656,12.04
2026-09-23,G0111,25.72027,86.7701,8.98,30.51,69.12,3.27,0.336,10.88,55.89,6.35,1,8.9808,8.98
2026-09-23,G0110,25.72027,86.73008,9.52,30.37,73.2,1.72,0.443,17.3,52.33,12.27,1,12.771403,9.52
2026-09-23,G0116,25.72027,86.97018,9.95,30.19,68.36,3.65,0.442,9.89,57.44,7.82,1,8.789114,9.95
2026-09-23,G0109,25.72027,86.69006,12.91,32.15,77.15,4.28,0.399,9.84,62.47,8.41,1,9.782084,12.91
2026-09-23,G0125,25.75631,86.73008,16.33,29.65,77.84,2.23,0.439,15.6,57.31,11.45,1,13.579272,16.33
2026-09-23,G0127,25.75631,86.81011,11.59,31.13,62.46,6.35,0.364,10.13,61.1,7.66,1,9.037951,11.59
2026-09-23,G0141,25.79234,86.7701,19.9,31.58,75.64,3.43,0.377,10.61,57.9,14.19,1,12.543669,19.9
2026-09-23,G0140,25.79234,86.73008,10.89,30.77,64.9,1.63,0.424,13.95,61.85,4.7,1,11.197777,10.89
2026-09-23,G0139,25.79234,86.69006,10.85,30.66,75.96,2.76,0.319,14.51,60.77,14.64,1,11.157314,10.85
2026-09-23,G0138,25.79234,86.65004,13.45,30.8,76.29,3.78,0.497,15.4,64.86,9.95,1,11.996952,13.45
2026-09-23,G0137,25.79234,86.61003,14.95,31.43,73.84,3.1,0.453,9.25,58.89,10.51,1,9.812849,14.95
2026-09-23,G0136,25.79234,86.57001,11.5,31.35,75.9,1.71,0.398,13.45,62.36,15.63,1,11.462131,11.5
2026-09-23,G0126,25.75631,86.7701,12.42,31.67,71.41,3.6,0.425,9.75,61.81,4.93,1,9.170915,12.42
2026-09-23,G0135,25.75631,87.13012,15.34,29.76,67.34,4.66,0.398,6.39,55.44,8.62,1,8.302258,15.34
2026-09-23,G0133,25.75631,87.05022,4.63,31.2,78.09,1.76,0.473,7.56,60.39,10.93,1,6.390556,4.63
2026-09-23,G0132,25.75631,87.0102,12.7,30.33,72.7,3.42,0.407,6.98,57.58,10.03,1,7.5604186,12.7
2026-09-23,G0131,25.75631,86.97018,5.93,31.59,73.16,3.06,0.377,8.07,60.83,10.7,1,6.5125923,5.93
2026-09-23,G0130,25.75631,86.93017,14.75,30.79,77.39,3.0,0.404,6.16,60.88,10.61,1,8.39477,14.75
2026-09-23,G0129,25.75631,86.89015,8.57,30.53,82.0,6.41,0.435,2.81,60.38,6.57,1,4.754057,8.57
2026-09-23,G0128,25.75631,86.85013,16.06,32.73,70.8,5.27,0.379,11.37,63.45,18.13,1,11.250064,16.06
2026-09-23,G0134,25.75631,87.09024,13.91,30.5,75.05,5.5,0.413,10.18,61.75,10.56,1,9.66831,13.91
2026-09-23,G0108,25.72027,86.65004,15.39,29.72,73.72,4.46,0.417,6.96,56.72,11.25,1,8.421729,15.39
2026-09-23,G0124,25.75631,86.69006,15.77,29.93,74.25,2.92,0.372,8.33,60.87,5.09,1,9.155035,15.77
2026-09-23,G0106,25.72027,86.57001,9.73,29.26,81.62,3.97,0.453,10.14,55.83,5.76,1,9.165072,9.73
2026-09-23,G0087,25.6482,87.0102,14.36,31.12,74.8,4.31,0.418,13.02,51.35,12.57,1,11.869039,14.36
2026-09-23,G0086,25.6482,86.97018,13.47,30.59,76.7,5.31,0.48,9.06,53.04,11.0,1,9.172282,13.47
2026-09-23,G0085,25.6482,86.93017,10.59,30.44,79.63,3.14,0.428,5.08,54.89,6.74,1,6.6710997,10.59
2026-09-23,G0084,25.6482,86.89015,12.13,30.46,74.22,3.73,0.473,4.8,53.94,9.79,1,6.569719,12.13
2026-09-23,G0083,25.6482,86.85013,8.14,32.87,76.22,3.35,0.459,7.26,54.03,7.32,1,6.401882,8.14
2026-09-23,G0081,25.6482,86.7701,12.49,30.89,68.39,4.08,0.404,7.88,51.29,6.29,1,8.429838,12.49
2026-09-23,G0088,25.6482,87.05022,16.04,32.7,66.27,1.56,0.443,9.53,51.72,11.35,1,9.594432,16.04
2026-09-23,G0080,25.6482,86.73008,9.83,32.25,59.33,2.43,0.445,13.72,56.69,14.85,1,11.45599,9.83
2026-09-23,G0078,25.6482,86.65004,11.12,31.4,78.03,3.06,0.37,23.34,56.47,18.79,1,16.382084,11.12
2026-09-23,G0077,25.6482,86.61003,8.51,30.6,74.35,3.42,0.398,15.36,58.3,20.1,1,11.323831,8.51
2026-09-23,G0076,25.6482,86.57001,10.58,30.88,78.97,1.88,0.406,7.21,54.79,12.7,1,7.739632,10.58
2026-09-23,G0075,25.61216,87.13012,15.19,30.14,68.34,3.97,0.412,12.9,52.92,8.86,1,11.997644,15.19
2026-09-23,G0074,25.61216,87.09024,6.38,31.85,70.08,4.34,0.394,7.97,52.48,7.65,1,6.3534203,6.38
2026-09-23,G0107,25.72027,86.61003,10.88,31.3,67.5,5.37,0.373,13.97,60.16,10.13,1,10.4724455,10.88
2026-09-23,G0079,25.6482,86.69006,10.01,33.64,61.77,3.09,0.415,10.93,56.62,4.72,1,9.812908,10.01
2026-09-23,G0089,25.6482,87.09024,11.62,31.01,69.42,4.96,0.432,4.46,54.4,2.81,1,6.537657,11.62
2026-09-23,G0082,25.6482,86.81011,10.5,30.82,70.51,4.02,0.427,9.95,51.19,7.68,1,9.030481,10.5
2026-09-23,G0091,25.68423,86.57001,14.11,31.49,77.46,4.61,0.376,12.34,54.46,16.85,1,11.061198,14.11
2026-09-23,G0090,25.6482,87.13012,3.85,31.79,73.27,4.25,0.326,6.12,52.35,2.66,1,5.2579274,3.85
2026-09-23,G0104,25.68423,87.09024,13.33,33.34,83.8,2.26,0.428,8.09,54.78,7.0,1,9.380406,13.33
2026-09-23,G0103,25.68423,87.05022,20.45,28.7,70.86,3.23,0.462,9.76,54.12,15.67,1,11.591018,20.45
2026-09-23,G0102,25.68423,87.0102,15.91,32.59,78.55,3.96,0.423,9.71,55.83,14.68,1,10.205587,15.91
2026-09-23,G0101,25.68423,86.97018,10.02,29.54,65.64,3.78,0.352,6.9,52.19,5.11,1,6.959987,10.02
2026-09-23,G0100,25.68423,86.93017,13.99,30.29,78.98,1.78,0.394,0.0,54.1,9.66,1,5.554322,13.99
2026-09-23,G0099,25.68423,86.89015,11.82,30.92,67.42,3.89,0.406,6.19,55.59,4.54,1,7.465453,11.82
2026-09-23,G0105,25.68423,87.13012,13.06,29.21,71.73,2.26,0.38,12.73,55.49,7.37,1,11.18709,13.06
2026-09-23,G0097,25.68423,86.81011,11.34,33.04,68.71,2.48,0.432,6.24,53.46,7.73,1,6.937208,11.34
2026-09-23,G0096,25.68423,86.7701,13.82,28.87,81.42,3.11,0.444,12.44,58.08,13.32,1,11.849572,13.82
2026-09-23,G0095,25.68423,86.73008,5.02,29.85,70.0,3.92,0.454,11.7,57.67,9.58,1,8.669181,5.02
2026-09-23,G0094,25.68423,86.69006,8.81,31.26,76.42,3.64,0.41,12.54,54.12,7.33,1,10.402687,8.81
2026-09-23,G0093,25.68423,86.65004,17.92,32.56,72.67,3.9,0.401,10.09,54.79,8.39,1,10.929415,17.92
2026-09-23,G0092,25.68423,86.61003,9.04,33.04,74.03,1.75,0.349,4.38,57.18,2.53,1,5.706299,9.04
2026-09-23,G0098,25.68423,86.85013,15.72,32.37,78.4,2.45,0.426,10.54,53.18,14.05,1,10.715125,15.72
2026-09-24,G0194,25.90045,87.09024,13.36,28.85,78.19,4.76,0.397,14.95,65.82,17.12,1,12.692915,13.36
2026-09-24,G0193,25.90045,87.05022,9.67,29.57,78.37,3.23,0.334,21.38,65.66,18.12,1,15.194839,9.67
2026-09-24,G0192,25.90045,87.0102,10.66,31.97,79.02,2.91,0.377,6.72,68.09,10.88,1,6.5061884,10.66
2026-09-24,G0191,25.90045,86.97018,17.62,28.87,78.79,3.5,0.408,3.15,64.14,7.47,1,7.7213645,17.62
2026-09-24,G0190,25.90045,86.93017,19.68,31.04,67.85,2.57,0.395,11.57,66.13,13.09,1,12.259891,19.68
2026-09-24,G0189,25.90045,86.89015,15.06,30.59,78.63,4.01,0.477,2.81,67.18,12.35,1,6.6795406,15.06
2026-09-24,G0185,25.90045,86.73008,8.85,33.41,73.94,2.42,0.469,5.34,61.16,6.4,1,6.8451357,8.85
2026-09-24,G0187,25.90045,86.81011,10.06,30.47,63.96,2.97,0.366,12.68,67.72,9.18,1,10.091684,10.06
2026-09-24,G0186,25.90045,86.7701,15.28,31.37,73.31,3.46,0.422,5.66,64.72,6.84,1,7.939427,15.28
2026-09-24,G0184,25.90045,86.69006,13.69,30.37,72.46,2.91,0.362,14.96,63.26,12.32,1,12.113574,13.69
2026-09-24,G0183,25.90045,86.65004,20.21,29.34,81.48,1.85,0.39,11.74,61.69,12.34,1,13.137832,20.21
2026-09-24,G0182,25.90045,86.61003,16.56,30.78,80.69,4.3,0.398,10.77,66.07,5.39,1,11.049144,16.56
2026-09-24,G0195,25.90045,87.13012,13.93,31.36,67.82,2.99,0.474,16.35,65.09,19.82,1,12.670747,13.93
2026-09-24,G0188,25.90045,86.85013,16.45,31.93,65.82,0.65,0.474,6.61,64.59,4.27,1,8.479702,16.45
2026-09-24,G0196,25.93649,86.57001,10.45,29.96,77.47,1.9,0.412,11.28,69.2,13.0,1,9.89867,10.45
2026-09-24,G0213,25.97252,86.65004,16.21,30.18,74.9,2.6,0.478,18.43,69.47,14.29,1,13.689247,16.21
2026-09-24,G0198,25.93649,86.65004,12.87,30.79,68.93,1.3,0.437,13.53,66.17,12.81,1,10.87183,12.87
2026-09-24,G0212,25.97252,86.61003,11.82,30.39,66.55,4.04,0.408,18.24,70.39,11.65,1,14.398726,11.82
2026-09-24,G0211,25.97252,86.57001,19.49,30.13,75.8,3.18,0.393,16.48,68.84,13.51,1,15.038257,19.49
2026-09-24,G0210,25.93649,87.13012,21.16,31.71,74.48,4.36,0.374,20.35,66.22,17.55,1,17.147358,21.16
2026-09-24,G0209,25.93649,87.09024,13.18,29.68,72.04,1.22,0.428,15.11,67.32,16.11,1,12.295758,13.18
2026-09-24,G0208,25.93649,87.05022,12.24,32.2,78.86,2.71,0.412,13.95,67.51,13.39,1,11.464144,12.24
2026-09-24,G0207,25.93649,87.0102,16.93,30.92,82.45,0.0,0.366,12.94,66.64,12.77,1,11.656253,16.93
2026-09-24,G0197,25.93649,86.61003,13.86,30.05,72.98,2.42,0.429,14.2,68.87,5.27,1,11.688898,13.86
2026-09-24,G0206,25.93649,86.97018,17.3,31.17,75.59,2.3,0.389,0.0,65.35,3.69,1,5.5506067,17.3
2026-09-24,G0204,25.93649,86.89015,17.35,31.25,67.32,3.33,0.381,15.04,67.03,17.69,1,13.589308,17.35
2026-09-24,G0203,25.93649,86.85013,8.55,29.62,70.49,3.55,0.44,12.33,64.09,12.4,1,9.920859,8.55
2026-09-24,G0202,25.93649,86.81011,11.19,31.68,72.97,3.76,0.444,13.11,69.35,13.16,1,10.953561,11.19
2026-09-24,G0201,25.93649,86.7701,3.22,32.15,72.89,2.54,0.433,13.77,71.53,10.07,1,8.997287,3.22
2026-09-24,G0200,25.93649,86.73008,17.25,31.88,73.6,3.4,0.41,11.86,66.21,7.99,1,11.276749,17.25
2026-09-24,G0199,25.93649,86.69006,10.59,30.74,67.95,2.23,0.439,11.96,65.43,11.09,1,9.922612,10.59
2026-09-24,G0205,25.93649,86.93017,11.26,31.22,75.56,3.5,0.423,13.02,67.08,13.05,1,11.246695,11.26
2026-09-24,G0181,25.90045,86.57001,13.22,29.15,78.38,2.85,0.4,17.31,66.16,10.39,1,13.570903,13.22
2026-09-24,G0146,25.79234,86.97018,13.03,32.02,81.31,2.21,0.451,5.14,60.56,5.67,1,6.990487,13.03
2026-09-24,G0179,25.86441,87.09024,13.34,30.48,75.02,6.24,0.45,11.42,62.6,10.75,1,11.149121,13.34
2026-09-24,G0159,25.82838,86.89015,20.21,29.77,86.79,2.26,0.395,8.42,63.54,13.11,1,11.427829,20.21
2026-09-24,G0158,25.82838,86.85013,9.97,29.28,75.46,4.67,0.402,11.34,61.92,11.39,1,9.777125,9.97
2026-09-24,G0157,25.82838,86.81011,11.51,30.83,75.68,1.55,0.475,13.7,65.96,11.43,1,11.474435,11.51
2026-09-24,G0156,25.82838,86.7701,13.67,31.62,67.0,4.38,0.384,9.22,62.3,12.3,1,9.148447,13.67
2026-09-24,G0155,25.82838,86.73008,6.46,32.11,76.96,3.8,0.429,12.07,60.26,6.73,1,9.371035,6.46
2026-09-24,G0154,25.82838,86.69006,9.53,31.18,79.5,4.99,0.418,8.72,63.42,7.3,1,8.070066,9.53
2026-09-24,G0160,25.82838,86.93017,17.12,30.35,83.75,3.02,0.448,6.76,63.85,8.67,1,9.603742,17.12
2026-09-24,G0153,25.82838,86.65004,9.32,32.2,74.64,1.22,0.354,13.37,65.4,9.71,1,10.446537,9.32
2026-09-24,G0151,25.82838,86.57001,16.82,31.34,82.43,4.28,0.4,15.13,61.52,17.84,1,14.0558195,16.82
2026-09-24,G0150,25.79234,87.13012,15.82,31.08,71.11,2.3,0.423,12.15,60.31,13.38,1,11.405524,15.82
2026-09-24,G0149,25.79234,87.09024,12.27,29.47,71.29,2.1,0.405,11.16,58.94,11.52,1,10.113218,12.27
2026-09-24,G0148,25.79234,87.05022,15.41,30.18,81.61,2.65,0.371,9.87,59.23,14.0,1,10.516701,15.41
2026-09-24,G0147,25.79234,87.0102,9.17,32.27,79.04,3.71,0.38,6.2,61.11,3.74,1,6.5933976,9.17
2026-09-24,G0214,25.97252,86.69006,15.27,30.56,76.16,2.21,0.449,11.74,67.81,5.79,1,11.305967,15.27
2026-09-24,G0152,25.82838,86.61003,11.89,32.1,76.45,2.22,0.412,11.24,64.31,8.64,1,10.238758,11.89
2026-09-24,G0161,25.82838,86.97018,9.59,29.04,76.66,3.21,0.43,0.76,59.79,4.22,1,3.7527442,9.59
2026-09-24,G0162,25.82838,87.0102,8.42,31.12,80.03,2.14,0.375,5.13,61.19,8.61,1,5.546637,8.42
2026-09-24,G0163,25.82838,87.05022,13.43,30.74,72.91,2.83,0.46,5.33,64.81,7.2,1,7.27687,13.43
2026-09-24,G0178,25.86441,87.05022,13.67,33.41,80.62,1.51,0.449,2.53,62.71,0.09,0,5.8617826,13.67
2026-09-24,G0177,25.86441,87.0102,8.02,28.89,75.56,3.69,0.371,11.32,64.23,8.77,1,9.406599,8.02
2026-09-24,G0176,25.86441,86.97018,4.89,28.7,78.79,3.41,0.369,11.57,64.98,6.0,1,8.537992,4.89
2026-09-24,G0175,25.86441,86.93017,18.82,32.55,68.73,2.69,0.404,7.84,61.71,5.61,1,9.358126,18.82
2026-09-24,G0174,25.86441,86.89015,7.74,29.61,66.77,4.98,0.403,5.46,67.42,0.41,0,5.9866223,7.74
2026-09-24,G0173,25.86441,86.85013,11.08,31.59,76.57,2.48,0.428,14.6,62.28,8.4,1,11.478748,11.08
2026-09-24,G0172,25.86441,86.81011,6.66,31.5,71.31,2.73,0.456,8.26,65.65,8.24,1,6.767098,6.66
2026-09-24,G0171,25.86441,86.7701,14.29,31.1,74.27,2.39,0.51,11.1,64.34,13.36,1,10.340457,14.29
2026-09-24,G0170,25.86441,86.73008,3.79,31.2,63.3,6.5,0.433,23.63,63.74,14.14,1,13.136717,3.79
2026-09-24,G0169,25.86441,86.69006,12.35,28.82,68.75,4.41,0.353,20.84,64.42,16.65,1,15.93878,12.35
2026-09-24,G0168,25.86441,86.65004,11.05,30.93,72.51,4.81,0.44,9.39,64.24,4.18,1,9.17755,11.05
2026-09-24,G0167,25.86441,86.61003,14.27,30.37,75.15,4.13,0.362,15.34,63.72,13.7,1,12.682536,14.27
2026-09-24,G0166,25.86441,86.57001,16.62,31.82,68.62,3.74,0.495,11.13,62.65,11.02,1,10.799209,16.62
2026-09-24,G0165,25.82838,87.13012,18.98,30.99,70.73,1.98,0.448,12.32,60.51,16.02,1,11.933512,18.98
2026-09-24,G0164,25.82838,87.09024,10.77,30.25,67.14,2.14,0.38,12.79,61.43,7.62,1,10.499032,10.77
2026-09-24,G0180,25.86441,87.13012,12.61,31.52,76.18,2.38,0.447,7.54,61.3,4.37,1,8.2561865,12.61
2026-09-24,G0215,25.97252,86.73008,12.34,28.95,61.76,3.19,0.408,16.03,68.18,14.83,1,13.175817,12.34
2026-09-24,G0250,26.04459,86.93017,13.62,30.39,78.52,3.26,0.475,11.85,72.17,12.67,1,9.931438,13.62
2026-09-24,G0217,25.97252,86.81011,9.52,29.53,64.95,6.11,0.416,7.94,66.57,6.34,1,6.5099077,9.52
2026-09-24,G0268,26.08063,87.05022,16.77,32.34,86.18,2.69,0.457,22.38,77.86,15.93,1,17.9639,16.77
2026-09-24,G0267,26.08063,87.0102,17.97,29.59,74.42,6.01,0.359,13.83,75.55,2.78,1,14.043635,17.97
2026-09-24,G0266,26.08063,86.97018,6.04,32.93,77.87,2.3,0.382,13.3,73.95,11.16,1,9.352649,6.04
2026-09-24,G0265,26.08063,86.93017,7.49,31.38,61.39,4.78,0.408,4.85,74.56,0.0,0,4.7579226,7.49
2026-09-24,G0264,26.08063,86.89015,10.75,32.21,80.58,4.91,0.385,16.08,72.86,11.95,1,12.690433,10.75
2026-09-24,G0263,26.08063,86.85013,16.04,29.82,70.78,3.88,0.466,12.47,74.38,12.84,1,11.9561405,16.04
2026-09-24,G0269,26.08063,87.09024,11.82,28.67,69.55,2.4,0.439,14.0,72.79,13.57,1,10.743285,11.82
2026-09-24,G0262,26.08063,86.81011,11.33,30.47,70.12,3.33,0.446,12.6,78.03,12.32,1,10.800448,11.33
2026-09-24,G0260,26.08063,86.73008,13.94,31.61,72.98,3.34,0.431,15.31,76.55,9.61,1,13.032468,13.94
2026-09-24,G0259,26.08063,86.69006,11.44,32.11,73.24,2.84,0.473,15.6,73.81,8.83,1,12.604006,11.44
2026-09-24,G0258,26.08063,86.65004,9.44,29.24,71.83,4.49,0.45,16.78,73.46,11.6,1,12.30102,9.44
2026-09-24,G0257,26.08063,86.61003,9.75,31.24,75.5,4.15,0.43,11.48,77.49,8.2,1,10.198363,9.75
2026-09-24,G0256,26.08063,86.57001,14.64,31.53,77.05,4.22,0.512,17.49,72.11,16.23,1,15.408332,14.64
2026-09-24,G0255,26.04459,87.13012,11.41,30.92,76.39,5.46,0.45,21.12,75.01,14.98,1,15.420395,11.41
2026-09-24,G0261,26.08063,86.7701,8.04,29.82,81.22,6.46,0.447,12.03,73.27,11.4,1,8.684622,8.04
2026-09-24,G0254,26.04459,87.09024,10.97,32.65,75.24,3.62,0.379,15.72,73.09,9.28,1,12.298963,10.97
2026-09-24,G0270,26.08063,87.13012,6.84,29.52,74.76,2.18,0.426,18.67,75.67,14.09,1,12.181367,6.84
2026-09-24,G0272,26.09932,86.61003,13.94,30.28,79.67,2.4,0.429,9.54,72.76,9.12,1,10.05463,13.94
2026-09-24,G0145,25.79234,86.93017,15.99,33.53,76.13,4.17,0.357,10.7,61.79,12.15,1,11.012122,15.99
2026-09-24,G0285,26.09932,87.13012,4.76,29.7,69.68,4.5,0.325,8.22,72.56,9.54,1,7.0134764,4.76
2026-09-24,G0284,26.09932,87.09024,11.84,28.49,72.77,2.99,0.465,19.33,76.37,17.99,1,14.923806,11.84
2026-09-24,G0283,26.09932,87.05022,20.43,30.42,79.58,3.9,0.458,11.17,74.89,17.41,1,12.304311,20.43
2026-09-24,G0282,26.09932,87.0102,19.94,31.1,77.14,4.28,0.451,11.4,76.15,13.02,1,12.240968,19.94
2026-09-24,G0281,26.09932,86.97018,10.99,28.19,71.87,4.23,0.473,21.12,73.13,19.3,1,16.213757,10.99
2026-09-24,G0271,26.09932,86.57001,13.99,31.62,75.31,2.24,0.491,16.0,75.64,10.71,1,13.825118,13.99
2026-09-24,G0280,26.09932,86.93017,16.6,30.18,87.56,1.28,0.47,15.29,71.53,11.93,1,14.210111,16.6
2026-09-24,G0278,26.09932,86.85013,15.98,30.92,71.58,3.37,0.477,6.53,76.79,9.78,1,9.583737,15.98
2026-09-24,G0277,26.09932,86.81011,6.32,30.35,77.68,2.4,0.426,16.11,73.44,12.01,1,12.116738,6.32
2026-09-24,G0276,26.09932,86.7701,13.13,29.6,77.2,3.83,0.444,20.43,73.42,17.39,1,15.701305,13.13
2026-09-24,G0275,26.09932,86.73008,9.79,31.17,76.65,3.52,0.49,19.65,73.02,13.47,1,13.86972,9.79
2026-09-24,G0274,26.09932,86.69006,7.51,30.99,72.92,3.52,0.451,14.41,77.03,10.35,1,10.939371,7.51
2026-09-24,G0273,26.09932,86.65004,21.04,30.4,65.74,5.36,0.467,15.93,74.13,13.93,1,14.790903,21.04
2026-09-24,G0279,26.09932,86.89015,19.12,30.65,77.48,4.58,0.366,12.81,73.04,17.4,1,12.477468,19.12
2026-09-24,G0216,25.97252,86.7701,6.15,31.8,75.43,6.22,0.488,12.21,67.91,7.55,1,9.765051,6.15
2026-09-24,G0253,26.04459,87.05022,9.04,31.81,74.97,3.38,0.415,10.24,68.76,2.76,1,9.425283,9.04
2026-09-24,G0251,26.04459,86.97018,16.3,30.28,71.69,3.42,0.405,13.55,70.73,6.33,1,12.095828,16.3
2026-09-24,G0231,26.00856,86.7701,10.93,32.01,78.01,5.44,0.413,17.79,68.78,16.58,1,14.475199,10.93
2026-09-24,G0230,26.00856,86.73008,12.78,28.78,71.31,4.54,0.472,19.76,70.45,16.23,1,15.408133,12.78
2026-09-24,G0229,26.00856,86.69006,9.59,30.56,66.94,3.25,0.419,15.92,68.07,12.89,1,11.902232,9.59
2026-09-24,G0228,26.00856,86.65004,18.77,30.72,73.86,3.06,0.414,10.64,74.47,8.69,1,11.05348,18.77
2026-09-24,G0227,26.00856,86.61003,14.25,32.89,69.51,3.9,0.39,14.9,69.9,12.37,1,12.998551,14.25
2026-09-24,G0226,26.00856,86.57001,10.95,33.39,71.83,5.45,0.43,16.21,67.26,17.5,1,12.933073,10.95
2026-09-24,G0232,26.00856,86.81011,10.24,32.54,68.88,3.45,0.421,15.09,69.7,7.48,1,11.394548,10.24
2026-09-24,G0225,25.97252,87.13012,16.15,31.67,72.16,5.22,0.407,18.1,65.26,14.2,1,14.898532,16.15
2026-09-24,G0223,25.97252,87.05022,10.21,29.32,73.66,3.43,0.397,9.89,65.79,12.2,1,8.943381,10.21
2026-09-24,G0222,25.97252,87.0102,8.55,33.13,70.76,2.89,0.403,8.67,67.81,10.5,1,6.572561,8.55
2026-09-24,G0221,25.97252,86.97018,10.38,29.56,65.43,3.2,0.403,7.43,68.97,6.54,1,6.665349,10.38
2026-09-24,G0220,25.97252,86.93017,9.85,32.03,72.98,3.25,0.383,8.75,67.55,4.76,1,7.834187,9.85
2026-09-24,G0219,25.97252,86.89015,13.25,31.99,74.67,2.04,0.399,17.03,74.08,9.71,1,13.382555,13.25
2026-09-24,G0218,25.97252,86.85013,8.87,32.78,84.66,3.46,0.451,9.93,70.22,9.8,1,9.845579,8.87
2026-09-24,G0224,25.97252,87.09024,15.36,31.31,72.47,3.07,0.397,8.03,65.95,6.59,1,8.9634905,15.36
2026-09-24,G0252,26.04459,87.0102,21.68,29.0,73.77,3.63,0.382,16.82,74.85,17.99,1,14.90865,21.68
2026-09-24,G0233,26.00856,86.85013,17.39,29.81,74.02,3.13,0.389,12.3,70.66,11.46,1,11.369799,17.39
2026-09-24,G0235,26.00856,86.93017,12.15,32.32,76.47,3.87,0.436,7.67,70.72,7.53,1,8.232249,12.15
2026-09-24,G0249,26.04459,86.89015,13.63,33.79,62.91,3.61,0.439,13.12,69.0,9.46,1,11.448204,13.63
2026-09-24,G0248,26.04459,86.85013,23.85,29.68,79.45,5.63,0.382,14.73,75.73,12.2,1,14.643175,23.85
2026-09-24,G0247,26.04459,86.81011,8.74,31.22,71.47,3.3,0.453,13.99,72.91,9.24,1,10.382931,8.74
2026-09-24,G0246,26.04459,86.7701,8.04,31.71,77.09,3.72,0.383,12.2,68.77,13.78,1,9.512452,8.04
2026-09-24,G0245,26.04459,86.73008,10.1,31.05,79.88,2.87,0.402,16.2,73.75,11.96,1,12.4086075,10.1
2026-09-24,G0244,26.04459,86.69006,20.81,30.22,78.37,3.11,0.484,19.62,70.5,14.74,1,16.97789,20.81
2026-09-24,G0234,26.00856,86.89015,10.25,28.39,74.63,4.25,0.443,7.62,72.45,7.46,1,7.796223,10.25
2026-09-24,G0243,26.04459,86.65004,17.49,31.17,70.2,3.72,0.502,15.35,72.79,10.22,1,12.33112,17.49
2026-09-24,G0241,26.04459,86.57001,16.64,31.0,67.87,4.08,0.437,13.88,72.11,8.99,1,12.199823,16.64
2026-09-24,G0240,26.00856,87.13012,18.4,29.85,72.9,3.41,0.5,19.15,67.13,16.45,1,15.577279,18.4
2026-09-24,G0239,26.00856,87.09024,15.25,30.74,77.4,4.0,0.419,16.51,71.28,16.15,1,14.195208,15.25
2026-09-24,G0238,26.00856,87.05022,0.76,32.85,74.36,3.43,0.417,14.16,72.68,5.09,1,8.50535,0.76
2026-09-24,G0237,26.00856,87.0102,16.86,33.28,73.11,3.45,0.424,8.58,69.79,5.87,1,9.798299,16.86
2026-09-24,G0236,26.00856,86.97018,9.98,28.14,65.95,0.41,0.342,10.56,69.34,7.84,1,7.374709,9.98
2026-09-24,G0242,26.04459,86.61003,7.01,28.46,83.7,3.47,0.456,12.19,76.15,10.07,1,9.425599,7.01
2026-09-24,G0144,25.79234,86.89015,8.83,32.53,80.08,2.19,0.41,3.56,57.91,3.12,1,6.056635,8.83
2026-09-24,G0143,25.79234,86.85013,22.07,30.81,65.89,5.0,0.383,4.77,61.12,5.05,1,9.189197,22.07
2026-09-24,G0142,25.79234,86.81011,15.01,29.77,76.94,3.21,0.438,4.46,58.79,4.59,1,7.545129,15.01
2026-09-24,G0051,25.57613,86.7701,15.5,32.73,71.0,2.95,0.378,21.53,50.19,16.53,1,16.186735,15.5
2026-09-24,G0050,25.57613,86.73008,17.04,32.02,72.97,2.05,0.4,18.9,53.8,11.81,1,15.438864,17.04
2026-09-24,G0049,25.57613,86.69006,15.07,33.62,73.3,3.65,0.401,6.43,48.89,6.95,1,7.932542,15.07
2026-09-24,G0048,25.57613,86.65004,12.43,29.77,74.74,3.48,0.395,16.47,48.73,12.14,1,13.479012,12.43
2026-09-24,G0047,25.57613,86.61003,19.58,31.8,78.03,0.96,0.454,13.62,47.33,18.61,1,13.786439,19.58
2026-09-24,G0046,25.57613,86.57001,12.88,32.48,73.19,4.01,0.475,22.42,51.34,15.08,1,16.146267,12.88
2026-09-24,G0052,25.57613,86.81011,13.65,31.26,68.48,1.67,0.362,8.28,47.68,10.57,1,8.154015,13.65
2026-09-24,G0045,25.54009,87.13012,12.01,31.97,77.58,5.39,0.465,12.91,46.32,13.35,1,11.574312,12.01
2026-09-24,G0043,25.54009,87.05022,13.65,33.27,74.05,3.07,0.468,18.64,50.38,18.2,1,14.608313,13.65
2026-09-24,G0042,25.54009,87.0102,7.12,29.95,71.91,3.12,0.414,13.98,50.55,9.94,1,10.629521,7.12
2026-09-24,G0041,25.54009,86.97018,7.28,33.48,78.2,4.91,0.364,14.57,48.31,9.71,1,11.912914,7.28
2026-09-24,G0040,25.54009,86.93017,7.47,31.1,76.1,1.76,0.457,17.1,46.67,8.92,1,12.054013,7.47
2026-09-24,G0039,25.54009,86.89015,11.57,32.91,77.18,2.67,0.412,10.59,51.22,8.94,1,9.867012,11.57
2026-09-24,G0038,25.54009,86.85013,11.61,30.32,70.09,2.58,0.444,5.79,49.37,10.53,1,7.8327665,11.61
2026-09-24,G0044,25.54009,87.09024,10.25,31.68,72.65,2.54,0.463,13.51,48.69,4.49,1,10.754938,10.25
2026-09-24,G0037,25.54009,86.81011,14.71,32.68,71.37,5.36,0.446,16.13,47.03,17.28,1,13.682729,14.71
2026-09-24,G0053,25.57613,86.85013,19.08,31.5,77.19,5.16,0.466,10.59,47.21,9.33,1,12.640765,19.08
2026-09-24,G0055,25.57613,86.93017,12.59,30.29,80.62,3.7,0.437,13.25,54.01,8.65,1,11.683707,12.59
2026-09-24,G0069,25.61216,86.89015,10.89,30.16,74.72,5.57,0.387,8.7,53.25,2.59,1,7.362702,10.89
2026-09-24,G0068,25.61216,86.85013,16.51,30.96,71.16,2.21,0.443,3.94,54.02,8.57,1,7.4515057,16.51
2026-09-24,G0067,25.61216,86.81011,16.63,33.72,76.75,3.42,0.431,12.85,51.12,10.62,1,11.748408,16.63
2026-09-24,G0066,25.61216,86.7701,13.22,31.54,72.18,3.66,0.446,16.74,52.82,10.95,1,12.958595,13.22
2026-09-24,G0065,25.61216,86.73008,10.89,33.27,80.78,3.62,0.476,11.22,54.15,8.36,1,9.948177,10.89
2026-09-24,G0064,25.61216,86.69006,13.26,33.77,81.22,3.89,0.405,14.64,52.69,14.97,1,11.8687105,13.26
2026-09-24,G0054,25.57613,86.89015,11.19,31.57,72.79,4.03,0.358,17.87,49.87,11.84,1,13.663891,11.19
2026-09-24,G0063,25.61216,86.65004,11.02,32.98,71.24,2.02,0.456,15.33,51.57,15.21,1,11.307937,11.02
2026-09-24,G0061,25.61216,86.57001,8.11,32.97,79.62,5.16,0.458,17.89,51.11,13.45,1,13.829279,8.11
2026-09-24,G0060,25.57613,87.13012,13.62,31.67,75.44,2.3,0.387,12.25,53.66,9.17,1,10.751237,13.62
2026-09-24,G0059,25.57613,87.09024,7.53,30.76,69.55,4.5,0.443,19.04,50.58,12.53,1,12.73215,7.53
2026-09-24,G0058,25.57613,87.05022,14.73,31.59,71.01,3.09,0.468,11.22,51.93,12.61,1,11.146218,14.73
2026-09-24,G0057,25.57613,87.0102,20.34,30.66,70.74,1.91,0.526,9.79,52.31,16.9,1,10.970193,20.34
2026-09-24,G0056,25.57613,86.97018,13.3,31.27,75.87,3.89,0.363,6.66,51.54,8.19,1,7.4567313,13.3
2026-09-24,G0062,25.61216,86.61003,13.3,30.28,69.51,4.37,0.461,8.09,52.11,6.55,1,8.709729,13.3
2026-09-24,G0070,25.61216,86.93017,9.81,30.53,68.03,3.89,0.36,10.55,53.67,8.75,1,9.184207,9.81
2026-09-24,G0036,25.54009,86.7701,12.87,30.46,72.36,2.79,0.385,18.47,49.12,14.0,1,14.506316,12.87
2026-09-24,G0034,25.54009,86.69006,10.84,30.72,74.83,4.88,0.389,15.77,50.17,18.34,1,12.517988,10.84
2026-09-24,G0015,25.46802,87.13012,10.72,32.67,73.18,3.17,0.441,15.09,45.97,9.17,1,11.865952,10.72
2026-09-24,G0014,25.46802,87.09024,11.61,32.02,67.75,2.05,0.474,16.73,43.63,8.08,1,12.20897,11.61
2026-09-24,G0013,25.46802,87.05022,6.68,31.91,64.08,4.1,0.412,19.85,47.27,14.97,1,12.7071,6.68
2026-09-24,G0012,25.46802,87.0102,7.82,32.69,69.85,5.31,0.477,13.86,46.57,12.19,1,10.284476,7.82
2026-09-24,G0011,25.46802,86.97018,5.22,33.14,74.03,3.08,0.368,13.12,47.55,9.92,1,8.792264,5.22
2026-09-24,G0010,25.46802,86.93017,10.22,29.98,70.71,2.72,0.375,13.7,43.31,13.77,1,9.963842,10.22
2026-09-24,G0016,25.50405,86.57001,8.18,32.56,75.26,2.34,0.454,15.77,49.93,11.3,1,12.033982,8.18
2026-09-24,G0009,25.46802,86.89015,11.94,30.36,75.04,4.71,0.399,21.3,41.93,17.39,1,15.566557,11.94
2026-09-24,G0007,25.46802,86.81011,16.94,32.56,77.26,3.72,0.472,13.53,43.94,13.04,1,13.387042,16.94
2026-09-24,G0006,25.46802,86.7701,12.13,31.41,76.93,2.04,0.445,20.43,44.8,16.82,1,16.14306,12.13
2026-09-24,G0005,25.46802,86.73008,9.17,32.82,77.36,4.13,0.454,18.06,43.63,5.49,1,13.311032,9.17
2026-09-24,G0004,25.46802,86.69006,18.3,30.84,67.56,3.63,0.45,23.44,40.74,16.91,1,17.073801,18.3
2026-09-24,G0003,25.46802,86.65004,11.28,30.14,64.78,4.39,0.447,17.56,43.97,12.37,1,13.06229,11.28
2026-09-24,G0002,25.46802,86.61003,6.42,32.37,73.55,1.88,0.388,11.38,41.86,9.19,1,9.043586,6.42
2026-09-24,G0008,25.46802,86.85013,11.27,30.45,73.26,4.13,0.43,11.73,47.56,10.05,1,9.92564,11.27
2026-09-24,G0035,25.54009,86.73008,17.62,30.44,68.49,5.57,0.445,24.11,50.19,17.83,1,20.604256,17.62
2026-09-24,G0017,25.50405,86.61003,11.87,31.17,74.47,2.13,0.429,10.44,47.26,8.69,1,10.462562,11.87
2026-09-24,G0019,25.50405,86.69006,9.98,32.32,65.39,1.93,0.439,20.34,49.55,12.81,1,14.073597,9.98
2026-09-24,G0033,25.54009,86.65004,16.92,30.73,79.74,3.5,0.401,20.32,49.48,19.19,1,16.334534,16.92
2026-09-24,G0032,25.54009,86.61003,12.82,31.31,69.36,4.83,0.419,14.27,49.94,10.49,1,11.783919,12.82
2026-09-24,G0031,25.54009,86.57001,13.37,29.47,79.55,3.11,0.43,21.17,51.24,18.43,1,17.946877,13.37
2026-09-24,G0030,25.50405,87.13012,19.82,31.31,73.16,3.46,0.424,16.07,45.13,14.68,1,14.608154,19.82
2026-09-24,G0029,25.50405,87.09024,10.93,33.6,71.38,4.54,0.469,16.42,44.49,9.6,1,12.256045,10.93
2026-09-24,G0028,25.50405,87.05022,12.33,29.65,76.34,4.36,0.392,12.24,45.84,3.45,1,10.981517,12.33
2026-09-24,G0018,25.50405,86.65004,10.03,33.98,60.57,3.43,0.501,19.36,48.53,14.64,1,12.109372,10.03
2026-09-24,G0027,25.50405,87.0102,9.3,32.47,70.3,2.37,0.354,7.42,46.68,3.6,1,6.47087,9.3
2026-09-24,G0025,25.50405,86.93017,16.16,32.86,75.61,3.99,0.48,12.45,46.31,13.42,1,12.17933,16.16
2026-09-24,G0024,25.50405,86.89015,13.38,32.68,74.66,3.04,0.353,6.82,48.28,4.48,1,7.093881,13.38
2026-09-24,G0023,25.50405,86.85013,7.83,31.52,70.92,3.14,0.336,10.05,46.49,4.5,1,8.028711,7.83
2026-09-24,G0022,25.50405,86.81011,12.05,31.13,80.33,2.92,0.403,9.1,46.08,11.77,1,9.196032,12.05
2026-09-24,G0021,25.50405,86.7701,13.87,30.99,79.39,4.2,0.424,12.37,51.96,8.01,1,11.158354,13.87
2026-09-24,G0020,25.50405,86.73008,1.94,30.65,78.51,2.9,0.413,16.67,42.94,13.21,1,11.05901,1.94
2026-09-24,G0026,25.50405,86.97018,9.71,31.43,70.57,4.46,0.382,16.42,46.02,13.94,1,12.218143,9.71
2026-09-24,G0071,25.61216,86.97018,16.77,32.16,71.66,5.11,0.413,6.28,50.52,7.64,1,7.8292317,16.77
2026-09-24,G0001,25.46802,86.57001,11.61,31.63,72.56,2.9,0.468,17.43,47.49,13.4,1,14.069304,11.61
2026-09-24,G0073,25.61216,87.05022,15.4,32.38,63.16,2.31,0.373,10.57,50.29,3.95,1,10.36192,15.4
2026-09-24,G0123,25.75631,86.65004,9.29,30.93,78.08,4.03,0.408,14.08,55.17,7.51,1,11.221684,9.29
2026-09-24,G0122,25.75631,86.61003,19.99,29.48,67.26,4.47,0.509,7.45,58.98,14.68,1,10.591733,19.99
2026-09-24,G0121,25.75631,86.57001,7.91,32.04,82.3,3.38,0.382,10.56,59.03,9.74,1,8.937943,7.91
2026-09-24,G0120,25.72027,87.13012,13.71,32.03,76.86,3.35,0.398,11.81,55.97,13.13,1,10.1895895,13.71
2026-09-24,G0119,25.72027,87.09024,11.45,31.67,71.82,3.85,0.453,4.64,58.76,3.43,1,6.096794,11.45
2026-09-24,G0118,25.72027,87.05022,15.8,29.75,83.94,4.01,0.506,14.21,54.11,10.86,1,12.640371,15.8
2026-09-24,G0072,25.61216,87.0102,14.33,32.17,76.33,3.96,0.361,11.36,48.99,8.71,1,10.420063,14.33
2026-09-24,G0117,25.72027,87.0102,8.4,30.53,68.47,5.1,0.464,6.73,57.0,8.16,1,6.55647,8.4
2026-09-24,G0115,25.72027,86.93017,18.74,29.95,71.27,3.57,0.453,5.5,58.56,5.45,1,8.355583,18.74
2026-09-24,G0114,25.72027,86.89015,13.08,31.67,75.7,1.22,0.364,6.56,55.98,7.11,1,7.6172075,13.08
2026-09-24,G0113,25.72027,86.85013,13.63,32.94,72.97,2.65,0.452,6.46,56.91,5.2,1,7.457154,13.63
2026-09-24,G0112,25.72027,86.81011,12.22,30.36,70.51,2.68,0.426,9.54,57.44,13.46,1,9.343374,12.22
2026-09-24,G0111,25.72027,86.7701,15.34,31.53,75.94,3.2,0.454,10.54,57.01,11.18,1,10.718317,15.34
2026-09-24,G0110,25.72027,86.73008,16.66,29.78,75.9,2.96,0.427,9.87,56.58,13.12,1,10.889931,16.66
2026-09-24,G0116,25.72027,86.97018,14.55,31.93,75.9,4.59,0.413,2.44,55.69,2.68,1,6.156898,14.55
2026-09-24,G0109,25.72027,86.69006,17.44,30.9,83.51,1.97,0.453,14.26,57.08,8.33,1,13.409659,17.44
2026-09-24,G0125,25.75631,86.73008,20.43,29.2,71.15,5.24,0.434,7.94,59.2,8.8,1,10.4127,20.43
2026-09-24,G0127,25.75631,86.81011,12.38,33.13,79.45,3.53,0.443,5.74,57.98,6.36,1,7.718176,12.38
2026-09-24,G0141,25.79234,86.7701,13.97,31.55,70.05,5.82,0.455,5.17,61.18,11.13,1,6.247765,13.97
2026-09-24,G0140,25.79234,86.73008,11.98,28.86,72.95,2.18,0.427,13.74,63.17,14.52,1,11.663544,11.98
2026-09-24,G0139,25.79234,86.69006,19.0,32.44,72.51,3.21,0.348,16.29,62.56,17.09,1,15.09443,19.0
2026-09-24,G0138,25.79234,86.65004,15.82,30.94,72.49,3.24,0.466,21.48,58.78,19.02,1,16.265205,15.82
2026-09-24,G0137,25.79234,86.61003,11.2,29.85,80.19,5.4,0.412,16.81,60.32,12.7,1,13.8403635,11.2
2026-09-24,G0136,25.79234,86.57001,13.63,31.57,66.72,4.07,0.462,18.61,61.1,9.53,1,14.166124,13.63
2026-09-24,G0126,25.75631,86.7701,11.08,32.57,71.92,4.77,0.414,8.08,60.67,2.74,1,7.940285,11.08
2026-09-24,G0135,25.75631,87.13012,13.44,32.25,77.23,2.56,0.403,18.44,60.87,15.4,1,14.829136,13.44
2026-09-24,G0133,25.75631,87.05022,7.95,30.97,68.07,2.96,0.451,5.31,59.55,5.17,1,6.1178207,7.95
2026-09-24,G0132,25.75631,87.0102,9.01,30.66,70.86,2.83,0.411,11.39,56.32,4.94,1,9.578721,9.01
2026-09-24,G0131,25.75631,86.97018,11.53,30.89,75.15,3.02,0.403,5.87,59.39,9.23,1,7.5013075,11.53
2026-09-24,G0130,25.75631,86.93017,13.11,31.32,64.77,3.56,0.401,13.56,59.49,11.43,1,10.856604,13.11
2026-09-24,G0129,25.75631,86.89015,14.71,30.54,65.6,3.81,0.387,5.97,59.15,10.51,1,8.16504,14.71
2026-09-24,G0128,25.75631,86.85013,16.51,30.87,71.53,4.1,0.44,10.23,60.62,14.23,1,10.482054,16.51
2026-09-24,G0134,25.75631,87.09024,12.15,31.93,71.14,3.16,0.394,15.42,59.88,13.81,1,12.15454,12.15
2026-09-24,G0108,25.72027,86.65004,17.53,30.76,71.69,2.95,0.479,13.16,58.75,9.32,1,12.469753,17.53
2026-09-24,G0124,25.75631,86.69006,11.77,32.52,82.24,5.52,0.466,9.47,58.58,5.76,1,8.954721,11.77
2026-09-24,G0106,25.72027,86.57001,7.15,33.04,74.11,5.32,0.387,12.82,54.56,13.62,1,8.633859,7.15
2026-09-24,G0087,25.6482,87.0102,13.64,29.69,65.82,3.0,0.42,13.3,54.15,14.44,1,11.765702,13.64
2026-09-24,G0086,25.6482,86.97018,16.42,30.31,77.38,5.43,0.399,8.54,54.82,15.45,1,9.506604,16.42
2026-09-24,G0085,25.6482,86.93017,13.97,31.93,76.37,3.11,0.486,5.93,56.25,4.85,1,8.029461,13.97
2026-09-24,G0084,25.6482,86.89015,6.66,31.81,64.9,3.07,0.51,4.36,54.69,6.5,1,5.630967,6.66
2026-09-24,G0083,25.6482,86.85013,9.87,32.75,77.87,4.21,0.375,14.01,53.61,8.77,1,11.286829,9.87
2026-09-24,G0081,25.6482,86.7701,9.93,30.63,68.76,3.58,0.49,9.17,57.06,5.46,1,8.339581,9.93
2026-09-24,G0088,25.6482,87.05022,14.57,30.86,66.15,4.04,0.428,6.45,55.36,7.57,1,8.438861,14.57
2026-09-24,G0080,25.6482,86.73008,7.96,33.11,70.07,2.69,0.475,14.9,52.69,11.77,1,10.687174,7.96
2026-09-24,G0078,25.6482,86.65004,11.48,31.19,72.43,3.64,0.383,14.06,54.53,10.35,1,11.408744,11.48
2026-09-24,G0077,25.6482,86.61003,19.75,30.26,60.74,4.79,0.462,20.58,54.47,15.12,1,16.94311,19.75
2026-09-24,G0076,25.6482,86.57001,9.06,33.19,69.09,3.5,0.368,16.96,53.48,10.55,1,12.063121,9.06
2026-09-24,G0075,25.61216,87.13012,7.3,32.5,76.41,2.64,0.385,7.92,52.48,4.38,1,6.2113776,7.3
2026-09-24,G0074,25.61216,87.09024,8.32,31.62,64.38,2.44,0.483,18.97,50.88,11.24,1,12.94029,8.32
2026-09-24,G0107,25.72027,86.61003,8.13,32.0,76.78,3.99,0.453,14.28,57.92,6.67,1,10.528348,8.13
2026-09-24,G0079,25.6482,86.69006,10.45,31.27,78.37,4.55,0.437,9.79,52.15,6.8,1,8.772947,10.45
2026-09-24,G0089,25.6482,87.09024,8.58,31.22,76.95,3.98,0.397,15.08,55.51,12.39,1,11.713055,8.58
2026-09-24,G0082,25.6482,86.81011,11.2,33.47,84.24,3.19,0.442,9.45,57.45,13.48,1,8.818727,11.2
2026-09-24,G0091,25.68423,86.57001,17.66,31.45,77.32,3.72,0.443,7.81,53.42,6.67,1,10.016365,17.66
2026-09-24,G0090,25.6482,87.13012,15.11,30.53,71.41,5.82,0.472,11.02,56.83,9.9,1,9.797808,15.11
2026-09-24,G0104,25.68423,87.09024,8.25,33.19,74.97,1.91,0.444,9.63,57.46,4.82,1,8.045094,8.25
2026-09-24,G0103,25.68423,87.05022,15.41,32.02,77.08,3.21,0.403,11.32,59.28,15.03,1,10.395086,15.41
2026-09-24,G0102,25.68423,87.0102,15.56,32.5,73.44,2.11,0.428,15.95,50.63,11.54,1,13.637544,15.56
2026-09-24,G0101,25.68423,86.97018,11.77,32.92,75.66,4.45,0.429,11.23,55.51,9.24,1,10.194465,11.77
2026-09-24,G0100,25.68423,86.93017,6.01,32.48,76.78,1.11,0.445,12.41,56.65,8.68,1,9.3281975,6.01
2026-09-24,G0099,25.68423,86.89015,16.78,31.95,77.63,5.5,0.417,10.2,55.27,6.43,1,9.722891,16.78
2026-09-24,G0105,25.68423,87.13012,11.07,32.76,68.11,2.84,0.405,13.99,56.45,11.45,1,11.003157,11.07
2026-09-24,G0097,25.68423,86.81011,19.29,34.73,73.89,2.72,0.386,11.17,55.43,12.18,1,11.850658,19.29
2026-09-24,G0096,25.68423,86.7701,9.9,30.44,74.35,1.99,0.433,19.83,59.84,19.1,1,13.916288,9.9
2026-09-24,G0095,25.68423,86.73008,13.11,31.14,73.79,3.41,0.429,9.71,54.97,11.25,1,9.592987,13.11
2026-09-24,G0094,25.68423,86.69006,12.29,31.23,79.11,4.03,0.462,16.76,57.34,15.2,1,13.824625,12.29
2026-09-24,G0093,25.68423,86.65004,9.57,30.5,75.52,2.65,0.396,8.22,52.23,9.47,1,7.804104,9.57
2026-09-24,G0092,25.68423,86.61003,14.75,31.68,70.17,4.11,0.421,8.43,58.95,10.89,1,9.490307,14.75
2026-09-24,G0098,25.68423,86.85013,13.47,32.09,70.05,3.81,0.454,1.67,57.09,7.55,1,5.2022576,13.47
2026-09-25,G0194,25.90045,87.09024,12.7,32.71,76.78,3.77,0.391,15.25,67.43,10.89,1,12.696322,12.7
2026-09-25,G0193,25.90045,87.05022,10.79,29.91,71.05,3.44,0.495,17.25,64.62,10.14,1,12.70344,10.79
2026-09-25,G0192,25.90045,87.0102,15.71,30.06,66.12,4.15,0.462,15.63,67.11,15.97,1,14.3322,15.71
2026-09-25,G0191,25.90045,86.97018,13.42,31.87,77.19,2.85,0.373,13.15,67.07,11.43,1,11.456101,13.42
2026-09-25,G0190,25.90045,86.93017,14.79,30.56,71.14,3.33,0.406,9.84,65.6,4.38,1,9.876734,14.79
2026-09-25,G0189,25.90045,86.89015,10.92,30.64,75.81,5.95,0.423,6.15,64.98,7.15,1,7.242814,10.92
2026-09-25,G0185,25.90045,86.73008,11.04,33.84,74.27,4.0,0.439,12.91,63.95,16.31,1,11.508817,11.04
2026-09-25,G0187,25.90045,86.81011,11.35,30.01,73.67,3.54,0.452,15.85,62.17,11.46,1,12.117956,11.35
2026-09-25,G0186,25.90045,86.7701,14.97,29.26,71.61,3.75,0.403,15.4,71.3,13.14,1,13.1047945,14.97
2026-09-25,G0184,25.90045,86.69006,8.73,31.57,74.47,2.09,0.497,10.76,66.8,10.44,1,9.335971,8.73
2026-09-25,G0183,25.90045,86.65004,10.22,30.27,72.41,3.1,0.393,15.04,64.98,11.4,1,11.234664,10.22
2026-09-25,G0182,25.90045,86.61003,7.91,30.53,83.78,3.72,0.383,12.38,65.76,11.85,1,9.606635,7.91
2026-09-25,G0195,25.90045,87.13012,9.67,30.26,76.49,4.24,0.477,9.44,65.15,3.91,1,8.3429165,9.67
2026-09-25,G0188,25.90045,86.85013,16.15,30.15,72.44,4.4,0.38,8.6,69.51,12.8,1,9.468863,16.15
2026-09-25,G0196,25.93649,86.57001,4.13,31.43,72.98,4.78,0.418,17.47,67.55,8.29,1,11.822961,4.13
2026-09-25,G0213,25.97252,86.65004,9.67,29.65,78.27,0.49,0.398,13.13,70.83,5.98,1,11.019956,9.67
2026-09-25,G0198,25.93649,86.65004,11.96,30.65,76.56,5.34,0.414,17.11,65.91,21.65,1,14.174993,11.96
2026-09-25,G0212,25.97252,86.61003,13.37,31.28,69.58,1.27,0.463,20.9,73.12,12.27,1,15.364208,13.37
2026-09-25,G0211,25.97252,86.57001,14.56,30.78,70.57,2.41,0.455,13.51,67.46,11.92,1,12.34259,14.56
2026-09-25,G0210,25.93649,87.13012,7.65,29.55,68.0,2.91,0.405,17.09,70.12,12.47,1,11.161425,7.65
2026-09-25,G0209,25.93649,87.09024,15.04,30.95,72.94,4.48,0.456,8.92,69.58,16.65,1,9.7181425,15.04
2026-09-25,G0208,25.93649,87.05022,15.69,33.34,79.82,3.96,0.476,15.28,66.64,15.3,1,12.085082,15.69
2026-09-25,G0207,25.93649,87.0102,16.36,29.98,71.05,4.33,0.345,9.58,65.2,11.71,1,9.835131,16.36
2026-09-25,G0197,25.93649,86.61003,13.75,32.49,79.03,5.31,0.435,13.72,68.17,10.14,1,12.109426,13.75
2026-09-25,G0206,25.93649,86.97018,16.33,30.94,71.94,3.4,0.468,8.51,66.34,8.21,1,10.248161,16.33
2026-09-25,G0204,25.93649,86.89015,8.88,30.01,72.54,4.23,0.444,2.26,66.63,3.3,1,4.512651,8.88
2026-09-25,G0203,25.93649,86.85013,13.13,29.91,72.34,2.36,0.381,16.92,70.3,19.36,1,13.341365,13.13
2026-09-25,G0202,25.93649,86.81011,20.37,30.79,81.91,2.68,0.338,12.65,65.53,16.41,1,12.422498,20.37
2026-09-25,G0201,25.93649,86.7701,9.29,32.83,68.42,3.16,0.452,18.65,66.54,11.93,1,14.065248,9.29
2026-09-25,G0200,25.93649,86.73008,13.07,29.21,70.78,4.63,0.483,16.03,65.43,13.42,1,13.185251,13.07
2026-09-25,G0199,25.93649,86.69006,9.84,30.91,76.9,3.73,0.429,12.2,69.45,12.84,1,10.598192,9.84
2026-09-25,G0205,25.93649,86.93017,6.36,30.93,75.47,5.23,0.419,4.85,71.68,1.41,1,6.0131397,6.36
2026-09-25,G0181,25.90045,86.57001,7.91,30.33,78.76,2.61,0.527,15.14,68.52,13.82,1,10.27495,7.91
2026-09-25,G0146,25.79234,86.97018,4.09,31.03,76.22,1.8,0.497,14.16,57.9,6.42,1,9.394689,4.09
2026-09-25,G0179,25.86441,87.09024,9.13,31.63,76.32,2.38,0.389,12.5,65.15,8.31,1,10.571557,9.13
2026-09-25,G0159,25.82838,86.89015,14.73,31.06,73.67,3.01,0.443,14.95,62.79,11.67,1,12.801231,14.73
2026-09-25,G0158,25.82838,86.85013,15.76,30.79,87.25,3.26,0.478,10.25,63.53,7.02,1,10.549958,15.76
2026-09-25,G0157,25.82838,86.81011,13.69,29.86,76.52,3.42,0.489,9.29,63.01,7.92,1,9.350972,13.69
2026-09-25,G0156,25.82838,86.7701,9.27,32.85,73.77,2.34,0.396,11.05,60.25,7.79,1,9.051614,9.27
2026-09-25,G0155,25.82838,86.73008,18.93,30.2,72.59,3.16,0.406,16.69,64.24,11.79,1,14.749667,18.93
2026-09-25,G0154,25.82838,86.69006,12.66,31.37,68.41,3.63,0.433,2.61,64.31,2.95,1,4.6236157,12.66
2026-09-25,G0160,25.82838,86.93017,14.97,31.45,65.24,1.82,0.377,12.69,65.38,11.09,1,11.725028,14.97
2026-09-25,G0153,25.82838,86.65004,10.72,31.15,69.7,4.63,0.462,16.85,60.92,13.57,1,12.695669,10.72
2026-09-25,G0151,25.82838,86.57001,14.61,31.12,78.66,2.39,0.446,6.33,63.84,7.7,1,8.755441,14.61
2026-09-25,G0150,25.79234,87.13012,6.42,31.17,84.91,0.93,0.475,12.43,61.63,6.82,1,10.087916,6.42
2026-09-25,G0149,25.79234,87.09024,22.61,29.73,71.31,1.88,0.446,12.58,62.17,14.21,1,12.867603,22.61
2026-09-25,G0148,25.79234,87.05022,15.24,30.97,77.88,4.85,0.439,0.68,62.67,2.5,1,5.1218133,15.24
2026-09-25,G0147,25.79234,87.0102,4.97,31.19,71.95,1.62,0.438,11.97,65.33,5.99,1,8.982721,4.97
2026-09-25,G0285,26.09932,87.13012,7.12,31.73,70.95,4.86,0.455,18.66,73.7,17.07,1,11.5668125,7.12
2026-09-25,G0152,25.82838,86.61003,12.4,30.6,63.63,3.75,0.422,9.62,61.62,11.39,1,9.178142,12.4
2026-09-25,G0161,25.82838,86.97018,11.87,33.49,70.54,5.14,0.433,10.05,62.95,7.24,1,9.318986,11.87
2026-09-25,G0162,25.82838,87.0102,13.1,30.06,78.09,4.59,0.393,10.4,63.17,8.34,1,9.796264,13.1
2026-09-25,G0163,25.82838,87.05022,7.79,32.36,74.97,2.8,0.449,10.93,58.14,10.77,1,8.846754,7.79
2026-09-25,G0178,25.86441,87.05022,17.78,30.14,74.02,2.7,0.535,4.77,63.93,6.66,1,7.310856,17.78
2026-09-25,G0177,25.86441,87.0102,16.58,34.0,74.93,2.15,0.413,11.07,60.36,5.37,1,11.212538,16.58
2026-09-25,G0176,25.86441,86.97018,14.27,29.45,77.47,3.51,0.405,13.81,62.5,11.06,1,12.068414,14.27
2026-09-25,G0175,25.86441,86.93017,14.14,28.91,74.85,2.74,0.385,9.17,63.08,8.71,1,9.372793,14.14
2026-09-25,G0174,25.86441,86.89015,16.52,32.31,71.42,5.94,0.407,9.33,64.44,11.79,1,10.082557,16.52
2026-09-25,G0173,25.86441,86.85013,13.83,30.96,65.5,4.88,0.448,4.17,65.17,10.8,1,7.269132,13.83
2026-09-25,G0172,25.86441,86.81011,9.89,32.54,68.13,5.16,0.39,8.78,63.5,5.67,1,7.66754,9.89
2026-09-25,G0171,25.86441,86.7701,10.56,28.79,69.86,4.83,0.418,6.88,64.73,5.75,1,7.5373135,10.56
2026-09-25,G0170,25.86441,86.73008,14.71,30.82,76.4,2.74,0.423,16.53,63.31,15.94,1,14.210103,14.71
2026-09-25,G0169,25.86441,86.69006,13.35,30.93,76.33,2.99,0.466,7.56,62.04,10.5,1,8.315957,13.35
2026-09-25,G0168,25.86441,86.65004,12.55,32.38,78.89,2.49,0.438,21.64,62.46,14.29,1,16.744757,12.55
2026-09-25,G0167,25.86441,86.61003,10.81,28.0,68.54,5.99,0.403,14.25,63.22,11.61,1,10.557341,10.81
2026-09-25,G0166,25.86441,86.57001,14.73,29.45,82.94,5.73,0.365,14.26,64.54,11.43,1,12.980478,14.73
2026-09-25,G0165,25.82838,87.13012,8.93,30.63,70.76,3.64,0.436,13.93,60.02,15.5,1,10.284471,8.93
2026-09-25,G0164,25.82838,87.09024,10.13,31.88,77.67,5.16,0.387,13.18,66.08,11.43,1,10.880005,10.13
2026-09-25,G0180,25.86441,87.13012,8.12,29.3,68.09,5.31,0.453,16.77,65.57,10.21,1,11.76249,8.12
2026-09-25,G0214,25.97252,86.69006,15.71,33.58,77.82,1.93,0.424,20.1,68.4,14.62,1,16.56448,15.71
2026-09-25,G0249,26.04459,86.89015,13.54,30.4,77.96,5.18,0.37,7.52,70.58,6.56,1,7.903806,13.54
2026-09-25,G0216,25.97252,86.7701,18.75,32.1,75.65,8.33,0.381,4.93,70.16,8.69,1,9.055154,18.75
2026-09-25,G0267,26.08063,87.0102,11.99,29.59,73.8,2.18,0.39,8.57,77.5,7.65,1,9.108929,11.99
2026-09-25,G0266,26.08063,86.97018,14.91,32.47,75.1,4.03,0.427,13.28,77.44,16.06,1,12.25225,14.91
2026-09-25,G0265,26.08063,86.93017,13.16,30.89,75.99,3.89,0.522,6.5,72.98,13.2,1,8.538971,13.16
2026-09-25,G0264,26.08063,86.89015,11.9,29.02,67.44,4.84,0.471,12.31,76.78,9.32,1,10.705344,11.9
2026-09-25,G0263,26.08063,86.85013,7.4,29.13,72.7,3.44,0.379,7.15,74.96,5.69,1,7.0451207,7.4
2026-09-25,G0262,26.08063,86.81011,6.63,30.94,76.3,3.81,0.404,17.65,72.18,11.63,1,12.782632,6.63
2026-09-25,G0268,26.08063,87.05022,15.45,30.65,71.39,5.24,0.398,20.17,70.36,18.71,1,16.275684,15.45
2026-09-25,G0261,26.08063,86.7701,14.02,30.14,75.1,2.75,0.431,14.96,73.75,14.2,1,12.473706,14.02
2026-09-25,G0259,26.08063,86.69006,18.74,32.14,67.52,5.88,0.416,19.35,70.65,7.85,1,16.658686,18.74
2026-09-25,G0258,26.08063,86.65004,16.06,31.23,72.04,3.78,0.356,11.03,75.48,9.61,1,10.274452,16.06
2026-09-25,G0257,26.08063,86.61003,9.09,31.88,80.9,3.15,0.46,9.0,74.56,9.29,1,8.0977745,9.09
2026-09-25,G0256,26.08063,86.57001,9.55,32.3,75.21,3.53,0.424,13.59,70.17,11.94,1,11.838625,9.55
2026-09-25,G0255,26.04459,87.13012,12.51,28.54,72.37,2.84,0.366,13.03,74.61,11.95,1,11.365354,12.51
2026-09-25,G0254,26.04459,87.09024,16.91,28.35,73.25,2.56,0.375,10.0,73.0,4.1,1,10.033503,16.91
2026-09-25,G0260,26.08063,86.73008,9.21,29.51,72.49,4.13,0.427,14.8,73.53,10.78,1,10.860755,9.21
2026-09-25,G0253,26.04459,87.05022,10.9,29.39,81.17,1.36,0.463,10.5,72.89,6.86,1,9.768398,10.9
2026-09-25,G0269,26.08063,87.09024,1.28,29.17,69.14,1.77,0.443,9.98,77.34,7.01,1,6.2113175,1.28
2026-09-25,G0271,26.09932,86.57001,9.4,30.46,73.91,2.59,0.348,16.67,75.5,11.93,1,12.059442,9.4
2026-09-25,G0145,25.79234,86.93017,14.6,32.74,66.87,4.03,0.425,0.89,63.26,6.32,1,3.8773875,14.6
2026-09-25,G0284,26.09932,87.09024,7.2,31.21,68.83,2.64,0.402,14.13,70.74,13.85,1,9.8824835,7.2
2026-09-25,G0283,26.09932,87.05022,13.33,30.1,78.43,3.75,0.332,13.42,76.36,14.33,1,11.382761,13.33
2026-09-25,G0282,26.09932,87.0102,5.79,30.26,68.56,3.64,0.479,9.5,72.09,11.74,1,6.6930213,5.79
2026-09-25,G0281,26.09932,86.97018,12.65,31.64,73.15,1.92,0.434,11.55,77.07,10.27,1,10.814419,12.65
2026-09-25,G0280,26.09932,86.93017,12.63,31.25,73.43,2.46,0.506,7.15,69.28,8.2,1,8.316489,12.63
2026-09-25,G0270,26.08063,87.13012,10.5,32.42,74.55,1.2,0.437,20.19,73.75,12.17,1,13.842141,10.5
2026-09-25,G0279,26.09932,86.89015,13.05,32.56,75.31,3.98,0.423,11.45,75.82,10.07,1,9.776413,13.05
2026-09-25,G0277,26.09932,86.81011,12.38,31.94,65.91,3.07,0.434,10.01,73.49,12.2,1,9.207342,12.38
2026-09-25,G0276,26.09932,86.7701,8.62,30.6,70.93,3.41,0.416,18.74,72.41,13.06,1,13.523523,8.62
2026-09-25,G0275,26.09932,86.73008,7.67,31.26,79.25,1.79,0.378,16.6,74.26,13.65,1,12.655776,7.67
2026-09-25,G0274,26.09932,86.69006,9.32,29.3,78.31,3.46,0.406,21.19,78.67,16.83,1,14.768474,9.32
2026-09-25,G0273,26.09932,86.65004,13.74,28.27,80.95,4.12,0.453,22.49,71.82,18.1,1,17.080282,13.74
2026-09-25,G0272,26.09932,86.61003,6.83,31.43,78.88,2.62,0.369,14.32,74.54,12.02,1,10.894774,6.83
2026-09-25,G0278,26.09932,86.85013,13.87,28.75,70.67,5.13,0.371,12.53,76.46,14.39,1,10.973567,13.87
2026-09-25,G0215,25.97252,86.73008,13.18,31.19,76.61,2.38,0.404,15.19,66.67,7.83,1,12.31367,13.18
2026-09-25,G0252,26.04459,87.0102,11.0,30.39,67.16,1.6,0.405,8.2,72.85,7.56,1,6.9432864,11.0
2026-09-25,G0250,26.04459,86.93017,19.83,30.51,73.25,2.18,0.495,13.02,70.51,10.71,1,13.130771,19.83
2026-09-25,G0230,26.00856,86.73008,14.68,30.8,79.28,4.2,0.416,17.57,74.22,19.2,1,13.826003,14.68
2026-09-25,G0229,26.00856,86.69006,7.7,31.77,75.83,3.64,0.466,24.33,74.43,20.0,1,17.060553,7.7
2026-09-25,G0228,26.00856,86.65004,13.66,32.24,71.76,3.77,0.508,16.5,67.59,15.35,1,12.719399,13.66
2026-09-25,G0227,26.00856,86.61003,9.46,32.21,78.79,1.77,0.477,17.94,70.84,10.9,1,13.3643675,9.46
2026-09-25,G0226,26.00856,86.57001,10.99,30.04,77.66,4.89,0.438,18.17,73.63,13.0,1,13.038093,10.99
2026-09-25,G0225,25.97252,87.13012,18.59,29.59,74.16,3.99,0.458,16.14,66.46,15.49,1,14.180258,18.59
2026-09-25,G0231,26.00856,86.7701,12.68,30.43,74.36,4.32,0.467,11.77,69.58,7.54,1,10.470938,12.68
2026-09-25,G0224,25.97252,87.09024,16.15,33.04,73.07,5.16,0.483,14.09,67.6,15.76,1,12.649284,16.15
2026-09-25,G0222,25.97252,87.0102,2.48,30.65,66.85,1.02,0.395,9.0,70.37,2.34,1,5.7913885,2.48
2026-09-25,G0221,25.97252,86.97018,13.26,31.5,80.34,3.84,0.424,6.34,66.02,9.49,1,8.279865,13.26
2026-09-25,G0220,25.97252,86.93017,8.29,32.6,75.95,4.21,0.382,10.29,70.2,6.09,1,8.856031,8.29
2026-09-25,G0219,25.97252,86.89015,14.18,33.18,74.66,2.84,0.504,6.28,72.99,5.64,1,7.9931216,14.18
2026-09-25,G0218,25.97252,86.85013,8.1,31.41,74.07,3.87,0.383,16.99,69.42,14.23,1,12.312441,8.1
2026-09-25,G0217,25.97252,86.81011,14.31,30.43,79.29,1.83,0.394,15.23,70.93,11.96,1,13.280654,14.31
2026-09-25,G0223,25.97252,87.05022,9.66,29.4,77.73,4.44,0.419,11.45,70.42,8.26,1,10.050611,9.66
2026-09-25,G0251,26.04459,86.97018,10.23,30.59,80.16,3.27,0.422,8.41,73.09,6.16,1,8.376871,10.23
2026-09-25,G0232,26.00856,86.81011,14.83,32.17,78.26,5.47,0.448,17.32,71.1,13.18,1,15.223565,14.83
2026-09-25,G0234,26.00856,86.89015,16.11,31.57,76.95,4.33,0.389,13.88,67.04,11.08,1,13.044728,16.11
2026-09-25,G0248,26.04459,86.85013,16.96,28.32,57.89,2.72,0.485,10.78,74.22,6.86,1,10.573479,16.96
2026-09-25,G0247,26.04459,86.81011,8.1,32.17,74.25,4.23,0.408,11.01,71.84,3.9,1,8.758633,8.1
2026-09-25,G0246,26.04459,86.7701,9.88,30.27,76.46,4.31,0.429,18.3,70.36,15.43,1,13.655372,9.88
2026-09-25,G0245,26.04459,86.73008,8.08,30.59,64.59,5.32,0.501,19.86,72.11,12.43,1,13.415278,8.08
2026-09-25,G0244,26.04459,86.69006,14.85,31.45,66.79,4.36,0.45,16.0,70.13,9.92,1,14.153857,14.85
2026-09-25,G0243,26.04459,86.65004,7.92,30.7,73.6,1.83,0.478,21.52,74.57,16.72,1,13.905826,7.92
2026-09-25,G0233,26.00856,86.85013,16.56,27.83,83.56,2.48,0.39,8.92,67.87,8.63,1,10.920663,16.56
2026-09-25,G0242,26.04459,86.61003,16.41,31.1,69.26,5.77,0.382,16.17,72.85,12.47,1,12.583837,16.41
2026-09-25,G0240,26.00856,87.13012,12.92,29.15,76.29,0.61,0.454,12.18,71.9,13.52,1,11.314741,12.92
2026-09-25,G0239,26.00856,87.09024,7.83,30.22,75.14,3.07,0.417,10.0,69.46,7.4,1,8.478631,7.83
2026-09-25,G0238,26.00856,87.05022,11.65,30.46,79.62,1.62,0.434,8.48,71.06,6.31,1,9.502701,11.65
2026-09-25,G0237,26.00856,87.0102,10.64,32.32,70.26,5.1,0.423,12.64,71.17,8.35,1,11.056538,10.64
2026-09-25,G0236,26.00856,86.97018,8.11,30.51,78.92,3.96,0.393,6.0,70.93,4.49,1,6.884914,8.11
2026-09-25,G0235,26.00856,86.93017,13.64,29.63,76.66,3.21,0.405,11.21,69.39,12.42,1,10.395016,13.64
2026-09-25,G0241,26.04459,86.57001,18.04,32.28,76.6,5.69,0.322,17.24,74.57,12.56,1,15.920456,18.04
2026-09-25,G0144,25.79234,86.89015,13.06,29.12,70.98,3.02,0.47,21.45,59.82,11.75,1,15.823236,13.06
2026-09-25,G0072,25.61216,87.0102,15.71,31.67,75.39,2.97,0.442,13.81,48.59,13.1,1,12.521733,15.71
2026-09-25,G0142,25.79234,86.81011,17.74,30.63,73.53,2.65,0.393,8.85,61.3,8.59,1,9.39441,17.74
2026-09-25,G0050,25.57613,86.73008,17.42,31.22,77.65,4.01,0.4,15.7,55.34,14.24,1,13.80668,17.42
2026-09-25,G0049,25.57613,86.69006,16.39,32.41,78.39,1.9,0.396,8.1,53.62,4.74,1,9.464415,16.39
2026-09-25,G0048,25.57613,86.65004,8.73,34.35,77.33,5.59,0.438,15.14,49.83,14.04,1,10.682282,8.73
2026-09-25,G0047,25.57613,86.61003,13.65,31.81,81.63,2.93,0.417,15.18,50.5,11.94,1,12.331773,13.65
2026-09-25,G0046,25.57613,86.57001,15.94,33.08,82.03,3.3,0.479,12.92,50.91,10.39,1,11.843692,15.94
2026-09-25,G0045,25.54009,87.13012,16.57,33.21,70.71,5.01,0.368,17.45,47.54,12.98,1,15.1183815,16.57
2026-09-25,G0051,25.57613,86.7701,5.04,31.74,78.13,1.97,0.344,13.46,52.17,4.64,1,9.544765,5.04
2026-09-25,G0044,25.54009,87.09024,3.68,31.9,76.36,2.11,0.434,8.13,48.83,9.89,1,5.9849668,3.68
2026-09-25,G0042,25.54009,87.0102,13.05,32.74,77.08,5.5,0.419,15.14,49.06,14.55,1,12.064997,13.05
2026-09-25,G0041,25.54009,86.97018,15.23,34.53,74.3,2.36,0.46,12.23,48.64,11.87,1,10.901055,15.23
2026-09-25,G0040,25.54009,86.93017,15.74,29.27,70.62,3.43,0.392,13.75,50.91,11.71,1,12.496936,15.74
2026-09-25,G0039,25.54009,86.89015,14.65,30.1,73.06,3.27,0.505,8.34,51.08,9.18,1,9.439548,14.65
2026-09-25,G0038,25.54009,86.85013,15.24,33.44,74.16,3.45,0.345,15.67,50.24,13.9,1,13.5729265,15.24
2026-09-25,G0037,25.54009,86.81011,9.41,31.33,79.36,1.86,0.483,19.79,48.33,11.13,1,13.923887,9.41
2026-09-25,G0043,25.54009,87.05022,15.41,31.53,78.85,3.75,0.471,12.89,46.54,10.55,1,12.384959,15.41
2026-09-25,G0036,25.54009,86.7701,14.48,30.68,76.36,1.5,0.393,16.7,49.38,11.28,1,14.648957,14.48
2026-09-25,G0052,25.57613,86.81011,14.95,31.16,70.17,2.77,0.407,11.24,51.21,13.07,1,11.066531,14.95
2026-09-25,G0054,25.57613,86.89015,11.03,31.92,72.89,2.58,0.392,8.34,50.62,9.94,1,8.191358,11.03
2026-09-25,G0068,25.61216,86.85013,4.59,30.5,79.06,3.79,0.443,8.16,49.21,2.8,1,6.978384,4.59
2026-09-25,G0067,25.61216,86.81011,11.76,29.76,70.73,3.95,0.423,10.45,49.6,7.99,1,9.287974,11.76
2026-09-25,G0066,25.61216,86.7701,14.55,31.76,66.87,2.51,0.443,12.95,51.94,7.58,1,11.824591,14.55
2026-09-25,G0065,25.61216,86.73008,22.04,31.69,75.56,1.64,0.349,13.99,49.02,9.78,1,13.781366,22.04
2026-09-25,G0064,25.61216,86.69006,13.9,32.08,67.98,3.39,0.427,10.54,52.56,4.91,1,10.303593,13.9
2026-09-25,G0063,25.61216,86.65004,14.93,30.96,63.4,3.9,0.448,20.33,56.12,19.83,1,15.493617,14.93
2026-09-25,G0053,25.57613,86.85013,9.28,32.14,72.82,3.78,0.414,17.94,49.46,10.94,1,13.069898,9.28
2026-09-25,G0062,25.61216,86.61003,12.56,29.81,67.27,2.09,0.402,11.03,53.43,5.84,1,9.580967,12.56
2026-09-25,G0060,25.57613,87.13012,12.64,31.51,66.47,3.64,0.402,17.95,51.6,10.95,1,14.143871,12.64
2026-09-25,G0059,25.57613,87.09024,17.14,32.08,79.79,3.79,0.42,14.99,50.4,10.91,1,13.117293,17.14
2026-09-25,G0058,25.57613,87.05022,17.16,32.47,86.1,2.09,0.491,6.13,50.19,10.86,1,10.131478,17.16
2026-09-25,G0057,25.57613,87.0102,11.33,31.1,71.22,2.41,0.46,9.19,52.1,7.96,1,9.114485,11.33
2026-09-25,G0056,25.57613,86.97018,12.49,30.96,72.3,4.03,0.435,8.52,51.01,10.78,1,9.189692,12.49
2026-09-25,G0055,25.57613,86.93017,10.03,28.9,71.42,2.18,0.449,8.34,45.94,4.33,1,7.5026917,10.03
2026-09-25,G0061,25.61216,86.57001,9.55,32.62,70.98,3.19,0.354,12.83,53.55,8.41,1,10.403227,9.55
2026-09-25,G0069,25.61216,86.89015,12.47,30.46,78.47,1.96,0.396,6.76,54.12,7.54,1,7.9472795,12.47
2026-09-25,G0035,25.54009,86.73008,16.28,31.94,68.52,4.02,0.412,8.88,49.91,10.76,1,9.60215,16.28
2026-09-25,G0033,25.54009,86.65004,11.13,30.76,81.42,3.78,0.414,20.32,47.71,12.24,1,15.488104,11.13
2026-09-25,G0014,25.46802,87.09024,13.77,34.0,68.95,2.96,0.438,16.21,47.23,13.07,1,12.296944,13.77
2026-09-25,G0013,25.46802,87.05022,12.56,31.45,71.87,2.6,0.483,14.01,47.07,10.44,1,11.416826,12.56
2026-09-25,G0012,25.46802,87.0102,12.58,33.19,74.94,4.02,0.392,11.69,46.7,13.97,1,10.473607,12.58
2026-09-25,G0011,25.46802,86.97018,12.69,32.21,79.0,2.85,0.496,0.0,41.64,1.04,1,6.125655,12.69
2026-09-25,G0010,25.46802,86.93017,16.03,32.58,76.38,0.73,0.423,11.62,45.01,4.41,1,11.975056,16.03
2026-09-25,G0009,25.46802,86.89015,11.09,32.56,77.7,3.03,0.451,15.51,42.9,18.71,1,12.138368,11.09
2026-09-25,G0015,25.46802,87.13012,16.17,33.01,76.39,3.25,0.398,15.0,45.32,11.25,1,12.968206,16.17
2026-09-25,G0008,25.46802,86.85013,12.86,34.51,79.18,1.8,0.391,17.98,49.24,11.95,1,14.961235,12.86
2026-09-25,G0006,25.46802,86.7701,11.33,32.28,66.75,4.11,0.4,14.64,45.78,15.36,1,11.554059,11.33
2026-09-25,G0005,25.46802,86.73008,11.1,30.91,70.47,2.02,0.406,12.34,46.15,12.02,1,10.0046625,11.1
2026-09-25,G0004,25.46802,86.69006,13.06,32.42,76.87,3.57,0.396,15.88,44.92,9.94,1,13.570855,13.06
2026-09-25,G0003,25.46802,86.65004,18.35,30.34,72.66,3.09,0.435,18.9,46.39,14.3,1,15.688098,18.35
2026-09-25,G0002,25.46802,86.61003,12.46,32.57,78.55,4.04,0.445,15.75,43.72,10.88,1,13.515945,12.46
2026-09-25,G0001,25.46802,86.57001,11.8,31.58,72.95,4.97,0.36,17.48,43.77,13.46,1,14.571015,11.8
2026-09-25,G0007,25.46802,86.81011,14.08,32.73,81.64,4.11,0.485,6.63,46.72,2.49,1,7.8511944,14.08
2026-09-25,G0034,25.54009,86.69006,17.49,31.79,74.68,4.23,0.404,16.57,50.01,18.42,1,14.494993,17.49
2026-09-25,G0016,25.50405,86.57001,8.21,32.19,68.87,3.46,0.379,12.17,49.52,12.43,1,9.97188,8.21
2026-09-25,G0018,25.50405,86.65004,8.82,31.59,72.16,6.76,0.51,18.17,49.76,14.22,1,12.78022,8.82
2026-09-25,G0032,25.54009,86.61003,3.93,30.83,70.68,4.47,0.428,12.94,48.16,11.57,1,8.757195,3.93
2026-09-25,G0031,25.54009,86.57001,18.9,33.05,76.16,3.24,0.462,13.42,49.58,19.7,1,13.591127,18.9
2026-09-25,G0030,25.50405,87.13012,11.61,32.34,80.17,3.43,0.454,12.54,48.9,10.19,1,10.983373,11.61
2026-09-25,G0029,25.50405,87.09024,10.71,31.64,81.09,5.49,0.424,14.17,49.54,10.26,1,11.8269205,10.71
2026-09-25,G0028,25.50405,87.05022,9.32,27.63,67.73,3.41,0.387,21.09,52.28,17.91,1,14.687574,9.32
2026-09-25,G0027,25.50405,87.0102,16.42,30.26,66.24,3.89,0.437,17.69,48.56,13.42,1,14.642374,16.42
2026-09-25,G0017,25.50405,86.61003,9.76,29.43,69.12,4.32,0.463,11.31,45.02,11.58,1,9.592512,9.76
2026-09-25,G0026,25.50405,86.97018,11.72,31.98,75.94,4.04,0.523,6.96,46.8,5.9,1,8.093132,11.72
2026-09-25,G0024,25.50405,86.89015,10.1,29.48,77.98,2.41,0.465,16.54,45.61,12.72,1,12.678247,10.1
2026-09-25,G0023,25.50405,86.85013,16.76,31.07,72.1,3.8,0.363,19.52,46.94,16.49,1,15.07038,16.76
2026-09-25,G0022,25.50405,86.81011,7.14,33.05,78.61,2.4,0.455,6.57,50.74,7.22,1,6.847067,7.14
2026-09-25,G0021,25.50405,86.7701,11.41,31.95,72.13,4.39,0.448,15.93,49.22,11.82,1,12.296221,11.41
2026-09-25,G0020,25.50405,86.73008,15.07,31.66,67.55,4.64,0.446,17.16,46.48,11.07,1,14.164364,15.07
2026-09-25,G0019,25.50405,86.69006,10.44,28.76,77.66,3.24,0.418,20.54,50.12,14.57,1,15.112505,10.44
2026-09-25,G0025,25.50405,86.93017,16.72,29.81,80.25,6.25,0.38,12.03,45.92,12.93,1,11.726919,16.72
2026-09-25,G0070,25.61216,86.93017,10.49,29.63,68.02,4.06,0.505,13.49,50.15,9.88,1,10.734234,10.49
2026-09-25,G0143,25.79234,86.85013,14.16,31.11,72.83,2.05,0.473,9.78,58.65,11.07,1,9.78612,14.16
2026-09-25,G0073,25.61216,87.05022,15.31,30.29,76.34,3.39,0.37,10.71,48.88,9.28,1,10.23432,15.31
2026-09-25,G0123,25.75631,86.65004,6.53,31.5,79.34,4.5,0.459,17.61,60.53,10.33,1,13.559492,6.53
2026-09-25,G0122,25.75631,86.61003,12.77,30.9,75.71,4.33,0.399,16.74,58.77,10.58,1,13.778171,12.77
2026-09-25,G0121,25.75631,86.57001,20.34,32.13,77.23,3.9,0.466,5.89,58.61,12.65,1,10.098916,20.34
2026-09-25,G0120,25.72027,87.13012,15.78,32.53,78.17,1.16,0.455,12.81,57.98,8.48,1,12.454314,15.78
2026-09-25,G0119,25.72027,87.09024,9.26,30.9,69.74,3.73,0.417,2.64,58.81,6.47,1,3.961302,9.26
2026-09-25,G0118,25.72027,87.05022,19.77,31.64,83.59,4.45,0.463,10.22,56.58,8.57,1,12.666,19.77
2026-09-25,G0071,25.61216,86.97018,11.77,32.87,69.47,4.16,0.44,8.36,55.09,9.99,1,8.545997,11.77
2026-09-25,G0117,25.72027,87.0102,9.97,32.69,71.87,2.88,0.45,10.85,61.13,13.81,1,9.05438,9.97
2026-09-25,G0115,25.72027,86.93017,20.51,32.64,67.26,1.85,0.443,3.03,58.64,11.2,1,7.5053873,20.51
2026-09-25,G0114,25.72027,86.89015,13.38,32.31,75.48,2.78,0.443,8.37,53.58,11.71,1,8.964072,13.38
2026-09-25,G0113,25.72027,86.85013,13.32,31.05,73.29,4.7,0.387,6.79,55.69,5.16,1,7.6326976,13.32
2026-09-25,G0112,25.72027,86.81011,6.61,30.66,69.23,5.51,0.419,7.46,60.16,1.27,1,6.6573386,6.61
2026-09-25,G0111,25.72027,86.7701,20.4,30.15,68.4,4.91,0.444,13.24,59.1,12.64,1,13.347842,20.4
2026-09-25,G0110,25.72027,86.73008,10.49,30.03,74.46,2.18,0.417,10.66,55.96,6.5,1,9.238032,10.49
2026-09-25,G0116,25.72027,86.97018,10.13,30.69,79.37,4.35,0.474,9.06,56.36,7.07,1,8.8657875,10.13
2026-09-25,G0109,25.72027,86.69006,12.15,31.59,76.43,2.45,0.391,5.99,59.29,3.66,1,7.506969,12.15
2026-09-25,G0125,25.75631,86.73008,11.76,30.14,71.36,3.84,0.416,9.03,56.89,12.8,1,8.423503,11.76
2026-09-25,G0127,25.75631,86.81011,14.95,30.57,68.57,2.08,0.389,8.19,58.52,8.93,1,8.69679,14.95
2026-09-25,G0141,25.79234,86.7701,12.29,31.24,69.03,2.34,0.444,11.91,59.53,10.89,1,10.27049,12.29
2026-09-25,G0140,25.79234,86.73008,15.65,29.41,73.96,4.1,0.386,15.8,64.28,11.14,1,13.446815,15.65
2026-09-25,G0139,25.79234,86.69006,16.38,33.6,76.25,6.09,0.379,15.71,57.9,13.6,1,13.720596,16.38
2026-09-25,G0138,25.79234,86.65004,13.16,29.21,70.32,5.59,0.401,11.38,59.57,6.06,1,10.140103,13.16
2026-09-25,G0137,25.79234,86.61003,11.78,30.72,69.35,2.4,0.339,10.04,61.83,6.91,1,9.182944,11.78
2026-09-25,G0136,25.79234,86.57001,17.0,31.2,78.65,2.75,0.461,7.62,63.79,6.03,1,9.932472,17.0
2026-09-25,G0126,25.75631,86.7701,3.6,29.94,71.17,0.89,0.46,9.06,62.17,8.58,1,6.9266996,3.6
2026-09-25,G0135,25.75631,87.13012,8.65,33.75,66.27,3.57,0.43,11.62,53.83,6.25,1,8.280798,8.65
2026-09-25,G0133,25.75631,87.05022,18.17,32.55,74.55,2.79,0.435,11.7,61.0,4.64,1,11.860186,18.17
2026-09-25,G0132,25.75631,87.0102,11.37,30.29,76.76,3.32,0.368,9.47,60.74,11.57,1,9.060785,11.37
2026-09-25,G0131,25.75631,86.97018,11.95,30.43,71.82,2.3,0.465,2.36,60.85,6.25,1,5.395694,11.95
2026-09-25,G0130,25.75631,86.93017,8.6,30.64,69.85,2.02,0.386,2.62,59.05,5.16,1,4.684305,8.6
2026-09-25,G0129,25.75631,86.89015,14.51,31.01,68.77,2.91,0.434,7.2,59.16,8.9,1,8.014286,14.51
2026-09-25,G0128,25.75631,86.85013,14.86,32.56,70.46,2.68,0.383,11.27,59.35,12.32,1,10.986531,14.86
2026-09-25,G0134,25.75631,87.09024,18.05,31.13,81.13,2.33,0.377,12.76,60.4,12.43,1,12.926702,18.05
2026-09-25,G0108,25.72027,86.65004,12.43,31.73,77.01,3.61,0.428,9.07,57.21,11.75,1,8.936463,12.43
2026-09-25,G0124,25.75631,86.69006,9.87,30.52,77.09,3.11,0.378,7.84,57.78,7.68,1,7.759423,9.87
2026-09-25,G0106,25.72027,86.57001,14.82,30.0,83.98,4.01,0.364,9.15,55.28,9.25,1,10.27178,14.82
2026-09-25,G0087,25.6482,87.0102,20.26,33.62,76.44,3.98,0.437,5.85,51.34,8.5,1,9.176501,20.26
2026-09-25,G0086,25.6482,86.97018,14.11,32.71,76.63,0.77,0.371,5.92,54.02,12.17,1,6.8063073,14.11
2026-09-25,G0085,25.6482,86.93017,9.17,30.97,82.42,3.14,0.421,9.13,53.11,7.22,1,9.173245,9.17
2026-09-25,G0084,25.6482,86.89015,5.96,30.73,67.94,0.75,0.46,10.92,54.26,9.44,1,9.174008,5.96
2026-09-25,G0083,25.6482,86.85013,3.5,34.48,85.33,4.05,0.397,4.85,56.83,2.81,1,6.045542,3.5
2026-09-25,G0081,25.6482,86.7701,6.43,34.28,76.8,5.26,0.4,15.16,50.65,7.95,1,11.559236,6.43
2026-09-25,G0088,25.6482,87.05022,7.36,32.49,67.17,2.86,0.407,8.83,56.4,8.78,1,7.3804793,7.36
2026-09-25,G0080,25.6482,86.73008,11.37,30.47,77.27,1.76,0.389,10.94,52.76,8.66,1,10.208853,11.37
2026-09-25,G0078,25.6482,86.65004,8.36,31.23,71.22,4.57,0.463,18.05,53.78,13.34,1,13.159306,8.36
2026-09-25,G0077,25.6482,86.61003,17.68,30.72,81.25,5.29,0.427,22.34,51.41,16.39,1,17.189709,17.68
2026-09-25,G0076,25.6482,86.57001,17.25,33.08,83.32,4.33,0.397,14.25,51.41,11.34,1,12.653609,17.25
2026-09-25,G0075,25.61216,87.13012,9.31,31.22,74.85,3.88,0.386,12.2,51.99,9.51,1,9.962748,9.31
2026-09-25,G0074,25.61216,87.09024,9.72,30.71,78.59,2.76,0.428,10.13,52.67,12.28,1,9.20128,9.72
2026-09-25,G0107,25.72027,86.61003,8.0,30.28,66.83,4.82,0.423,7.88,57.27,8.88,1,7.4156737,8.0
2026-09-25,G0079,25.6482,86.69006,9.64,29.73,69.71,4.58,0.399,12.41,54.56,4.25,1,10.338765,9.64
2026-09-25,G0089,25.6482,87.09024,17.05,30.91,63.99,3.93,0.449,4.87,54.47,8.77,1,7.846163,17.05
2026-09-25,G0082,25.6482,86.81011,12.9,31.2,69.34,2.6,0.454,12.37,58.26,7.17,1,10.528348,12.9
2026-09-25,G0091,25.68423,86.57001,15.73,35.46,76.95,3.45,0.446,12.3,56.93,10.42,1,11.434103,15.73
2026-09-25,G0090,25.6482,87.13012,13.87,29.56,77.49,3.81,0.446,15.85,55.75,11.84,1,13.1816635,13.87
2026-09-25,G0104,25.68423,87.09024,12.86,30.38,76.09,5.22,0.407,8.96,55.89,11.83,1,8.838842,12.86
2026-09-25,G0103,25.68423,87.05022,19.2,31.59,74.24,5.51,0.481,10.48,55.76,6.39,1,11.991357,19.2
2026-09-25,G0102,25.68423,87.0102,18.92,30.06,76.15,3.36,0.457,10.69,59.55,15.34,1,11.464748,18.92
2026-09-25,G0101,25.68423,86.97018,14.09,31.18,75.06,2.04,0.387,15.78,55.49,23.14,1,13.049305,14.09
2026-09-25,G0100,25.68423,86.93017,6.19,32.58,83.24,3.99,0.398,11.66,56.9,10.22,1,9.500835,6.19
2026-09-25,G0099,25.68423,86.89015,19.24,31.17,70.08,2.13,0.406,7.58,53.5,8.98,1,9.994634,19.24
2026-09-25,G0105,25.68423,87.13012,8.88,31.04,65.75,3.38,0.423,19.45,56.22,16.47,1,13.436405,8.88
2026-09-25,G0097,25.68423,86.81011,15.53,32.96,70.63,1.05,0.448,9.57,56.36,8.19,1,9.28384,15.53
2026-09-25,G0096,25.68423,86.7701,9.86,30.89,75.52,3.08,0.45,13.18,54.39,10.4,1,11.331489,9.86
2026-09-25,G0095,25.68423,86.73008,14.86,30.5,70.99,4.14,0.451,7.5,54.5,12.28,1,8.101269,14.86
2026-09-25,G0094,25.68423,86.69006,25.36,28.49,80.03,3.37,0.457,15.78,57.67,15.62,1,17.015265,25.36
2026-09-25,G0093,25.68423,86.65004,14.24,30.99,89.52,3.41,0.385,13.51,55.98,11.74,1,12.3265505,14.24
2026-09-25,G0092,25.68423,86.61003,15.58,31.34,90.06,3.31,0.43,8.47,59.24,10.62,1,10.082273,15.58
2026-09-25,G0098,25.68423,86.85013,8.22,30.78,70.89,2.15,0.417,11.84,56.02,8.37,1,9.4690275,8.22
2026-09-26,G0194,25.90045,87.09024,7.47,32.36,69.48,4.23,0.319,20.78,61.2,14.38,1,14.019257,7.47
2026-09-26,G0193,25.90045,87.05022,6.4,32.89,66.96,1.76,0.364,8.67,66.21,7.07,1,5.4354672,6.4
2026-09-26,G0192,25.90045,87.0102,10.4,29.31,70.51,3.36,0.37,7.34,67.31,11.94,1,7.282869,10.4
2026-09-26,G0191,25.90045,86.97018,10.64,32.7,70.18,6.52,0.413,14.13,68.19,12.46,1,10.898011,10.64
2026-09-26,G0190,25.90045,86.93017,1.92,31.96,71.93,4.32,0.437,11.65,67.8,9.86,1,7.7747912,1.92
2026-09-26,G0189,25.90045,86.89015,10.36,32.6,65.12,4.52,0.405,7.0,67.79,6.77,1,6.6646547,10.36
2026-09-26,G0185,25.90045,86.73008,13.86,32.97,71.94,4.08,0.423,14.39,68.21,14.22,1,11.782093,13.86
2026-09-26,G0187,25.90045,86.81011,11.65,29.98,88.39,3.61,0.405,18.02,63.92,8.97,1,15.14385,11.65
2026-09-26,G0186,25.90045,86.7701,13.74,31.51,72.97,2.5,0.366,12.26,65.28,11.89,1,10.641414,13.74
2026-09-26,G0184,25.90045,86.69006,10.28,31.9,72.93,3.24,0.425,21.86,64.02,16.2,1,15.060422,10.28
2026-09-26,G0183,25.90045,86.65004,16.21,30.6,80.02,4.25,0.372,17.41,67.12,14.13,1,14.682216,16.21
2026-09-26,G0182,25.90045,86.61003,14.15,32.1,77.25,4.78,0.429,9.44,65.02,10.69,1,9.717666,14.15
2026-09-26,G0195,25.90045,87.13012,19.93,32.56,81.7,3.77,0.375,14.61,68.29,17.77,1,14.14461,19.93
2026-09-26,G0188,25.90045,86.85013,8.46,29.41,76.13,4.24,0.446,11.96,65.07,8.83,1,9.65049,8.46
2026-09-26,G0196,25.93649,86.57001,12.13,31.08,70.97,3.33,0.399,14.82,70.21,14.88,1,11.528151,12.13
2026-09-26,G0213,25.97252,86.65004,12.45,29.72,75.25,3.24,0.438,19.87,66.98,12.22,1,16.47586,12.45
2026-09-26,G0198,25.93649,86.65004,3.98,30.46,71.29,3.86,0.395,11.23,68.67,8.92,1,8.382443,3.98
2026-09-26,G0212,25.97252,86.61003,11.61,33.26,72.21,5.31,0.346,24.42,67.86,15.23,1,16.876137,11.61
2026-09-26,G0211,25.97252,86.57001,15.25,29.08,69.55,2.67,0.403,17.86,66.22,13.7,1,14.447332,15.25
2026-09-26,G0210,25.93649,87.13012,10.49,30.93,84.95,4.64,0.402,6.78,64.81,5.49,1,7.4595957,10.49
2026-09-26,G0209,25.93649,87.09024,5.82,28.24,63.53,3.47,0.45,7.91,67.97,4.92,1,6.3135195,5.82
2026-09-26,G0208,25.93649,87.05022,12.87,29.47,71.42,4.17,0.443,18.29,66.28,18.91,1,14.092415,12.87
2026-09-26,G0207,25.93649,87.0102,16.1,32.91,74.18,4.45,0.421,6.71,62.68,10.63,1,7.5156784,16.1
2026-09-26,G0197,25.93649,86.61003,14.22,32.58,76.12,3.54,0.424,12.35,71.65,12.2,1,11.240066,14.22
2026-09-26,G0206,25.93649,86.97018,6.46,30.35,80.21,4.75,0.393,9.57,64.96,10.34,1,8.275936,6.46
2026-09-26,G0204,25.93649,86.89015,8.67,31.03,79.46,4.5,0.414,19.74,67.13,13.43,1,14.468249,8.67
2026-09-26,G0203,25.93649,86.85013,11.67,32.24,78.28,4.02,0.414,16.23,67.57,12.08,1,12.8466625,11.67
2026-09-26,G0202,25.93649,86.81011,9.3,30.73,79.18,3.07,0.46,11.18,67.0,13.83,1,9.911571,9.3
2026-09-26,G0201,25.93649,86.7701,14.7,30.14,73.99,3.08,0.403,15.89,68.62,12.28,1,13.220651,14.7
2026-09-26,G0200,25.93649,86.73008,16.86,28.81,75.06,2.18,0.384,7.16,65.99,8.24,1,9.216506,16.86
2026-09-26,G0199,25.93649,86.69006,11.17,29.85,69.53,3.22,0.379,16.03,67.22,10.04,1,11.918557,11.17
2026-09-26,G0205,25.93649,86.93017,15.08,29.03,69.42,2.57,0.434,8.16,66.86,6.92,1,9.314697,15.08
2026-09-26,G0181,25.90045,86.57001,11.48,30.66,72.44,4.09,0.476,10.22,63.45,6.27,1,8.886627,11.48
2026-09-26,G0146,25.79234,86.97018,10.93,31.22,70.75,4.64,0.489,14.16,58.27,12.07,1,11.587856,10.93
2026-09-26,G0179,25.86441,87.09024,15.47,32.77,71.42,4.66,0.361,12.12,62.91,8.86,1,11.171811,15.47
2026-09-26,G0159,25.82838,86.89015,14.21,29.99,72.16,3.66,0.396,15.92,60.37,13.57,1,12.56883,14.21
2026-09-26,G0158,25.82838,86.85013,9.41,32.26,68.71,4.11,0.413,11.05,63.94,13.18,1,8.981204,9.41
2026-09-26,G0157,25.82838,86.81011,20.09,30.0,75.35,4.67,0.418,9.74,63.23,13.02,1,11.053709,20.09
2026-09-26,G0156,25.82838,86.7701,10.09,32.16,74.64,2.44,0.439,12.23,63.6,8.89,1,10.1793165,10.09
2026-09-26,G0155,25.82838,86.73008,10.82,31.75,74.29,3.48,0.443,9.43,62.48,13.54,1,8.526777,10.82
2026-09-26,G0154,25.82838,86.69006,10.78,29.78,74.58,5.45,0.325,15.96,63.34,14.89,1,12.024569,10.78
2026-09-26,G0160,25.82838,86.93017,15.55,30.03,79.83,6.07,0.427,3.24,60.65,8.27,1,7.1872654,15.55
2026-09-26,G0153,25.82838,86.65004,17.7,30.96,67.74,4.28,0.462,18.45,63.06,13.75,1,14.682163,17.7
2026-09-26,G0151,25.82838,86.57001,5.63,30.49,77.61,4.34,0.43,10.3,63.1,7.46,1,7.7494183,5.63
2026-09-26,G0150,25.79234,87.13012,12.3,31.48,77.19,2.94,0.45,14.84,61.01,13.92,1,12.181051,12.3
2026-09-26,G0149,25.79234,87.09024,14.16,33.59,64.02,3.85,0.368,13.91,62.7,7.45,1,11.193305,14.16
2026-09-26,G0148,25.79234,87.05022,5.88,30.43,74.73,5.0,0.409,7.67,57.32,6.2,1,6.872401,5.88
2026-09-26,G0147,25.79234,87.0102,17.14,32.8,68.19,2.84,0.492,16.39,59.22,15.91,1,13.1073675,17.14
2026-09-26,G0214,25.97252,86.69006,11.36,29.54,70.57,3.62,0.432,17.35,68.62,10.66,1,13.130239,11.36
2026-09-26,G0152,25.82838,86.61003,14.31,30.18,71.64,2.29,0.382,12.08,61.23,6.08,1,10.978891,14.31
2026-09-26,G0161,25.82838,86.97018,16.94,32.76,67.88,3.19,0.425,10.88,61.55,9.56,1,11.555059,16.94
2026-09-26,G0162,25.82838,87.0102,11.33,30.42,69.54,1.84,0.4,8.38,61.45,11.11,1,8.25536,11.33
2026-09-26,G0163,25.82838,87.05022,9.38,31.67,74.25,4.25,0.379,2.1,60.86,0.0,0,4.2125034,9.38
2026-09-26,G0178,25.86441,87.05022,15.07,28.58,79.96,4.8,0.367,4.09,64.4,8.67,1,7.3344307,15.07
2026-09-26,G0177,25.86441,87.0102,8.49,31.43,71.15,3.26,0.441,7.11,64.25,2.13,1,6.714234,8.49
2026-09-26,G0176,25.86441,86.97018,14.78,32.08,80.21,1.13,0.472,8.62,65.48,9.57,1,9.684076,14.78
2026-09-26,G0175,25.86441,86.93017,17.66,32.01,71.57,2.9,0.419,10.71,66.17,11.66,1,10.872672,17.66
2026-09-26,G0174,25.86441,86.89015,11.24,31.18,76.37,2.96,0.443,8.29,64.04,6.17,1,8.663696,11.24
2026-09-26,G0173,25.86441,86.85013,11.91,29.74,75.79,1.55,0.381,12.36,66.23,12.46,1,10.4722,11.91
2026-09-26,G0172,25.86441,86.81011,7.33,29.29,76.71,4.06,0.435,14.2,59.49,14.95,1,10.820926,7.33
2026-09-26,G0171,25.86441,86.7701,10.63,32.73,77.18,3.21,0.389,13.46,62.19,11.97,1,11.072739,10.63
2026-09-26,G0170,25.86441,86.73008,16.03,30.34,68.82,4.97,0.419,12.66,64.82,16.82,1,11.867508,16.03
2026-09-26,G0169,25.86441,86.69006,2.75,29.66,71.73,3.04,0.396,13.01,62.05,5.15,1,8.468199,2.75
2026-09-26,G0168,25.86441,86.65004,12.86,30.41,74.0,4.66,0.411,13.94,63.72,19.6,1,11.786016,12.86
2026-09-26,G0167,25.86441,86.61003,11.28,30.68,75.75,4.2,0.397,19.5,67.73,14.74,1,14.512832,11.28
2026-09-26,G0166,25.86441,86.57001,16.81,29.84,81.78,3.83,0.36,13.84,65.05,12.89,1,12.848499,16.81
2026-09-26,G0165,25.82838,87.13012,11.09,32.78,73.25,4.41,0.456,17.34,62.85,10.53,1,13.3314495,11.09
2026-09-26,G0164,25.82838,87.09024,10.94,31.3,65.19,4.57,0.437,14.81,59.69,11.14,1,11.302527,10.94
2026-09-26,G0180,25.86441,87.13012,15.05,31.37,76.73,1.15,0.413,14.78,62.47,11.48,1,13.474819,15.05
2026-09-26,G0215,25.97252,86.73008,18.06,30.61,75.34,5.53,0.318,8.81,71.88,7.49,1,9.443219,18.06
2026-09-26,G0250,26.04459,86.93017,10.41,31.93,80.38,3.06,0.465,9.33,72.16,4.93,1,8.254417,10.41
2026-09-26,G0217,25.97252,86.81011,10.34,32.25,79.97,2.29,0.542,8.01,68.62,6.47,1,9.525847,10.34
2026-09-26,G0268,26.08063,87.05022,15.39,29.59,65.11,2.93,0.457,13.21,77.4,10.09,1,12.429021,15.39
2026-09-26,G0267,26.08063,87.0102,15.37,30.58,75.12,6.81,0.394,11.51,70.6,13.82,1,11.297785,15.37
2026-09-26,G0266,26.08063,86.97018,16.09,31.96,67.36,3.23,0.398,9.85,74.42,16.14,1,10.1736355,16.09
2026-09-26,G0265,26.08063,86.93017,11.54,30.62,74.14,4.48,0.434,12.48,73.64,9.35,1,10.521625,11.54
2026-09-26,G0264,26.08063,86.89015,11.86,30.6,75.2,4.42,0.373,9.76,73.87,12.8,1,9.091949,11.86
2026-09-26,G0263,26.08063,86.85013,16.13,30.79,80.39,5.85,0.39,7.13,73.47,9.23,1,8.08159,16.13
2026-09-26,G0269,26.08063,87.09024,2.1,31.54,71.83,5.22,0.436,15.45,74.45,13.5,1,9.245446,2.1
2026-09-26,G0262,26.08063,86.81011,4.16,30.14,65.04,5.94,0.428,15.65,73.21,12.64,1,9.097138,4.16
2026-09-26,G0260,26.08063,86.73008,14.22,30.28,74.58,2.94,0.47,22.79,76.17,18.64,1,15.203202,14.22
2026-09-26,G0259,26.08063,86.69006,9.33,28.69,75.36,2.06,0.4,19.2,71.59,13.73,1,14.155553,9.33
2026-09-26,G0258,26.08063,86.65004,9.06,28.81,77.04,3.25,0.371,27.52,77.92,22.32,1,14.970695,9.06
2026-09-26,G0257,26.08063,86.61003,11.0,28.81,81.41,4.2,0.417,14.46,74.68,9.79,1,12.113504,11.0
2026-09-26,G0256,26.08063,86.57001,17.89,30.56,74.09,2.93,0.421,12.1,72.89,12.37,1,11.520555,17.89
2026-09-26,G0255,26.04459,87.13012,13.1,30.61,73.78,3.41,0.387,20.82,73.01,12.2,1,14.732492,13.1
2026-09-26,G0261,26.08063,86.7701,22.72,31.51,77.71,2.77,0.339,11.23,75.34,13.11,1,12.855689,22.72
2026-09-26,G0254,26.04459,87.09024,14.15,30.54,72.49,3.47,0.443,10.32,69.34,10.08,1,10.705646,14.15
2026-09-26,G0270,26.08063,87.13012,10.74,29.81,71.3,4.51,0.441,10.1,72.2,8.36,1,8.538954,10.74
2026-09-26,G0272,26.09932,86.61003,9.86,30.96,71.75,2.64,0.402,11.2,74.98,12.03,1,9.280083,9.86
2026-09-26,G0145,25.79234,86.93017,19.13,31.29,69.41,3.76,0.438,4.91,59.92,6.19,1,8.923024,19.13
2026-09-26,G0285,26.09932,87.13012,9.02,31.03,78.79,3.32,0.423,12.74,75.93,8.69,1,11.464026,9.02
2026-09-26,G0284,26.09932,87.09024,6.46,31.06,72.83,4.3,0.429,14.48,76.57,7.92,1,11.085963,6.46
2026-09-26,G0283,26.09932,87.05022,14.54,30.49,74.72,1.89,0.483,7.77,74.4,6.28,1,8.836839,14.54
2026-09-26,G0282,26.09932,87.0102,14.16,29.71,75.83,4.62,0.565,13.43,76.36,7.95,1,12.917991,14.16
2026-09-26,G0281,26.09932,86.97018,17.66,28.66,70.85,3.31,0.444,13.45,77.02,14.46,1,13.105891,17.66
2026-09-26,G0271,26.09932,86.57001,4.72,29.9,66.44,3.24,0.418,16.61,74.65,10.48,1,9.537557,4.72
2026-09-26,G0280,26.09932,86.93017,14.03,31.33,77.69,1.87,0.413,10.39,78.3,11.19,1,11.330413,14.03
2026-09-26,G0278,26.09932,86.85013,14.2,29.36,65.06,4.81,0.411,16.19,76.38,11.22,1,12.616462,14.2
2026-09-26,G0277,26.09932,86.81011,11.38,28.5,71.96,2.27,0.453,13.38,73.56,16.36,1,10.674965,11.38
2026-09-26,G0276,26.09932,86.7701,12.58,29.5,74.69,1.5,0.401,15.39,73.25,12.02,1,12.347582,12.58
2026-09-26,G0275,26.09932,86.73008,16.67,28.4,69.97,3.08,0.411,15.65,74.37,14.93,1,13.3973055,16.67
2026-09-26,G0274,26.09932,86.69006,17.58,29.74,70.11,5.64,0.394,16.65,75.08,10.12,1,14.386383,17.58
2026-09-26,G0273,26.09932,86.65004,19.18,31.08,84.43,5.38,0.474,22.43,77.17,14.86,1,18.122944,19.18
2026-09-26,G0279,26.09932,86.89015,14.63,28.98,78.12,1.71,0.406,10.39,73.83,7.55,1,11.061137,14.63
2026-09-26,G0216,25.97252,86.7701,15.1,31.1,72.97,3.91,0.407,16.22,68.83,11.16,1,14.043456,15.1
2026-09-26,G0253,26.04459,87.05022,14.14,31.12,64.43,3.49,0.425,8.94,72.58,7.94,1,8.901682,14.14
2026-09-26,G0251,26.04459,86.97018,15.01,30.51,77.92,4.24,0.351,7.51,72.71,5.7,1,8.771538,15.01
2026-09-26,G0231,26.00856,86.7701,17.45,28.78,78.74,3.52,0.41,15.8,71.73,11.56,1,14.295055,17.45
2026-09-26,G0230,26.00856,86.73008,14.01,32.15,75.04,4.76,0.441,18.02,71.93,17.18,1,15.316677,14.01
2026-09-26,G0229,26.00856,86.69006,10.62,32.67,77.18,4.39,0.397,23.32,73.06,13.36,1,16.156904,10.62
2026-09-26,G0228,26.00856,86.65004,13.22,31.95,73.07,3.8,0.471,12.76,69.84,11.29,1,11.854231,13.22
2026-09-26,G0227,26.00856,86.61003,12.51,31.06,67.73,2.81,0.339,17.74,70.86,19.18,1,13.680505,12.51
2026-09-26,G0226,26.00856,86.57001,15.71,32.61,77.4,3.31,0.394,9.48,71.56,12.1,1,10.387108,15.71
2026-09-26,G0232,26.00856,86.81011,17.13,31.32,69.14,2.55,0.431,14.83,68.56,11.57,1,12.337635,17.13
2026-09-26,G0225,25.97252,87.13012,19.4,32.26,78.22,2.67,0.424,22.91,68.05,17.47,1,17.926813,19.4
2026-09-26,G0223,25.97252,87.05022,13.66,28.74,78.85,3.32,0.378,13.3,73.07,8.9,1,11.845077,13.66
2026-09-26,G0222,25.97252,87.0102,17.47,31.1,72.66,4.31,0.344,12.82,70.89,11.99,1,12.719259,17.47
2026-09-26,G0221,25.97252,86.97018,15.84,30.23,70.01,4.06,0.396,10.82,66.11,8.96,1,10.605678,15.84
2026-09-26,G0220,25.97252,86.93017,13.43,33.01,73.0,5.37,0.379,3.37,74.39,9.18,1,6.6103387,13.43
2026-09-26,G0219,25.97252,86.89015,13.61,30.57,80.27,5.34,0.4,8.35,66.93,8.54,1,9.255714,13.61
2026-09-26,G0218,25.97252,86.85013,12.73,31.02,71.75,3.78,0.367,13.89,71.47,8.46,1,11.563941,12.73
2026-09-26,G0224,25.97252,87.09024,16.47,28.76,74.53,3.18,0.439,18.02,69.26,19.17,1,14.887642,16.47
2026-09-26,G0252,26.04459,87.0102,5.4,30.92,68.87,3.04,0.455,15.37,71.98,9.0,1,9.514764,5.4
2026-09-26,G0233,26.00856,86.85013,8.67,31.46,73.97,3.2,0.456,10.19,72.91,4.19,1,8.341414,8.67
2026-09-26,G0235,26.00856,86.93017,11.72,33.14,80.77,1.46,0.414,13.71,71.6,15.45,1,12.350246,11.72
2026-09-26,G0249,26.04459,86.89015,22.65,31.29,73.69,2.16,0.453,10.01,72.6,10.41,1,12.147773,22.65
2026-09-26,G0248,26.04459,86.85013,12.54,30.93,71.05,3.87,0.454,11.51,74.04,9.22,1,9.808032,12.54
2026-09-26,G0247,26.04459,86.81011,9.69,30.27,75.37,5.48,0.484,20.8,71.85,13.39,1,15.277481,9.69
2026-09-26,G0246,26.04459,86.7701,15.61,29.12,72.05,2.98,0.445,7.55,71.27,14.6,1,8.580142,15.61
2026-09-26,G0245,26.04459,86.73008,15.81,31.08,80.5,2.96,0.45,17.52,72.89,15.95,1,14.027206,15.81
2026-09-26,G0244,26.04459,86.69006,8.68,31.03,72.91,2.98,0.467,18.75,76.11,18.41,1,13.471359,8.68
2026-09-26,G0234,26.00856,86.89015,19.82,30.48,75.56,3.23,0.483,15.76,69.7,15.21,1,14.805542,19.82
2026-09-26,G0243,26.04459,86.65004,8.82,32.33,73.78,5.88,0.422,12.03,72.68,8.03,1,8.746829,8.82
2026-09-26,G0241,26.04459,86.57001,12.78,32.29,69.4,4.24,0.462,12.05,73.81,13.32,1,10.876139,12.78
2026-09-26,G0240,26.00856,87.13012,15.74,30.02,77.28,2.56,0.425,22.11,67.4,23.56,1,17.876762,15.74
2026-09-26,G0239,26.00856,87.09024,8.59,28.87,74.97,4.51,0.389,13.44,69.44,10.67,1,10.944253,8.59
2026-09-26,G0238,26.00856,87.05022,17.52,29.7,72.66,3.45,0.381,13.5,66.99,12.19,1,12.545321,17.52
2026-09-26,G0237,26.00856,87.0102,6.62,29.44,70.55,5.19,0.424,5.32,71.9,1.25,1,6.11298,6.62
2026-09-26,G0236,26.00856,86.97018,19.48,31.41,69.75,3.18,0.435,12.67,72.59,13.38,1,12.71301,19.48
2026-09-26,G0242,26.04459,86.61003,15.61,28.25,77.09,4.6,0.417,12.58,75.87,9.96,1,11.758346,15.61
2026-09-26,G0144,25.79234,86.89015,8.68,31.57,73.64,3.79,0.39,10.3,58.34,3.02,1,8.972058,8.68
2026-09-26,G0143,25.79234,86.85013,12.8,33.1,78.26,2.66,0.399,11.25,57.34,9.76,1,10.119116,12.8
2026-09-26,G0142,25.79234,86.81011,4.0,30.48,71.77,3.61,0.475,10.05,60.94,4.58,1,7.537126,4.0
2026-09-26,G0051,25.57613,86.7701,8.3,32.0,75.95,4.84,0.425,18.93,48.97,12.41,1,13.579552,8.3
2026-09-26,G0050,25.57613,86.73008,16.89,31.72,81.58,3.17,0.374,17.82,52.08,9.58,1,15.219826,16.89
2026-09-26,G0049,25.57613,86.69006,12.45,32.17,68.97,6.09,0.475,16.21,49.93,8.98,1,12.541458,12.45
2026-09-26,G0048,25.57613,86.65004,7.29,30.32,83.38,3.97,0.373,16.4,53.65,12.59,1,11.743986,7.29
2026-09-26,G0047,25.57613,86.61003,19.32,32.16,72.74,2.91,0.401,16.79,54.05,11.75,1,15.602477,19.32
2026-09-26,G0046,25.57613,86.57001,23.73,31.0,77.46,3.88,0.408,20.0,48.37,24.81,1,18.580017,23.73
2026-09-26,G0052,25.57613,86.81011,11.67,31.77,69.95,3.44,0.379,17.84,50.21,11.19,1,13.962082,11.67
2026-09-26,G0045,25.54009,87.13012,21.92,32.32,80.73,3.56,0.449,9.6,45.24,12.13,1,10.8096075,21.92
2026-09-26,G0043,25.54009,87.05022,12.8,32.28,73.77,3.92,0.438,8.07,48.39,9.35,1,8.286674,12.8
2026-09-26,G0042,25.54009,87.0102,15.54,32.52,71.72,2.42,0.396,6.92,49.79,10.7,1,7.910194,15.54
2026-09-26,G0041,25.54009,86.97018,9.38,29.75,78.6,2.08,0.476,5.92,47.34,0.17,0,7.4274416,9.38
2026-09-26,G0040,25.54009,86.93017,11.79,32.42,75.93,4.18,0.379,7.09,49.81,10.13,1,7.4881597,11.79
2026-09-26,G0039,25.54009,86.89015,10.5,31.43,70.5,1.92,0.484,7.72,50.1,4.94,1,8.03671,10.5
2026-09-26,G0038,25.54009,86.85013,7.13,29.78,77.31,3.21,0.438,14.37,47.98,7.07,1,10.682964,7.13
2026-09-26,G0044,25.54009,87.09024,13.46,32.74,81.54,3.5,0.487,8.64,47.82,7.62,1,9.827793,13.46
2026-09-26,G0037,25.54009,86.81011,15.34,33.14,77.48,1.65,0.404,13.76,49.16,12.08,1,12.009234,15.34
2026-09-26,G0053,25.57613,86.85013,16.89,31.91,71.81,3.09,0.375,8.27,52.66,11.64,1,9.340122,16.89
2026-09-26,G0055,25.57613,86.93017,19.9,30.5,70.83,4.62,0.426,10.07,52.01,7.89,1,11.596246,19.9
2026-09-26,G0069,25.61216,86.89015,13.59,32.34,74.08,2.86,0.401,12.91,52.87,9.93,1,11.321968,13.59
2026-09-26,G0068,25.61216,86.85013,10.75,29.19,83.47,4.22,0.385,12.93,55.36,14.31,1,10.67089,10.75
2026-09-26,G0067,25.61216,86.81011,18.29,31.3,74.47,3.22,0.46,6.13,52.52,4.73,1,8.840647,18.29
2026-09-26,G0066,25.61216,86.7701,12.6,30.03,68.39,5.19,0.402,11.69,51.62,7.17,1,10.208681,12.6
2026-09-26,G0065,25.61216,86.73008,15.75,31.08,71.04,4.58,0.431,16.37,49.84,9.23,1,13.821312,15.75
2026-09-26,G0064,25.61216,86.69006,14.53,32.69,73.0,4.17,0.326,18.77,53.38,19.65,1,15.10683,14.53
2026-09-26,G0054,25.57613,86.89015,13.78,32.57,76.39,5.86,0.358,8.78,48.64,5.53,1,8.2016115,13.78
2026-09-26,G0063,25.61216,86.65004,16.4,31.66,79.55,5.25,0.432,14.6,53.09,14.44,1,13.199785,16.4
2026-09-26,G0061,25.61216,86.57001,6.1,32.5,73.25,2.14,0.42,10.26,55.73,3.39,1,8.592009,6.1
2026-09-26,G0060,25.57613,87.13012,12.49,30.59,70.15,5.31,0.417,23.22,49.39,16.5,1,15.727784,12.49
2026-09-26,G0059,25.57613,87.09024,11.6,30.32,73.22,2.52,0.424,14.5,49.59,10.02,1,11.252944,11.6
2026-09-26,G0058,25.57613,87.05022,20.1,31.59,74.58,2.38,0.3,11.91,45.57,12.92,1,12.850795,20.1
2026-09-26,G0057,25.57613,87.0102,15.58,32.33,72.85,4.54,0.438,13.5,54.08,14.63,1,12.434852,15.58
2026-09-26,G0056,25.57613,86.97018,15.73,32.35,82.21,3.41,0.396,10.11,53.89,8.47,1,10.908678,15.73
2026-09-26,G0062,25.61216,86.61003,14.49,32.97,81.68,4.97,0.429,22.53,50.3,15.7,1,15.714417,14.49
2026-09-26,G0070,25.61216,86.93017,10.36,29.16,89.45,4.77,0.398,18.63,55.21,14.46,1,13.877832,10.36
2026-09-26,G0036,25.54009,86.7701,10.15,32.75,69.46,3.47,0.414,8.99,49.11,8.14,1,7.9555426,10.15
2026-09-26,G0034,25.54009,86.69006,9.29,31.04,80.91,4.83,0.406,17.7,48.2,12.28,1,13.754829,9.29
2026-09-26,G0015,25.46802,87.13012,16.87,28.27,81.64,1.94,0.426,9.23,44.44,14.44,1,11.329319,16.87
2026-09-26,G0014,25.46802,87.09024,10.83,32.74,80.49,2.45,0.453,12.45,45.57,14.82,1,10.865065,10.83
2026-09-26,G0013,25.46802,87.05022,12.87,30.65,69.69,2.09,0.427,15.31,47.27,15.0,1,12.227149,12.87
2026-09-26,G0012,25.46802,87.0102,18.36,31.79,84.61,3.58,0.415,7.38,42.72,12.47,1,9.976423,18.36
2026-09-26,G0011,25.46802,86.97018,9.79,32.23,74.32,4.31,0.363,10.71,48.13,13.61,1,9.3054,9.79
2026-09-26,G0010,25.46802,86.93017,9.13,31.39,67.75,2.92,0.431,23.99,47.9,15.01,1,16.75748,9.13
2026-09-26,G0016,25.50405,86.57001,14.0,32.44,74.68,2.22,0.336,9.1,49.35,8.23,1,9.685911,14.0
2026-09-26,G0009,25.46802,86.89015,14.55,31.87,88.2,4.35,0.436,9.92,40.08,11.0,1,11.228472,14.55
2026-09-26,G0007,25.46802,86.81011,19.02,32.41,76.46,3.6,0.404,19.36,44.9,15.97,1,16.081356,19.02
2026-09-26,G0006,25.46802,86.7701,13.24,32.75,79.32,4.53,0.406,18.64,47.29,16.04,1,14.782912,13.24
2026-09-26,G0005,25.46802,86.73008,12.54,33.1,79.67,3.02,0.424,15.17,54.46,13.48,1,12.105383,12.54
2026-09-26,G0004,25.46802,86.69006,17.88,32.77,71.16,4.27,0.336,18.34,43.52,16.21,1,15.370445,17.88
2026-09-26,G0003,25.46802,86.65004,15.99,34.3,62.6,4.81,0.377,19.21,46.56,13.85,1,14.649793,15.99
2026-09-26,G0002,25.46802,86.61003,13.35,30.79,80.53,5.08,0.438,17.16,45.77,14.88,1,14.789495,13.35
2026-09-26,G0008,25.46802,86.85013,11.28,31.64,81.81,3.79,0.405,9.17,44.02,12.6,1,9.674134,11.28
2026-09-26,G0035,25.54009,86.73008,11.19,30.22,80.98,5.39,0.465,14.74,45.96,10.42,1,11.8561945,11.19
2026-09-26,G0017,25.50405,86.61003,7.85,32.05,72.47,4.59,0.425,13.29,49.35,12.79,1,9.7815485,7.85
2026-09-26,G0019,25.50405,86.69006,14.31,31.01,73.46,4.17,0.436,12.75,50.43,8.25,1,11.871855,14.31
2026-09-26,G0033,25.54009,86.65004,7.17,33.32,81.65,4.67,0.367,19.44,47.63,10.42,1,13.982753,7.17
2026-09-26,G0032,25.54009,86.61003,13.83,32.79,59.11,3.43,0.472,21.28,51.39,20.29,1,14.733247,13.83
2026-09-26,G0031,25.54009,86.57001,18.02,30.91,66.53,3.95,0.452,16.51,50.94,6.13,1,13.872998,18.02
2026-09-26,G0030,25.50405,87.13012,14.66,30.58,73.73,2.01,0.418,15.63,48.88,15.83,1,13.40977,14.66
2026-09-26,G0029,25.50405,87.09024,13.0,29.2,69.15,3.23,0.402,12.91,48.44,17.49,1,11.451747,13.0
2026-09-26,G0028,25.50405,87.05022,14.72,31.7,68.24,4.44,0.453,13.25,46.0,13.76,1,12.114852,14.72
2026-09-26,G0018,25.50405,86.65004,17.87,31.9,71.51,3.1,0.404,18.51,48.24,19.21,1,15.240256,17.87
2026-09-26,G0027,25.50405,87.0102,17.58,31.95,68.77,2.45,0.47,9.2,47.21,18.23,1,9.841427,17.58
2026-09-26,G0025,25.50405,86.93017,6.54,31.9,71.29,2.7,0.435,8.67,48.93,3.11,1,6.965613,6.54
2026-09-26,G0024,25.50405,86.89015,12.31,31.68,71.76,4.98,0.423,11.47,46.77,10.03,1,10.1464405,12.31
2026-09-26,G0023,25.50405,86.85013,14.41,33.66,78.3,1.73,0.427,17.96,51.89,10.19,1,14.60821,14.41
2026-09-26,G0022,25.50405,86.81011,18.26,31.24,77.65,3.68,0.446,13.41,47.68,19.77,1,12.666656,18.26
2026-09-26,G0021,25.50405,86.7701,6.01,31.22,73.65,3.52,0.366,9.8,48.2,9.38,1,7.777683,6.01
2026-09-26,G0020,25.50405,86.73008,18.66,33.83,69.82,3.31,0.439,13.6,45.65,19.4,1,13.592811,18.66
2026-09-26,G0026,25.50405,86.97018,16.01,30.45,69.46,1.33,0.415,6.8,50.3,13.79,1,7.8738346,16.01
2026-09-26,G0071,25.61216,86.97018,10.95,34.37,85.0,4.87,0.438,7.02,51.96,8.1,1,8.570191,10.95
2026-09-26,G0001,25.46802,86.57001,10.58,31.97,73.28,2.55,0.412,12.72,47.07,8.93,1,10.319311,10.58
2026-09-26,G0073,25.61216,87.05022,20.66,31.48,79.13,3.62,0.376,17.83,50.4,16.53,1,16.749186,20.66
2026-09-26,G0123,25.75631,86.65004,8.77,31.36,70.29,4.52,0.432,13.71,59.57,17.26,1,10.576276,8.77
2026-09-26,G0122,25.75631,86.61003,10.85,30.69,83.12,2.28,0.429,15.45,60.56,8.0,1,12.24421,10.85
2026-09-26,G0121,25.75631,86.57001,10.97,32.11,76.07,3.38,0.465,9.61,59.63,2.37,1,9.528825,10.97
2026-09-26,G0120,25.72027,87.13012,21.18,31.68,69.69,3.93,0.42,7.01,56.96,7.03,1,10.125713,21.18
2026-09-26,G0119,25.72027,87.09024,10.05,30.71,72.48,3.22,0.465,15.83,54.12,14.45,1,11.398078,10.05
2026-09-26,G0118,25.72027,87.05022,14.2,31.15,84.05,3.81,0.444,7.96,59.21,11.75,1,8.971466,14.2
2026-09-26,G0072,25.61216,87.0102,10.71,33.25,74.65,2.17,0.431,5.38,53.21,7.47,1,6.8559785,10.71
2026-09-26,G0117,25.72027,87.0102,7.36,29.63,69.98,4.9,0.361,10.63,57.25,4.25,1,8.255843,7.36
2026-09-26,G0115,25.72027,86.93017,15.92,30.22,78.22,5.47,0.432,9.27,59.8,12.1,1,10.018319,15.92
2026-09-26,G0114,25.72027,86.89015,7.41,30.31,66.29,2.88,0.447,6.34,59.0,7.55,1,6.678107,7.41
2026-09-26,G0113,25.72027,86.85013,11.08,32.77,81.83,2.13,0.389,7.99,57.45,7.26,1,8.238371,11.08
2026-09-26,G0112,25.72027,86.81011,8.67,29.98,75.96,4.24,0.442,14.77,58.16,9.69,1,11.227131,8.67
2026-09-26,G0111,25.72027,86.7701,8.64,31.76,76.11,2.77,0.433,20.54,59.2,15.65,1,15.113043,8.64
2026-09-26,G0110,25.72027,86.73008,4.2,31.08,73.21,1.37,0.466,9.12,60.18,7.43,1,7.225011,4.2
2026-09-26,G0116,25.72027,86.97018,14.75,28.94,74.94,4.34,0.427,0.75,54.2,0.0,0,4.790599,14.75
2026-09-26,G0109,25.72027,86.69006,9.36,31.63,74.5,4.51,0.433,14.34,55.64,12.39,1,11.5533905,9.36
2026-09-26,G0125,25.75631,86.73008,9.22,30.85,68.76,3.3,0.441,11.28,57.61,12.93,1,9.176519,9.22
2026-09-26,G0127,25.75631,86.81011,17.73,32.04,73.46,2.94,0.365,14.3,54.48,17.57,1,12.45444,17.73
2026-09-26,G0141,25.79234,86.7701,15.77,29.66,70.51,4.1,0.426,6.06,51.23,5.46,1,8.286531,15.77
2026-09-26,G0140,25.79234,86.73008,17.89,30.21,70.83,5.6,0.49,18.98,61.01,8.53,1,14.631331,17.89
2026-09-26,G0139,25.79234,86.69006,15.77,32.69,76.33,2.75,0.498,11.87,64.38,11.15,1,11.318673,15.77
2026-09-26,G0138,25.79234,86.65004,13.57,31.22,69.17,3.2,0.387,11.49,62.49,4.86,1,10.341344,13.57
2026-09-26,G0137,25.79234,86.61003,9.82,31.73,72.37,4.27,0.405,7.97,61.3,10.44,1,7.119109,9.82
2026-09-26,G0136,25.79234,86.57001,3.55,30.69,78.3,2.13,0.445,4.95,59.02,3.37,1,4.2638335,3.55
2026-09-26,G0126,25.75631,86.7701,10.12,32.18,78.44,4.92,0.439,6.68,59.75,2.67,1,6.9243326,10.12
2026-09-26,G0135,25.75631,87.13012,13.73,32.99,72.58,3.98,0.416,17.32,57.69,12.99,1,13.53609,13.73
2026-09-26,G0133,25.75631,87.05022,13.42,31.47,71.26,5.92,0.454,4.48,57.57,6.52,1,6.050571,13.42
2026-09-26,G0132,25.75631,87.0102,11.61,31.94,72.52,2.08,0.401,4.57,59.77,7.85,1,6.2399516,11.61
2026-09-26,G0131,25.75631,86.97018,7.2,31.36,78.52,1.56,0.376,6.31,61.78,5.88,1,6.2312217,7.2
2026-09-26,G0130,25.75631,86.93017,9.66,33.44,85.71,1.76,0.427,11.64,59.15,12.26,1,10.794848,9.66
2026-09-26,G0129,25.75631,86.89015,18.31,31.98,73.76,3.21,0.388,15.23,57.07,12.63,1,12.901593,18.31
2026-09-26,G0128,25.75631,86.85013,13.66,31.61,73.31,3.84,0.427,12.38,61.06,6.48,1,10.898724,13.66
2026-09-26,G0134,25.75631,87.09024,11.59,32.54,74.17,2.07,0.388,10.98,54.75,10.98,1,9.453654,11.59
2026-09-26,G0108,25.72027,86.65004,18.17,32.61,81.69,3.81,0.36,13.19,61.29,15.49,1,13.723952,18.17
2026-09-26,G0124,25.75631,86.69006,5.58,31.26,72.21,6.1,0.412,12.4,55.0,1.09,1,8.886816,5.58
2026-09-26,G0106,25.72027,86.57001,6.37,29.8,77.9,1.2,0.381,6.48,57.06,8.42,1,6.874479,6.37
2026-09-26,G0087,25.6482,87.0102,15.29,33.1,75.05,2.53,0.381,9.83,56.96,14.65,1,9.474393,15.29
2026-09-26,G0086,25.6482,86.97018,16.92,29.8,73.88,1.95,0.505,9.93,52.45,10.16,1,10.209525,16.92
2026-09-26,G0085,25.6482,86.93017,10.89,29.95,68.13,3.1,0.472,4.02,55.67,10.05,1,6.309638,10.89
2026-09-26,G0084,25.6482,86.89015,13.55,32.86,73.82,4.27,0.433,13.56,53.61,13.9,1,11.910911,13.55
2026-09-26,G0083,25.6482,86.85013,11.64,34.89,67.17,2.68,0.488,3.81,59.53,11.67,1,7.2653093,11.64
2026-09-26,G0081,25.6482,86.7701,12.02,32.0,79.46,4.47,0.482,11.94,54.52,14.8,1,10.333374,12.02
2026-09-26,G0088,25.6482,87.05022,6.01,31.31,76.79,5.33,0.417,12.04,51.9,14.37,1,9.268353,6.01
2026-09-26,G0080,25.6482,86.73008,15.39,30.22,91.78,5.78,0.448,14.02,52.8,15.0,1,11.714772,15.39
2026-09-26,G0078,25.6482,86.65004,11.38,31.34,68.68,4.43,0.309,18.2,54.58,18.45,1,13.695248,11.38
2026-09-26,G0077,25.6482,86.61003,11.22,32.26,77.41,2.89,0.407,8.84,55.62,14.66,1,8.52921,11.22
2026-09-26,G0076,25.6482,86.57001,12.05,30.59,73.2,3.99,0.342,9.24,53.52,6.11,1,8.63239,12.05
2026-09-26,G0075,25.61216,87.13012,15.4,33.52,73.44,3.34,0.423,18.07,50.46,11.45,1,13.901765,15.4
2026-09-26,G0074,25.61216,87.09024,14.49,31.58,77.09,2.51,0.413,16.65,51.39,13.98,1,14.274942,14.49
2026-09-26,G0107,25.72027,86.61003,10.19,32.03,71.22,2.94,0.433,14.37,61.92,10.09,1,10.626145,10.19
2026-09-26,G0079,25.6482,86.69006,13.55,31.81,81.53,3.01,0.425,9.21,58.18,10.31,1,9.659014,13.55
2026-09-26,G0089,25.6482,87.09024,15.7,30.33,68.46,4.91,0.394,10.52,54.53,12.08,1,10.887956,15.7
2026-09-26,G0082,25.6482,86.81011,15.98,29.39,69.19,4.02,0.396,9.09,54.0,14.56,1,9.690765,15.98
2026-09-26,G0091,25.68423,86.57001,11.36,31.07,77.46,2.16,0.439,12.39,53.87,9.73,1,10.419494,11.36
2026-09-26,G0090,25.6482,87.13012,15.5,30.73,85.01,3.53,0.385,11.36,54.37,17.22,1,12.035942,15.5
2026-09-26,G0104,25.68423,87.09024,15.07,28.83,73.87,2.74,0.372,12.49,57.3,13.17,1,11.318207,15.07
2026-09-26,G0103,25.68423,87.05022,8.99,31.27,81.24,4.28,0.395,10.02,53.47,6.67,1,9.155364,8.99
2026-09-26,G0102,25.68423,87.0102,11.48,31.98,71.13,3.61,0.428,6.69,55.14,6.25,1,6.2590036,11.48
2026-09-26,G0101,25.68423,86.97018,10.39,30.81,63.96,2.67,0.417,9.79,57.08,7.95,1,8.405449,10.39
2026-09-26,G0100,25.68423,86.93017,8.51,30.76,71.15,4.19,0.371,2.43,56.74,0.74,0,4.5140004,8.51
2026-09-26,G0099,25.68423,86.89015,4.63,31.12,74.07,4.26,0.366,8.91,56.02,10.49,1,6.724856,4.63
2026-09-26,G0105,25.68423,87.13012,8.98,33.65,72.58,2.2,0.395,7.44,54.06,8.9,1,6.9584203,8.98
2026-09-26,G0097,25.68423,86.81011,9.97,30.48,75.71,4.26,0.4,3.85,55.16,8.62,1,5.686836,9.97
2026-09-26,G0096,25.68423,86.7701,10.59,32.09,72.62,1.75,0.447,11.99,55.12,8.84,1,9.899906,10.59
2026-09-26,G0095,25.68423,86.73008,11.56,32.13,74.38,4.02,0.481,11.41,59.35,17.49,1,9.808678,11.56
2026-09-26,G0094,25.68423,86.69006,9.24,31.68,75.88,2.24,0.39,11.1,54.14,9.74,1,9.631197,9.24
2026-09-26,G0093,25.68423,86.65004,13.13,35.31,78.88,3.69,0.384,16.83,56.64,10.94,1,14.182496,13.13
2026-09-26,G0092,25.68423,86.61003,11.19,30.75,74.14,4.47,0.463,11.98,54.72,7.52,1,9.960997,11.19
2026-09-26,G0098,25.68423,86.85013,19.73,31.52,71.95,5.47,0.372,11.58,54.26,6.85,1,12.675067,19.73
2026-09-27,G0194,25.90045,87.09024,8.22,28.77,77.42,3.93,0.375,22.78,65.8,17.31,1,14.769547,8.22
2026-09-27,G0193,25.90045,87.05022,18.35,32.26,70.5,3.52,0.435,12.32,69.03,13.06,1,12.076712,18.35
2026-09-27,G0192,25.90045,87.0102,14.7,30.2,64.46,5.01,0.47,10.64,67.29,12.02,1,10.521663,14.7
2026-09-27,G0191,25.90045,86.97018,14.09,28.9,78.45,2.38,0.424,13.28,66.26,9.18,1,12.007751,14.09
2026-09-27,G0190,25.90045,86.93017,10.25,29.85,68.91,3.38,0.441,11.26,66.37,13.0,1,9.840598,10.25
2026-09-27,G0189,25.90045,86.89015,13.31,31.88,68.98,2.95,0.439,15.11,66.5,12.39,1,12.003012,13.31
2026-09-27,G0185,25.90045,86.73008,11.05,31.06,75.36,4.87,0.422,12.83,64.79,9.81,1,11.188046,11.05
2026-09-27,G0187,25.90045,86.81011,13.34,29.95,66.03,3.53,0.469,13.91,68.15,8.78,1,11.508908,13.34
2026-09-27,G0186,25.90045,86.7701,11.52,28.93,73.95,4.01,0.427,15.62,68.08,13.48,1,12.520337,11.52
2026-09-27,G0184,25.90045,86.69006,7.8,30.35,66.24,2.28,0.467,8.58,65.64,11.15,1,7.0328264,7.8
2026-09-27,G0183,25.90045,86.65004,11.33,31.93,71.43,2.8,0.504,13.55,67.22,13.76,1,10.761232,11.33
2026-09-27,G0182,25.90045,86.61003,12.66,31.49,74.41,3.2,0.466,8.96,69.51,9.28,1,8.408664,12.66
2026-09-27,G0195,25.90045,87.13012,17.07,31.23,81.76,1.15,0.434,12.71,66.11,15.16,1,12.548432,17.07
2026-09-27,G0188,25.90045,86.85013,7.38,30.79,76.61,5.6,0.406,15.62,65.78,10.84,1,11.480138,7.38
2026-09-27,G0196,25.93649,86.57001,11.38,31.16,71.56,3.17,0.452,20.43,66.85,12.34,1,15.384374,11.38
2026-09-27,G0213,25.97252,86.65004,11.65,30.43,67.67,4.34,0.45,14.92,68.28,13.46,1,11.746235,11.65
2026-09-27,G0198,25.93649,86.65004,14.82,31.8,70.2,2.18,0.507,11.64,67.6,9.59,1,10.647075,14.82
2026-09-27,G0212,25.97252,86.61003,12.76,29.66,74.85,1.67,0.346,17.87,68.04,19.7,1,13.353326,12.76
2026-09-27,G0211,25.97252,86.57001,12.98,29.97,70.53,3.93,0.479,4.68,66.23,3.86,1,6.0215254,12.98
2026-09-27,G0210,25.93649,87.13012,10.84,31.37,72.54,3.76,0.43,17.31,68.43,15.85,1,12.9073715,10.84
2026-09-27,G0209,25.93649,87.09024,5.43,30.77,74.32,5.02,0.411,11.19,68.14,10.99,1,8.87062,5.43
2026-09-27,G0208,25.93649,87.05022,14.85,28.2,70.38,3.04,0.393,6.89,66.23,5.63,1,7.9402294,14.85
2026-09-27,G0207,25.93649,87.0102,12.94,31.83,71.72,3.73,0.413,12.36,69.35,11.23,1,10.732432,12.94
2026-09-27,G0197,25.93649,86.61003,11.26,29.87,69.66,1.53,0.42,14.72,65.31,16.22,1,11.101371,11.26
2026-09-27,G0206,25.93649,86.97018,12.86,31.77,67.56,2.12,0.471,8.27,66.94,7.05,1,8.733,12.86
2026-09-27,G0204,25.93649,86.89015,12.03,31.76,72.02,2.42,0.413,3.07,64.98,4.84,1,5.4724627,12.03
2026-09-27,G0203,25.93649,86.85013,13.3,32.98,76.78,2.35,0.454,11.33,66.67,10.28,1,10.265049,13.3
2026-09-27,G0202,25.93649,86.81011,15.63,32.01,72.79,4.36,0.411,7.42,69.22,3.44,1,8.578143,15.63
2026-09-27,G0201,25.93649,86.7701,14.47,31.71,80.02,4.27,0.385,17.78,70.71,17.15,1,15.342505,14.47
2026-09-27,G0200,25.93649,86.73008,10.86,30.63,70.41,3.24,0.446,17.61,68.15,11.45,1,13.350538,10.86
2026-09-27,G0199,25.93649,86.69006,14.43,29.82,74.96,4.71,0.378,14.03,68.81,11.03,1,12.912448,14.43
2026-09-27,G0205,25.93649,86.93017,13.12,29.06,73.53,3.39,0.417,18.17,67.44,11.79,1,14.107394,13.12
2026-09-27,G0181,25.90045,86.57001,12.95,30.04,69.17,3.29,0.432,9.67,65.88,14.51,1,9.380573,12.95
2026-09-27,G0146,25.79234,86.97018,6.98,31.36,74.57,3.91,0.382,7.01,58.72,7.13,1,6.282961,6.98
2026-09-27,G0179,25.86441,87.09024,4.93,32.22,77.91,2.69,0.459,12.57,65.5,8.94,1,8.224,4.93
2026-09-27,G0159,25.82838,86.89015,14.53,32.74,83.08,2.78,0.359,3.11,61.25,5.75,1,6.422821,14.53
2026-09-27,G0158,25.82838,86.85013,19.07,31.73,78.62,4.06,0.424,11.33,63.77,10.19,1,12.257756,19.07
2026-09-27,G0157,25.82838,86.81011,12.8,32.17,73.87,4.18,0.378,16.09,61.54,13.95,1,12.692712,12.8
2026-09-27,G0156,25.82838,86.7701,8.44,31.24,68.87,2.96,0.338,14.79,59.24,12.95,1,10.583929,8.44
2026-09-27,G0155,25.82838,86.73008,10.61,30.56,79.12,5.2,0.372,10.92,62.6,9.41,1,10.060417,10.61
2026-09-27,G0154,25.82838,86.69006,12.54,32.07,81.98,3.01,0.414,13.22,63.58,11.06,1,11.652046,12.54
2026-09-27,G0160,25.82838,86.93017,9.21,31.77,77.25,1.84,0.468,6.08,63.83,6.51,1,7.1453195,9.21
2026-09-27,G0153,25.82838,86.65004,14.28,32.23,70.88,2.57,0.407,15.21,62.92,16.88,1,12.399836,14.28
2026-09-27,G0151,25.82838,86.57001,6.71,31.53,79.47,2.5,0.365,12.5,62.33,8.87,1,9.919,6.71
2026-09-27,G0150,25.79234,87.13012,11.06,30.06,74.39,4.35,0.425,2.4,62.47,6.5,1,4.683338,11.06
2026-09-27,G0149,25.79234,87.09024,12.31,30.2,73.44,2.96,0.413,9.66,60.99,6.67,1,9.496792,12.31
2026-09-27,G0148,25.79234,87.05022,3.42,28.85,66.12,3.22,0.487,3.61,60.55,2.98,1,4.7776833,3.42
2026-09-27,G0147,25.79234,87.0102,8.93,31.36,67.64,7.26,0.373,4.2,61.38,1.81,1,5.843511,8.93
2026-09-27,G0285,26.09932,87.13012,11.61,30.7,72.07,3.66,0.419,10.35,75.39,8.22,1,9.285159,11.61
2026-09-27,G0152,25.82838,86.61003,14.09,32.38,77.52,4.57,0.45,10.97,64.5,13.44,1,10.663794,14.09
2026-09-27,G0161,25.82838,86.97018,13.84,31.06,82.03,4.83,0.417,9.58,61.83,5.5,1,10.200058,13.84
2026-09-27,G0162,25.82838,87.0102,9.97,31.65,68.44,1.57,0.391,7.23,59.27,7.58,1,6.324114,9.97
2026-09-27,G0163,25.82838,87.05022,17.87,29.18,84.13,3.51,0.416,12.33,65.51,13.17,1,12.710665,17.87
2026-09-27,G0178,25.86441,87.05022,19.59,31.23,72.64,3.69,0.394,10.66,63.11,13.24,1,12.060212,19.59
2026-09-27,G0177,25.86441,87.0102,15.09,32.14,80.9,3.6,0.463,10.07,64.67,8.96,1,10.824181,15.09
2026-09-27,G0176,25.86441,86.97018,15.99,30.99,78.03,7.2,0.46,7.99,63.57,8.15,1,9.009382,15.99
2026-09-27,G0175,25.86441,86.93017,17.35,30.24,71.41,3.07,0.341,7.18,66.29,7.76,1,8.570549,17.35
2026-09-27,G0174,25.86441,86.89015,12.07,31.05,71.07,5.97,0.42,14.36,61.47,10.04,1,11.851454,12.07
2026-09-27,G0173,25.86441,86.85013,12.53,30.45,68.86,1.1,0.408,11.27,60.51,9.07,1,10.556666,12.53
2026-09-27,G0172,25.86441,86.81011,18.38,29.73,70.88,3.47,0.457,17.44,64.86,17.62,1,14.973521,18.38
2026-09-27,G0171,25.86441,86.7701,20.31,30.27,82.94,2.74,0.434,10.14,62.65,6.37,1,12.169267,20.31
2026-09-27,G0170,25.86441,86.73008,6.15,31.46,81.69,2.99,0.411,14.87,65.48,13.79,1,11.302813,6.15
2026-09-27,G0169,25.86441,86.69006,13.07,30.45,76.38,5.36,0.479,7.31,61.23,5.46,1,8.38559,13.07
2026-09-27,G0168,25.86441,86.65004,10.71,30.68,72.45,3.16,0.373,5.61,68.13,5.73,1,6.089057,10.71
2026-09-27,G0167,25.86441,86.61003,15.11,32.15,76.23,3.05,0.465,7.09,63.57,15.21,1,7.787332,15.11
2026-09-27,G0166,25.86441,86.57001,14.17,32.43,65.83,4.09,0.474,5.89,65.62,0.94,0,7.191773,14.17
2026-09-27,G0165,25.82838,87.13012,14.55,30.21,73.37,5.73,0.408,8.94,62.82,8.65,1,9.324399,14.55
2026-09-27,G0164,25.82838,87.09024,12.95,29.5,70.11,2.9,0.459,10.78,61.07,10.75,1,9.682134,12.95
2026-09-27,G0180,25.86441,87.13012,16.9,31.24,81.98,1.59,0.382,11.64,64.25,12.68,1,11.798827,16.9
2026-09-27,G0214,25.97252,86.69006,16.88,30.58,69.58,2.5,0.412,16.84,68.09,8.08,1,13.730471,16.88
2026-09-27,G0249,26.04459,86.89015,22.16,30.24,75.15,2.65,0.389,8.43,70.36,10.8,1,10.462524,22.16
2026-09-27,G0216,25.97252,86.7701,11.12,29.72,76.74,3.9,0.405,14.63,72.59,13.89,1,12.10395,11.12
2026-09-27,G0267,26.08063,87.0102,9.72,32.36,78.74,3.82,0.371,4.25,77.5,3.52,1,5.459129,9.72
2026-09-27,G0266,26.08063,86.97018,6.69,32.11,76.1,2.01,0.465,8.67,72.35,15.55,1,7.5253487,6.69
2026-09-27,G0265,26.08063,86.93017,15.68,30.01,76.35,3.85,0.41,15.34,74.74,16.38,1,13.067072,15.68
2026-09-27,G0264,26.08063,86.89015,16.23,30.29,73.77,4.04,0.381,14.89,73.52,12.46,1,12.675061,16.23
2026-09-27,G0263,26.08063,86.85013,3.46,29.8,68.61,3.01,0.404,20.05,77.29,19.05,1,12.080493,3.46
2026-09-27,G0262,26.08063,86.81011,14.87,30.58,80.3,3.07,0.371,11.22,71.38,11.6,1,10.782417,14.87
2026-09-27,G0268,26.08063,87.05022,8.55,29.86,73.73,4.52,0.424,10.75,74.93,10.11,1,9.244509,8.55
2026-09-27,G0261,26.08063,86.7701,14.24,30.27,75.62,4.32,0.371,12.63,73.88,18.18,1,11.548653,14.24
2026-09-27,G0259,26.08063,86.69006,4.99,30.29,78.03,6.96,0.479,17.36,77.25,6.64,1,10.363481,4.99
2026-09-27,G0258,26.08063,86.65004,13.63,32.11,83.05,3.13,0.405,26.71,73.48,18.73,1,18.524408,13.63
2026-09-27,G0257,26.08063,86.61003,17.14,30.07,71.35,3.86,0.479,23.07,76.69,22.51,1,18.045538,17.14
2026-09-27,G0256,26.08063,86.57001,10.93,30.15,77.16,5.03,0.428,8.62,72.86,3.31,1,7.588084,10.93
2026-09-27,G0255,26.04459,87.13012,5.89,29.1,75.87,4.46,0.415,15.87,73.36,8.03,1,11.632748,5.89
2026-09-27,G0254,26.04459,87.09024,14.86,32.53,75.3,3.53,0.5,12.34,69.64,13.37,1,10.895558,14.86
2026-09-27,G0260,26.08063,86.73008,14.94,29.96,78.13,2.21,0.5,16.19,71.66,15.32,1,13.972672,14.94
2026-09-27,G0253,26.04459,87.05022,14.36,31.17,72.84,3.93,0.423,9.3,71.95,8.43,1,9.50451,14.36
2026-09-27,G0269,26.08063,87.09024,15.23,30.68,70.88,3.98,0.468,14.22,76.36,16.99,1,12.509159,15.23
2026-09-27,G0271,26.09932,86.57001,4.45,31.65,80.81,5.65,0.475,9.54,76.98,8.28,1,7.4887557,4.45
2026-09-27,G0145,25.79234,86.93017,11.18,32.42,63.93,0.21,0.463,4.09,61.04,8.22,1,6.285819,11.18
2026-09-27,G0284,26.09932,87.09024,11.46,30.96,78.0,3.12,0.437,24.27,75.29,16.45,1,17.47863,11.46
2026-09-27,G0283,26.09932,87.05022,19.71,30.25,80.19,4.53,0.438,9.71,73.68,15.25,1,11.262646,19.71
2026-09-27,G0282,26.09932,87.0102,12.27,31.43,66.43,2.97,0.396,7.59,76.55,9.23,1,8.0149355,12.27
2026-09-27,G0281,26.09932,86.97018,13.21,32.98,79.62,2.68,0.483,19.71,78.15,16.46,1,14.43469,13.21
2026-09-27,G0280,26.09932,86.93017,17.44,31.14,82.25,4.03,0.408,15.36,76.6,13.27,1,13.843895,17.44
2026-09-27,G0270,26.08063,87.13012,19.15,33.83,76.7,3.74,0.452,15.56,75.8,16.6,1,12.627312,19.15
2026-09-27,G0279,26.09932,86.89015,13.91,32.35,78.11,4.06,0.355,16.85,75.16,11.41,1,13.546291,13.91
2026-09-27,G0277,26.09932,86.81011,11.89,31.84,78.16,6.72,0.432,19.55,74.33,10.29,1,12.958567,11.89
2026-09-27,G0276,26.09932,86.7701,9.39,31.15,71.71,3.6,0.387,15.24,75.0,9.61,1,12.043601,9.39
2026-09-27,G0275,26.09932,86.73008,10.26,30.0,76.08,5.18,0.34,13.39,78.22,10.32,1,10.924857,10.26
2026-09-27,G0274,26.09932,86.69006,10.9,29.32,78.37,2.76,0.372,15.48,73.02,9.51,1,11.822124,10.9
2026-09-27,G0273,26.09932,86.65004,5.69,30.12,69.61,4.38,0.416,11.6,72.76,14.0,1,8.168454,5.69
2026-09-27,G0272,26.09932,86.61003,13.24,28.24,84.06,3.33,0.505,19.25,73.58,14.29,1,15.201331,13.24
2026-09-27,G0278,26.09932,86.85013,12.4,30.35,76.15,2.93,0.415,7.31,72.43,5.15,1,7.797964,12.4
2026-09-27,G0215,25.97252,86.73008,16.97,31.87,62.43,3.82,0.451,16.3,70.72,15.76,1,14.219352,16.97
2026-09-27,G0252,26.04459,87.0102,13.02,31.16,80.5,3.09,0.438,10.68,73.44,6.59,1,10.186476,13.02
2026-09-27,G0250,26.04459,86.93017,7.3,31.19,71.83,1.5,0.35,14.34,71.38,10.9,1,10.674602,7.3
2026-09-27,G0230,26.00856,86.73008,14.02,30.66,65.87,1.35,0.438,18.81,70.83,17.58,1,14.937057,14.02
2026-09-27,G0229,26.00856,86.69006,14.31,31.5,72.85,1.71,0.451,19.45,72.43,20.14,1,14.787542,14.31
2026-09-27,G0228,26.00856,86.65004,16.99,29.29,68.97,1.77,0.423,14.81,69.45,16.65,1,12.573488,16.99
2026-09-27,G0227,26.00856,86.61003,10.49,30.79,76.82,3.49,0.42,14.84,71.98,12.81,1,11.635436,10.49
2026-09-27,G0226,26.00856,86.57001,13.91,30.6,72.45,3.16,0.488,23.52,69.85,20.43,1,16.743587,13.91
2026-09-27,G0225,25.97252,87.13012,8.03,30.42,77.97,2.15,0.447,15.62,73.07,12.92,1,11.640489,8.03
2026-09-27,G0231,26.00856,86.7701,11.53,29.92,76.26,4.21,0.488,13.5,75.21,11.1,1,10.93754,11.53
2026-09-27,G0224,25.97252,87.09024,14.63,33.12,69.94,4.34,0.486,14.1,70.87,18.82,1,12.489115,14.63
2026-09-27,G0222,25.97252,87.0102,11.23,30.32,77.64,2.45,0.371,10.89,68.07,9.91,1,9.974419,11.23
2026-09-27,G0221,25.97252,86.97018,13.06,32.65,74.5,0.0,0.382,7.69,68.77,13.36,1,6.7223387,13.06
2026-09-27,G0220,25.97252,86.93017,10.81,30.58,69.55,2.4,0.361,17.38,69.72,17.15,1,12.940038,10.81
2026-09-27,G0219,25.97252,86.89015,6.11,31.84,74.18,3.5,0.483,14.12,70.89,8.22,1,10.448992,6.11
2026-09-27,G0218,25.97252,86.85013,10.52,31.3,68.98,3.12,0.394,16.98,70.84,12.94,1,12.969961,10.52
2026-09-27,G0217,25.97252,86.81011,15.31,28.89,72.64,4.17,0.362,9.95,69.28,7.63,1,9.960621,15.31
2026-09-27,G0223,25.97252,87.05022,3.23,32.25,87.01,4.94,0.517,15.84,70.16,8.52,1,10.871458,3.23
2026-09-27,G0251,26.04459,86.97018,1.95,32.33,75.73,2.66,0.427,13.06,70.52,7.48,1,8.079402,1.95
2026-09-27,G0232,26.00856,86.81011,12.14,28.84,78.94,2.81,0.452,22.12,71.77,18.71,1,16.16583,12.14
2026-09-27,G0234,26.00856,86.89015,8.0,32.17,72.56,1.68,0.429,21.22,70.75,16.12,1,14.084457,8.0
2026-09-27,G0248,26.04459,86.85013,15.69,30.69,77.36,3.86,0.414,11.67,71.94,7.44,1,10.383528,15.69
2026-09-27,G0247,26.04459,86.81011,8.17,31.67,75.5,1.94,0.396,13.38,72.67,14.68,1,10.770598,8.17
2026-09-27,G0246,26.04459,86.7701,10.27,30.76,70.07,2.51,0.386,14.0,72.35,11.93,1,10.789557,10.27
2026-09-27,G0245,26.04459,86.73008,10.44,30.87,72.74,5.39,0.451,7.89,76.17,9.26,1,8.184418,10.44
2026-09-27,G0244,26.04459,86.69006,13.91,30.26,75.15,1.53,0.453,19.1,71.9,10.96,1,15.292398,13.91
2026-09-27,G0243,26.04459,86.65004,15.9,30.99,77.68,5.11,0.465,13.24,74.73,15.62,1,12.015827,15.9
2026-09-27,G0233,26.00856,86.85013,11.47,30.28,76.09,3.02,0.43,9.89,70.64,9.05,1,9.5935335,11.47
2026-09-27,G0242,26.04459,86.61003,12.23,31.5,71.66,4.8,0.398,22.3,72.2,20.03,1,16.432781,12.23
2026-09-27,G0240,26.00856,87.13012,22.87,30.03,64.35,4.12,0.451,15.67,70.71,14.77,1,15.608697,22.87
2026-09-27,G0239,26.00856,87.09024,11.48,31.18,77.32,5.28,0.414,15.9,67.44,14.27,1,13.215353,11.48
2026-09-27,G0238,26.00856,87.05022,15.88,32.39,68.87,2.67,0.365,20.07,67.32,14.92,1,16.666302,15.88
2026-09-27,G0237,26.00856,87.0102,9.92,30.38,81.77,2.29,0.403,6.7,67.17,9.94,1,7.950987,9.92
2026-09-27,G0236,26.00856,86.97018,13.96,31.83,74.9,5.48,0.384,12.27,72.96,6.77,1,10.244798,13.96
2026-09-27,G0235,26.00856,86.93017,16.76,29.41,76.26,4.47,0.334,13.99,67.31,15.5,1,12.645471,16.76
2026-09-27,G0241,26.04459,86.57001,9.64,32.16,73.94,2.24,0.47,17.14,72.3,9.95,1,12.848179,9.64
2026-09-27,G0144,25.79234,86.89015,18.16,30.47,77.11,4.16,0.417,10.2,58.81,9.38,1,10.60615,18.16
2026-09-27,G0072,25.61216,87.0102,8.1,33.14,76.14,3.29,0.415,2.17,52.74,1.62,1,4.454201,8.1
2026-09-27,G0142,25.79234,86.81011,13.82,30.02,82.94,2.66,0.32,8.49,62.01,2.29,1,8.852042,13.82
2026-09-27,G0050,25.57613,86.73008,17.7,29.51,73.84,4.28,0.382,14.03,50.58,8.53,1,12.941049,17.7
2026-09-27,G0049,25.57613,86.69006,15.59,31.16,72.83,4.26,0.402,16.46,53.54,16.64,1,14.109486,15.59
2026-09-27,G0048,25.57613,86.65004,11.81,31.69,75.21,2.94,0.464,19.75,49.31,14.29,1,15.398834,11.81
2026-09-27,G0047,25.57613,86.61003,6.47,29.92,77.5,4.71,0.442,7.96,52.22,0.0,0,7.5679417,6.47
2026-09-27,G0046,25.57613,86.57001,13.31,30.6,80.61,3.84,0.434,19.44,49.37,19.24,1,14.988966,13.31
2026-09-27,G0045,25.54009,87.13012,0.2,31.91,73.67,2.39,0.417,9.81,47.14,8.3,1,5.7687488,0.2
2026-09-27,G0051,25.57613,86.7701,12.72,29.75,74.98,3.83,0.374,11.53,48.44,7.36,1,10.500184,12.72
2026-09-27,G0044,25.54009,87.09024,9.3,32.92,79.4,1.7,0.444,16.43,52.02,13.67,1,12.750337,9.3
2026-09-27,G0042,25.54009,87.0102,14.66,32.37,74.49,3.65,0.429,13.69,48.2,11.65,1,12.121064,14.66
2026-09-27,G0041,25.54009,86.97018,10.54,32.18,81.14,2.23,0.359,16.57,53.44,14.32,1,12.811621,10.54
2026-09-27,G0040,25.54009,86.93017,8.69,32.71,69.87,3.56,0.402,17.08,49.25,13.79,1,12.246256,8.69
2026-09-27,G0039,25.54009,86.89015,17.79,31.87,75.53,2.73,0.425,13.35,47.68,9.35,1,12.830103,17.79
2026-09-27,G0038,25.54009,86.85013,19.7,32.13,73.23,5.02,0.316,15.19,46.92,16.84,1,13.664815,19.7
2026-09-27,G0037,25.54009,86.81011,16.82,31.04,77.97,3.96,0.436,11.72,49.29,14.31,1,11.139054,16.82
2026-09-27,G0043,25.54009,87.05022,10.09,31.95,75.77,4.31,0.447,17.03,48.39,12.67,1,12.952791,10.09
2026-09-27,G0035,25.54009,86.73008,13.38,31.06,78.58,2.82,0.403,16.73,50.68,17.68,1,13.778864,13.38
2026-09-27,G0052,25.57613,86.81011,16.01,31.07,72.27,0.65,0.369,6.55,50.75,6.25,1,8.834111,16.01
2026-09-27,G0054,25.57613,86.89015,22.88,31.5,75.72,3.56,0.422,6.65,53.49,13.12,1,9.448309,22.88
2026-09-27,G0068,25.61216,86.85013,11.84,28.92,78.97,0.53,0.396,10.67,51.7,8.66,1,10.294919,11.84
2026-09-27,G0067,25.61216,86.81011,16.75,31.24,63.31,3.32,0.46,16.5,48.38,16.96,1,13.295036,16.75
2026-09-27,G0066,25.61216,86.7701,18.03,31.4,67.38,4.64,0.391,20.62,49.12,13.49,1,15.808984,18.03
2026-09-27,G0065,25.61216,86.73008,5.55,30.61,72.98,4.25,0.489,11.38,52.19,10.19,1,8.621128,5.55
2026-09-27,G0064,25.61216,86.69006,16.58,31.45,65.35,3.9,0.416,19.29,48.62,17.49,1,14.755008,16.58
2026-09-27,G0063,25.61216,86.65004,9.47,29.61,78.2,2.91,0.391,13.62,51.75,11.03,1,11.1098585,9.47
2026-09-27,G0053,25.57613,86.85013,12.99,30.47,69.81,1.43,0.404,11.3,52.13,9.34,1,10.280957,12.99
2026-09-27,G0062,25.61216,86.61003,13.74,32.42,73.0,2.07,0.405,12.17,51.75,8.15,1,11.071127,13.74
2026-09-27,G0060,25.57613,87.13012,14.28,31.16,63.7,3.76,0.466,5.3,52.89,7.17,1,7.4332094,14.28
2026-09-27,G0059,25.57613,87.09024,11.65,31.9,67.9,2.72,0.487,9.91,50.86,8.77,1,9.644482,11.65
2026-09-27,G0058,25.57613,87.05022,14.3,30.29,72.21,1.23,0.437,3.95,52.9,6.8,1,7.104007,14.3
2026-09-27,G0057,25.57613,87.0102,13.36,32.86,70.71,3.99,0.431,16.08,52.19,12.42,1,12.644809,13.36
2026-09-27,G0056,25.57613,86.97018,13.15,31.84,68.34,4.98,0.38,7.88,49.56,8.95,1,7.5434003,13.15
2026-09-27,G0055,25.57613,86.93017,11.04,33.88,70.76,2.72,0.454,12.98,53.14,6.48,1,10.11318,11.04
2026-09-27,G0061,25.61216,86.57001,18.26,29.38,68.24,5.43,0.398,13.58,50.11,14.38,1,12.939452,18.26
2026-09-27,G0069,25.61216,86.89015,12.9,31.78,67.78,4.87,0.394,12.06,51.07,13.2,1,10.777101,12.9
2026-09-27,G0034,25.54009,86.69006,12.67,31.75,71.3,4.12,0.342,15.73,45.54,6.73,1,12.304547,12.67
2026-09-27,G0032,25.54009,86.61003,14.5,32.69,69.81,3.67,0.421,17.51,47.5,11.49,1,14.1742115,14.5
2026-09-27,G0013,25.46802,87.05022,22.5,31.33,67.45,3.99,0.391,10.0,44.67,10.14,1,11.8009615,22.5
2026-09-27,G0012,25.46802,87.0102,15.0,30.36,67.41,1.45,0.415,13.02,43.3,12.21,1,11.560524,15.0
2026-09-27,G0011,25.46802,86.97018,12.6,30.57,75.65,4.65,0.441,9.01,49.14,0.45,0,9.231461,12.6
2026-09-27,G0010,25.46802,86.93017,17.14,31.68,70.36,3.59,0.424,14.77,44.88,12.74,1,13.478528,17.14
2026-09-27,G0009,25.46802,86.89015,7.86,33.49,56.48,1.93,0.438,6.51,45.12,4.07,1,6.185716,7.86
2026-09-27,G0008,25.46802,86.85013,10.54,32.63,77.71,2.83,0.427,13.92,43.48,8.41,1,11.093282,10.54
2026-09-27,G0014,25.46802,87.09024,18.27,31.05,74.0,5.05,0.45,15.78,44.78,14.39,1,14.930503,18.27
2026-09-27,G0007,25.46802,86.81011,12.7,32.25,82.83,3.49,0.416,15.27,46.6,12.45,1,12.150864,12.7
2026-09-27,G0005,25.46802,86.73008,9.79,29.55,89.71,1.31,0.401,13.06,45.78,7.15,1,10.398284,9.79
2026-09-27,G0004,25.46802,86.69006,10.83,32.03,74.28,4.33,0.458,14.09,42.1,11.21,1,11.163629,10.83
2026-09-27,G0003,25.46802,86.65004,12.38,32.3,69.95,4.9,0.352,20.22,43.39,12.57,1,15.486689,12.38
2026-09-27,G0002,25.46802,86.61003,9.43,30.2,78.59,3.49,0.37,18.42,48.21,14.92,1,13.272701,9.43
2026-09-27,G0001,25.46802,86.57001,9.7,33.39,66.07,5.96,0.469,17.78,45.49,17.83,1,13.210046,9.7
2026-09-27,G0143,25.79234,86.85013,11.85,31.79,67.98,6.05,0.398,15.65,59.96,11.87,1,12.49265,11.85
2026-09-27,G0006,25.46802,86.7701,15.08,31.2,69.8,2.96,0.423,11.95,44.2,11.27,1,11.485331,15.08
2026-09-27,G0033,25.54009,86.65004,12.66,32.3,64.41,3.19,0.391,12.1,48.85,12.67,1,10.625922,12.66
2026-09-27,G0015,25.46802,87.13012,9.38,31.19,72.13,1.74,0.428,22.34,48.6,15.97,1,14.40985,9.38
2026-09-27,G0017,25.50405,86.61003,9.95,32.59,79.58,3.12,0.388,17.15,44.35,12.22,1,13.056675,9.95
2026-09-27,G0031,25.54009,86.57001,12.65,31.63,83.07,5.39,0.449,15.7,48.38,16.08,1,13.128249,12.65
2026-09-27,G0030,25.50405,87.13012,13.13,30.38,73.67,2.86,0.449,14.44,47.99,15.84,1,11.916936,13.13
2026-09-27,G0029,25.50405,87.09024,21.92,29.06,67.91,4.35,0.401,6.15,46.27,12.32,1,10.431992,21.92
2026-09-27,G0028,25.50405,87.05022,10.57,30.92,71.36,3.45,0.449,6.24,46.93,5.12,1,6.64662,10.57
2026-09-27,G0027,25.50405,87.0102,14.39,31.12,74.84,3.33,0.49,15.32,45.77,15.15,1,12.852708,14.39
2026-09-27,G0026,25.50405,86.97018,17.6,30.58,75.72,3.84,0.461,12.97,47.26,12.72,1,13.065927,17.6
2026-09-27,G0016,25.50405,86.57001,13.74,29.68,64.98,6.13,0.425,12.96,51.59,9.86,1,12.033248,13.74
2026-09-27,G0025,25.50405,86.93017,14.67,31.29,67.8,4.16,0.4,15.97,49.66,12.91,1,13.908356,14.67
2026-09-27,G0023,25.50405,86.85013,9.22,30.81,75.97,2.42,0.363,13.98,51.17,4.15,1,10.987198,9.22
2026-09-27,G0022,25.50405,86.81011,7.31,32.15,75.29,3.28,0.418,10.92,46.96,10.28,1,8.700812,7.31
2026-09-27,G0021,25.50405,86.7701,12.13,30.89,75.61,4.39,0.364,19.51,45.28,13.74,1,14.481337,12.13
2026-09-27,G0020,25.50405,86.73008,14.9,32.14,72.63,2.14,0.481,18.22,45.9,13.63,1,14.704755,14.9
2026-09-27,G0019,25.50405,86.69006,7.57,30.98,75.72,5.79,0.393,18.61,45.16,16.62,1,13.105073,7.57
2026-09-27,G0018,25.50405,86.65004,7.86,31.05,77.34,2.93,0.41,16.77,49.57,18.43,1,12.027372,7.86
2026-09-27,G0024,25.50405,86.89015,15.83,34.4,72.52,4.63,0.449,16.12,48.85,13.14,1,14.749561,15.83
2026-09-27,G0070,25.61216,86.93017,8.12,31.17,66.75,1.9,0.467,9.52,51.08,8.58,1,8.123845,8.12
2026-09-27,G0036,25.54009,86.7701,10.67,32.05,72.89,3.5,0.407,8.78,48.09,7.49,1,7.5416617,10.67
2026-09-27,G0073,25.61216,87.05022,20.04,31.98,70.42,2.89,0.406,11.4,48.55,9.82,1,12.326581,20.04
2026-09-27,G0122,25.75631,86.61003,14.45,30.46,68.94,3.2,0.462,14.98,62.23,17.25,1,11.912318,14.45
2026-09-27,G0121,25.75631,86.57001,21.28,30.56,77.61,2.48,0.473,10.55,57.12,15.13,1,12.649502,21.28
2026-09-27,G0120,25.72027,87.13012,16.74,29.85,73.58,1.59,0.389,6.68,59.57,7.54,1,8.334171,16.74
2026-09-27,G0119,25.72027,87.09024,11.69,32.36,75.71,3.11,0.373,5.41,58.76,0.52,0,6.9748907,11.69
2026-09-27,G0118,25.72027,87.05022,14.62,32.06,68.47,2.67,0.441,11.35,55.86,9.27,1,10.486654,14.62
2026-09-27,G0117,25.72027,87.0102,11.92,30.38,85.38,2.42,0.366,8.2,56.99,9.78,1,9.002144,11.92
2026-09-27,G0124,25.75631,86.69006,18.66,31.69,67.01,5.08,0.349,14.03,61.29,12.04,1,14.138223,18.66
2026-09-27,G0116,25.72027,86.97018,9.34,30.43,73.91,3.68,0.438,5.85,57.26,0.86,0,6.9124665,9.34
2026-09-27,G0114,25.72027,86.89015,16.75,29.99,81.91,0.75,0.402,14.54,59.51,12.16,1,13.454721,16.75
2026-09-27,G0113,25.72027,86.85013,11.6,31.95,78.02,4.12,0.375,8.2,58.86,6.11,1,7.6378083,11.6
2026-09-27,G0112,25.72027,86.81011,18.94,31.76,71.52,3.99,0.396,14.04,61.19,11.66,1,12.9916115,18.94
2026-09-27,G0111,25.72027,86.7701,8.23,30.88,67.83,5.07,0.373,17.57,56.09,12.26,1,13.089223,8.23
2026-09-27,G0110,25.72027,86.73008,8.28,31.14,76.11,3.25,0.341,10.5,58.47,4.27,1,8.883878,8.28
2026-09-27,G0109,25.72027,86.69006,14.15,34.4,73.36,2.69,0.451,13.99,55.72,10.44,1,12.005453,14.15
2026-09-27,G0115,25.72027,86.93017,11.12,31.33,82.01,2.58,0.369,12.66,56.43,5.61,1,11.355043,11.12
2026-09-27,G0108,25.72027,86.65004,10.98,30.56,74.28,2.77,0.417,18.05,56.83,16.8,1,13.513615,10.98
2026-09-27,G0125,25.75631,86.73008,8.79,30.43,77.74,3.76,0.508,12.94,60.99,13.99,1,9.790047,8.79
2026-09-27,G0127,25.75631,86.81011,9.94,30.56,66.9,3.97,0.406,4.93,61.85,5.47,1,5.9349694,9.94
2026-09-27,G0071,25.61216,86.97018,8.59,31.94,68.6,3.55,0.398,8.97,52.96,4.05,1,7.0753865,8.59
2026-09-27,G0140,25.79234,86.73008,11.77,29.47,83.05,4.99,0.434,8.21,59.89,10.42,1,9.089815,11.77
2026-09-27,G0139,25.79234,86.69006,9.64,29.84,81.25,4.02,0.425,15.84,59.39,11.85,1,12.261811,9.64
2026-09-27,G0138,25.79234,86.65004,18.18,30.8,70.21,4.45,0.41,15.19,60.2,10.84,1,13.905872,18.18
2026-09-27,G0137,25.79234,86.61003,12.09,29.59,76.18,1.78,0.349,11.42,60.92,11.19,1,10.129226,12.09
2026-09-27,G0136,25.79234,86.57001,13.76,31.21,62.22,3.99,0.333,12.23,59.8,12.97,1,9.881585,13.76
2026-09-27,G0126,25.75631,86.7701,5.85,32.64,76.57,3.21,0.501,11.38,57.56,7.0,1,8.304054,5.85
2026-09-27,G0135,25.75631,87.13012,15.27,31.75,77.46,2.46,0.408,14.47,57.12,8.49,1,12.383439,15.27
2026-09-27,G0133,25.75631,87.05022,14.35,33.06,86.15,2.72,0.489,0.0,57.91,8.07,1,5.7754917,14.35
2026-09-27,G0132,25.75631,87.0102,10.5,29.59,74.11,4.07,0.416,10.28,54.82,16.73,1,8.540922,10.5
2026-09-27,G0131,25.75631,86.97018,10.85,32.18,76.49,4.97,0.354,8.17,60.42,6.35,1,7.5783176,10.85
2026-09-27,G0130,25.75631,86.93017,9.93,32.66,81.59,4.17,0.483,15.17,56.26,10.56,1,12.355784,9.93
2026-09-27,G0129,25.75631,86.89015,13.67,31.98,75.92,3.25,0.471,13.39,59.12,8.38,1,11.58077,13.67
2026-09-27,G0128,25.75631,86.85013,14.55,32.57,79.17,2.45,0.366,10.95,58.57,10.26,1,10.978905,14.55
2026-09-27,G0134,25.75631,87.09024,16.06,30.62,72.46,1.95,0.354,13.31,58.68,14.64,1,11.9360075,16.06
2026-09-27,G0107,25.72027,86.61003,15.42,29.67,74.82,2.8,0.449,14.53,56.32,9.06,1,12.497181,15.42
2026-09-27,G0123,25.75631,86.65004,9.7,33.15,76.95,5.01,0.349,8.33,59.65,10.06,1,8.193863,9.7
2026-09-27,G0141,25.79234,86.7701,11.27,31.7,80.28,4.78,0.435,9.86,59.61,13.35,1,9.527788,11.27
2026-09-27,G0087,25.6482,87.0102,15.65,31.48,73.6,3.39,0.405,8.85,52.76,9.43,1,9.128348,15.65
2026-09-27,G0086,25.6482,86.97018,6.28,28.54,65.98,2.69,0.433,9.51,57.39,4.26,1,8.018988,6.28
2026-09-27,G0085,25.6482,86.93017,14.7,33.66,78.54,4.14,0.425,5.55,52.28,7.19,1,7.865288,14.7
2026-09-27,G0084,25.6482,86.89015,13.39,31.42,71.93,2.74,0.379,4.55,54.31,4.41,1,6.5451145,13.39
2026-09-27,G0083,25.6482,86.85013,15.75,30.73,75.06,1.97,0.445,7.76,50.54,10.26,1,9.183636,15.75
2026-09-27,G0082,25.6482,86.81011,18.96,30.53,68.58,3.72,0.547,7.64,55.79,11.71,1,11.3847685,18.96
2026-09-27,G0088,25.6482,87.05022,16.37,28.98,82.39,4.75,0.389,13.28,51.63,15.65,1,12.921706,16.37
2026-09-27,G0081,25.6482,86.7701,7.01,31.23,70.88,1.84,0.435,8.4,57.57,6.16,1,7.4284873,7.01
2026-09-27,G0079,25.6482,86.69006,7.84,32.71,78.37,3.59,0.487,15.47,51.62,15.78,1,11.325888,7.84
2026-09-27,G0078,25.6482,86.65004,11.9,31.18,80.52,4.79,0.412,9.07,54.4,11.77,1,9.441162,11.9
2026-09-27,G0077,25.6482,86.61003,9.64,31.6,76.02,3.81,0.471,5.55,56.45,7.06,1,6.9467144,9.64
2026-09-27,G0076,25.6482,86.57001,16.33,30.47,80.76,3.56,0.434,13.97,52.41,13.11,1,12.669884,16.33
2026-09-27,G0075,25.61216,87.13012,13.51,30.68,73.9,3.51,0.467,13.22,53.47,13.37,1,11.091038,13.51
2026-09-27,G0106,25.72027,86.57001,11.21,30.4,73.95,2.19,0.39,10.8,57.55,11.95,1,9.46615,11.21
2026-09-27,G0080,25.6482,86.73008,10.27,31.93,69.69,2.35,0.387,14.05,53.34,14.37,1,11.265637,10.27
2026-09-27,G0089,25.6482,87.09024,3.1,32.75,87.96,3.15,0.442,19.72,54.31,11.73,1,11.811177,3.1
2026-09-27,G0074,25.61216,87.09024,17.99,32.52,70.03,5.64,0.419,13.69,52.81,8.11,1,12.558382,17.99
2026-09-27,G0091,25.68423,86.57001,10.13,29.38,64.54,2.11,0.408,11.98,56.64,5.55,1,9.882816,10.13
2026-09-27,G0090,25.6482,87.13012,13.46,33.53,69.73,2.45,0.401,15.24,56.83,11.74,1,12.504822,13.46
2026-09-27,G0104,25.68423,87.09024,12.53,31.4,76.98,2.81,0.439,14.43,54.36,5.15,1,11.8729725,12.53
2026-09-27,G0103,25.68423,87.05022,14.21,30.07,74.63,2.51,0.429,11.89,54.84,5.34,1,10.886865,14.21
2026-09-27,G0102,25.68423,87.0102,14.68,33.18,78.11,3.07,0.491,10.5,55.68,5.37,1,10.391639,14.68
2026-09-27,G0101,25.68423,86.97018,18.07,28.56,71.38,5.28,0.442,2.32,53.58,5.79,1,6.7136393,18.07
2026-09-27,G0100,25.68423,86.93017,14.8,29.27,76.0,1.12,0.497,11.44,56.74,14.67,1,12.065031,14.8
2026-09-27,G0099,25.68423,86.89015,3.94,31.14,70.65,3.55,0.453,14.26,57.9,7.27,1,10.02708,3.94
2026-09-27,G0105,25.68423,87.13012,10.72,29.95,75.1,3.61,0.413,5.17,53.76,6.4,1,6.3353524,10.72
2026-09-27,G0097,25.68423,86.81011,14.49,31.4,69.66,2.59,0.379,12.29,56.79,11.13,1,11.111578,14.49
2026-09-27,G0096,25.68423,86.7701,10.34,30.18,81.04,3.57,0.349,6.96,56.64,14.3,1,7.462459,10.34
2026-09-27,G0095,25.68423,86.73008,6.35,31.37,85.16,1.46,0.439,14.8,56.98,8.25,1,11.044981,6.35
2026-09-27,G0094,25.68423,86.69006,6.78,32.63,85.08,3.08,0.468,20.22,54.22,13.59,1,14.552146,6.78
2026-09-27,G0093,25.68423,86.65004,15.42,31.92,73.08,1.55,0.474,19.8,55.33,15.56,1,15.208087,15.42
2026-09-27,G0092,25.68423,86.61003,15.4,31.5,86.05,2.78,0.357,9.87,54.98,7.58,1,11.041779,15.4
2026-09-27,G0098,25.68423,86.85013,7.97,32.86,71.69,2.27,0.424,6.65,58.9,6.53,1,6.0261655,7.97
2026-09-28,G0193,25.90045,87.05022,10.03,29.7,82.16,3.72,0.45,7.62,67.21,9.5,1,8.049025,10.03
2026-09-28,G0192,25.90045,87.0102,20.54,30.66,80.5,2.42,0.483,3.04,68.33,5.58,1,8.765507,20.54
2026-09-28,G0191,25.90045,86.97018,11.08,29.29,76.32,2.44,0.45,12.67,64.75,10.93,1,11.004013,11.08
2026-09-28,G0190,25.90045,86.93017,10.01,30.58,70.35,1.83,0.452,10.46,63.59,11.93,1,9.417296,10.01
2026-09-28,G0181,25.90045,86.57001,7.05,30.09,73.56,3.26,0.412,9.83,63.5,7.7,1,7.365466,7.05
2026-09-28,G0189,25.90045,86.89015,5.82,32.6,74.47,4.63,0.45,12.39,68.07,6.74,1,9.489157,5.82
2026-09-28,G0185,25.90045,86.73008,7.98,31.62,70.58,0.81,0.387,12.22,65.82,8.35,1,8.652624,7.98
2026-09-28,G0187,25.90045,86.81011,11.77,31.06,85.17,4.54,0.385,7.49,63.72,9.89,1,8.339981,11.77
2026-09-28,G0186,25.90045,86.7701,12.07,30.67,73.41,2.83,0.41,9.35,66.75,10.77,1,9.124039,12.07
2026-09-28,G0184,25.90045,86.69006,15.12,31.49,76.99,2.69,0.419,13.47,64.65,10.44,1,11.970546,15.12
2026-09-28,G0183,25.90045,86.65004,13.1,30.35,77.11,3.69,0.426,14.5,67.78,8.09,1,12.060793,13.1
2026-09-28,G0182,25.90045,86.61003,13.08,31.34,79.97,2.6,0.407,9.56,65.37,7.87,1,9.610197,13.08
2026-09-28,G0194,25.90045,87.09024,9.94,32.87,72.9,3.55,0.385,11.69,67.71,7.93,1,10.031693,9.94
2026-09-28,G0188,25.90045,86.85013,10.1,30.55,79.94,5.1,0.458,8.61,61.48,11.03,1,8.3883915,10.1
2026-09-28,G0195,25.90045,87.13012,14.53,30.88,74.35,3.72,0.401,7.98,65.91,6.28,1,8.905,14.53
2026-09-28,G0203,25.93649,86.85013,17.45,32.63,76.63,2.95,0.368,9.68,69.45,12.42,1,10.428781,17.45
2026-09-28,G0197,25.93649,86.61003,16.77,28.71,79.6,4.25,0.451,11.61,70.54,9.04,1,11.319164,16.77
2026-09-28,G0180,25.86441,87.13012,14.19,32.59,77.06,3.97,0.463,6.47,64.39,13.3,1,8.562463,14.19
2026-09-28,G0211,25.97252,86.57001,14.12,33.25,76.68,2.59,0.339,14.37,69.79,12.03,1,13.15268,14.12
2026-09-28,G0210,25.93649,87.13012,12.47,32.57,78.33,5.41,0.401,13.07,69.71,9.29,1,11.80881,12.47
2026-09-28,G0209,25.93649,87.09024,13.55,29.36,72.68,5.77,0.45,15.02,62.66,17.46,1,12.376558,13.55
2026-09-28,G0208,25.93649,87.05022,18.75,29.78,79.93,3.86,0.414,5.27,66.94,9.63,1,8.837904,18.75
2026-09-28,G0207,25.93649,87.0102,12.79,32.25,67.91,3.32,0.467,11.36,70.08,7.73,1,10.179892,12.79
2026-09-28,G0196,25.93649,86.57001,15.78,32.17,75.72,4.19,0.437,20.11,69.75,12.47,1,17.353563,15.78
2026-09-28,G0206,25.93649,86.97018,15.37,30.1,64.7,2.73,0.454,13.32,67.43,14.47,1,12.243733,15.37
2026-09-28,G0204,25.93649,86.89015,11.9,31.16,69.81,4.97,0.465,11.96,68.19,8.23,1,10.444983,11.9
2026-09-28,G0202,25.93649,86.81011,12.2,31.98,78.22,5.3,0.396,13.02,69.79,11.41,1,11.177329,12.2
2026-09-28,G0201,25.93649,86.7701,10.32,31.5,79.65,5.0,0.453,10.99,68.95,6.75,1,10.218686,10.32
2026-09-28,G0200,25.93649,86.73008,9.59,30.76,74.77,4.43,0.396,18.3,69.29,14.85,1,13.934769,9.59
2026-09-28,G0199,25.93649,86.69006,10.24,30.39,86.89,2.0,0.449,20.33,67.29,18.15,1,16.539774,10.24
2026-09-28,G0198,25.93649,86.65004,15.07,30.44,68.09,2.99,0.463,15.35,67.37,9.95,1,13.400151,15.07
2026-09-28,G0205,25.93649,86.93017,19.27,32.35,74.8,3.01,0.42,7.11,69.74,11.25,1,9.392722,19.27
2026-09-28,G0179,25.86441,87.09024,9.49,31.23,76.81,1.83,0.469,16.15,63.97,9.19,1,11.541839,9.49
2026-09-28,G0145,25.79234,86.93017,11.91,30.88,78.91,3.74,0.361,4.91,63.93,3.37,1,6.747463,11.91
2026-09-28,G0177,25.86441,87.0102,9.89,30.72,72.28,4.07,0.382,11.07,67.93,12.33,1,9.100017,9.89
2026-09-28,G0158,25.82838,86.85013,12.98,32.42,72.62,4.75,0.391,5.93,58.79,9.11,1,7.37554,12.98
2026-09-28,G0157,25.82838,86.81011,7.45,31.2,83.82,4.32,0.424,6.76,65.26,7.7,1,6.37938,7.45
2026-09-28,G0156,25.82838,86.7701,14.47,28.18,73.03,4.33,0.469,13.34,66.18,11.25,1,12.453698,14.47
2026-09-28,G0155,25.82838,86.73008,12.35,31.85,80.68,3.05,0.436,15.09,64.29,13.88,1,12.147557,12.35
2026-09-28,G0154,25.82838,86.69006,7.23,31.24,73.05,2.98,0.401,10.41,64.99,9.28,1,8.470303,7.23
2026-09-28,G0153,25.82838,86.65004,12.4,31.7,78.7,2.63,0.4,14.5,64.42,18.54,1,11.496383,12.4
2026-09-28,G0159,25.82838,86.89015,19.87,30.66,88.63,3.58,0.447,12.8,65.41,16.67,1,13.424109,19.87
2026-09-28,G0152,25.82838,86.61003,18.5,30.56,71.42,3.8,0.424,19.05,62.82,16.59,1,15.434321,18.5
2026-09-28,G0150,25.79234,87.13012,19.71,33.14,74.79,3.08,0.391,12.23,61.75,15.87,1,12.044091,19.71
2026-09-28,G0149,25.79234,87.09024,12.15,27.95,79.65,2.99,0.466,10.27,61.8,5.9,1,10.279135,12.15
2026-09-28,G0148,25.79234,87.05022,11.95,30.18,64.3,4.22,0.379,0.0,57.36,8.01,1,3.412702,11.95
2026-09-28,G0147,25.79234,87.0102,12.91,31.97,76.23,3.44,0.418,7.39,58.41,10.28,1,7.747213,12.91
2026-09-28,G0146,25.79234,86.97018,12.11,30.58,73.38,3.04,0.484,8.16,59.58,16.37,1,8.81536,12.11
2026-09-28,G0212,25.97252,86.61003,16.54,29.09,79.39,3.5,0.445,15.34,66.51,18.9,1,13.731188,16.54
2026-09-28,G0151,25.82838,86.57001,8.57,30.49,72.35,4.78,0.436,9.56,62.98,13.83,1,7.869429,8.57
2026-09-28,G0178,25.86441,87.05022,11.36,32.45,71.77,5.11,0.441,9.37,65.72,8.83,1,8.904,11.36
2026-09-28,G0160,25.82838,86.93017,11.56,29.56,68.87,5.56,0.412,2.6,61.29,12.82,1,5.388042,11.56
2026-09-28,G0162,25.82838,87.0102,15.05,32.62,75.71,3.1,0.373,8.2,61.03,6.97,1,8.90593,15.05
2026-09-28,G0176,25.86441,86.97018,10.65,31.13,71.42,3.47,0.336,11.49,63.6,6.94,1,9.788401,10.65
2026-09-28,G0175,25.86441,86.93017,14.65,31.43,75.66,4.04,0.436,15.09,64.69,12.02,1,13.303753,14.65
2026-09-28,G0174,25.86441,86.89015,12.98,30.38,70.26,3.24,0.485,16.35,66.75,14.5,1,12.949092,12.98
2026-09-28,G0173,25.86441,86.85013,12.43,30.33,78.74,2.8,0.36,9.29,64.57,5.13,1,9.44096,12.43
2026-09-28,G0172,25.86441,86.81011,9.98,29.8,79.57,3.49,0.363,5.29,60.36,8.0,1,6.6850123,9.98
2026-09-28,G0171,25.86441,86.7701,13.14,32.26,72.71,5.3,0.375,12.04,63.1,13.73,1,11.064493,13.14
2026-09-28,G0161,25.82838,86.97018,9.61,32.85,81.54,2.34,0.494,13.98,65.48,6.19,1,11.740204,9.61
2026-09-28,G0170,25.86441,86.73008,1.55,32.96,77.89,5.22,0.402,6.19,64.31,4.48,1,4.6942315,1.55
2026-09-28,G0168,25.86441,86.65004,19.12,30.3,78.85,3.82,0.424,8.71,67.35,14.41,1,10.741081,19.12
2026-09-28,G0167,25.86441,86.61003,9.04,30.8,70.98,3.13,0.405,8.62,64.48,10.58,1,7.6144896,9.04
2026-09-28,G0166,25.86441,86.57001,9.88,29.6,77.47,5.97,0.401,11.55,63.22,6.33,1,9.117945,9.88
2026-09-28,G0165,25.82838,87.13012,15.72,31.89,66.1,3.39,0.414,15.06,61.02,11.61,1,13.246211,15.72
2026-09-28,G0164,25.82838,87.09024,4.55,30.19,74.32,2.97,0.385,14.58,61.06,6.32,1,10.245204,4.55
2026-09-28,G0163,25.82838,87.05022,17.95,30.99,68.0,2.4,0.436,5.4,61.23,8.46,1,8.852381,17.95
2026-09-28,G0169,25.86441,86.69006,15.76,33.47,75.06,2.82,0.346,12.27,62.3,15.65,1,11.876618,15.76
2026-09-28,G0213,25.97252,86.65004,17.99,28.83,65.18,3.87,0.407,20.78,65.37,9.79,1,17.671495,17.99
2026-09-28,G0283,26.09932,87.05022,4.14,31.85,79.83,3.69,0.359,6.58,75.08,4.37,1,6.5736485,4.14
2026-09-28,G0215,25.97252,86.73008,7.67,31.38,73.41,3.61,0.494,11.95,71.56,11.59,1,9.21344,7.67
2026-09-28,G0265,26.08063,86.93017,8.71,31.05,73.88,2.69,0.459,10.94,75.5,6.28,1,8.869638,8.71
2026-09-28,G0264,26.08063,86.89015,19.22,30.91,69.7,5.56,0.427,12.54,74.35,13.0,1,12.758416,19.22
2026-09-28,G0263,26.08063,86.85013,17.45,31.12,76.02,3.85,0.351,18.13,76.86,15.99,1,15.46646,17.45
2026-09-28,G0262,26.08063,86.81011,11.32,30.63,72.74,4.13,0.303,9.79,73.18,4.46,1,8.642069,11.32
2026-09-28,G0261,26.08063,86.7701,11.5,27.84,80.8,0.63,0.326,16.11,74.33,10.86,1,12.1734495,11.5
2026-09-28,G0260,26.08063,86.73008,16.07,30.14,66.27,4.63,0.4,18.04,74.91,16.35,1,14.179987,16.07
2026-09-28,G0266,26.08063,86.97018,10.35,28.07,87.57,4.59,0.439,15.18,76.37,20.6,1,11.268134,10.35
2026-09-28,G0259,26.08063,86.69006,14.5,30.99,70.57,5.55,0.441,15.23,77.98,17.92,1,13.774715,14.5
2026-09-28,G0257,26.08063,86.61003,8.28,31.05,74.9,2.83,0.438,18.56,73.64,9.38,1,13.104191,8.28
2026-09-28,G0256,26.08063,86.57001,11.66,33.65,77.45,4.82,0.479,14.47,68.98,12.12,1,12.752681,11.66
2026-09-28,G0255,26.04459,87.13012,7.82,31.41,71.88,3.88,0.467,17.34,70.82,17.57,1,11.3640175,7.82
2026-09-28,G0254,26.04459,87.09024,11.3,31.06,75.75,3.05,0.434,13.81,71.14,9.67,1,11.688131,11.3
2026-09-28,G0253,26.04459,87.05022,5.02,29.63,82.64,4.17,0.409,11.32,71.65,10.68,1,8.433741,5.02
2026-09-28,G0252,26.04459,87.0102,14.64,32.37,71.61,2.74,0.387,9.68,70.35,9.68,1,10.367858,14.64
2026-09-28,G0258,26.08063,86.65004,15.73,31.93,83.53,3.18,0.503,19.2,72.25,12.96,1,15.023036,15.73
2026-09-28,G0251,26.04459,86.97018,14.52,31.0,72.33,2.34,0.381,14.64,72.14,10.38,1,12.813033,14.52
2026-09-28,G0267,26.08063,87.0102,5.35,31.37,64.78,2.8,0.47,11.03,74.54,10.6,1,6.988279,5.35
2026-09-28,G0269,26.08063,87.09024,13.29,29.91,76.34,2.91,0.399,10.24,75.75,11.09,1,10.167459,13.29
2026-09-28,G0144,25.79234,86.89015,11.58,32.01,76.85,3.23,0.473,15.55,59.85,14.28,1,12.238483,11.58
2026-09-28,G0282,26.09932,87.0102,17.29,32.36,70.57,5.26,0.398,11.28,75.01,8.45,1,11.769754,17.29
2026-09-28,G0281,26.09932,86.97018,15.37,30.93,74.97,4.55,0.422,7.82,75.58,7.44,1,8.564478,15.37
2026-09-28,G0280,26.09932,86.93017,13.61,30.89,69.72,3.2,0.448,8.52,74.85,0.0,0,8.95508,13.61
2026-09-28,G0279,26.09932,86.89015,6.92,30.33,79.15,2.67,0.394,9.45,77.21,5.11,1,8.244292,6.92
2026-09-28,G0278,26.09932,86.85013,18.69,32.27,78.68,3.63,0.352,10.04,77.85,11.55,1,11.878953,18.69
2026-09-28,G0268,26.08063,87.05022,8.68,32.08,75.11,2.07,0.474,11.87,71.14,10.44,1,10.055373,8.68
2026-09-28,G0277,26.09932,86.81011,7.89,31.73,68.01,3.43,0.361,13.96,71.11,12.2,1,9.852388,7.89
2026-09-28,G0275,26.09932,86.73008,12.35,31.28,83.62,2.81,0.459,15.95,74.4,12.6,1,13.246333,12.35
2026-09-28,G0274,26.09932,86.69006,12.48,30.16,73.29,3.69,0.41,23.86,76.39,17.46,1,16.194887,12.48
2026-09-28,G0273,26.09932,86.65004,8.7,31.02,74.86,6.15,0.425,12.61,72.99,9.54,1,10.706185,8.7
2026-09-28,G0272,26.09932,86.61003,12.29,30.35,70.74,3.74,0.51,12.76,73.66,11.59,1,11.182498,12.29
2026-09-28,G0271,26.09932,86.57001,17.69,29.54,69.99,6.43,0.418,12.27,76.07,10.3,1,11.6912775,17.69
2026-09-28,G0270,26.08063,87.13012,8.26,30.95,78.9,2.81,0.383,10.43,74.82,11.21,1,9.62959,8.26
2026-09-28,G0276,26.09932,86.7701,21.47,28.03,79.04,2.63,0.414,19.57,73.91,20.3,1,17.100422,21.47
2026-09-28,G0214,25.97252,86.69006,12.21,30.33,75.19,4.6,0.407,18.56,64.74,15.94,1,14.524313,12.21
2026-09-28,G0250,26.04459,86.93017,12.14,31.74,73.28,3.02,0.421,8.78,69.55,14.15,1,8.402514,12.14
2026-09-28,G0248,26.04459,86.85013,16.81,30.89,87.16,3.03,0.369,8.33,74.29,12.29,1,11.015922,16.81
2026-09-28,G0229,26.00856,86.69006,15.98,31.11,79.25,4.1,0.404,10.97,71.59,9.69,1,10.914491,15.98
2026-09-28,G0228,26.00856,86.65004,16.29,31.03,67.73,5.29,0.356,21.17,72.48,17.15,1,16.688782,16.29
2026-09-28,G0227,26.00856,86.61003,10.39,30.77,77.28,3.43,0.412,15.51,72.02,13.64,1,12.036199,10.39
2026-09-28,G0226,26.00856,86.57001,12.76,32.67,73.53,1.78,0.419,15.99,72.69,12.77,1,12.911601,12.76
2026-09-28,G0225,25.97252,87.13012,15.84,30.69,77.57,3.56,0.432,13.26,67.28,13.51,1,12.425782,15.84
2026-09-28,G0224,25.97252,87.09024,13.06,31.12,67.37,1.91,0.427,16.07,64.73,12.68,1,12.915974,13.06
2026-09-28,G0230,26.00856,86.73008,12.02,30.35,71.83,2.82,0.407,15.06,70.17,12.71,1,11.753546,12.02
2026-09-28,G0223,25.97252,87.05022,8.09,29.14,80.99,3.56,0.442,11.89,66.0,14.31,1,10.139516,8.09
2026-09-28,G0221,25.97252,86.97018,10.59,32.41,70.89,5.13,0.402,5.23,68.1,5.37,1,6.6415744,10.59
2026-09-28,G0220,25.97252,86.93017,17.48,30.47,69.63,3.87,0.423,9.04,67.1,0.0,0,9.931065,17.48
2026-09-28,G0219,25.97252,86.89015,10.82,29.77,77.33,3.11,0.391,21.75,67.68,16.34,1,16.05199,10.82
2026-09-28,G0218,25.97252,86.85013,15.9,30.57,76.3,4.51,0.362,11.8,70.75,12.49,1,11.056413,15.9
2026-09-28,G0217,25.97252,86.81011,13.83,29.83,68.79,2.81,0.439,15.93,71.0,16.04,1,12.668823,13.83
2026-09-28,G0216,25.97252,86.7701,20.05,31.93,79.69,2.24,0.463,10.57,69.79,13.06,1,13.802359,20.05
2026-09-28,G0222,25.97252,87.0102,12.44,30.27,71.33,2.78,0.451,14.07,72.92,9.67,1,11.742343,12.44
2026-09-28,G0249,26.04459,86.89015,15.72,29.27,77.43,4.3,0.47,1.29,72.21,4.45,1,5.2017665,15.72
2026-09-28,G0231,26.00856,86.7701,18.3,28.79,69.96,4.03,0.422,15.11,71.55,12.99,1,13.311868,18.3
2026-09-28,G0233,26.00856,86.85013,12.89,32.17,72.91,5.58,0.47,12.79,71.51,12.21,1,11.375089,12.89
2026-09-28,G0247,26.04459,86.81011,16.68,31.12,66.05,4.11,0.461,9.46,73.33,8.67,1,9.956234,16.68
2026-09-28,G0246,26.04459,86.7701,13.36,30.46,69.92,3.01,0.479,15.95,71.99,17.23,1,12.554512,13.36
2026-09-28,G0245,26.04459,86.73008,16.17,32.48,69.82,3.11,0.425,13.16,73.62,13.26,1,12.057502,16.17
2026-09-28,G0244,26.04459,86.69006,13.45,30.38,63.18,4.32,0.378,12.5,75.55,11.67,1,10.18339,13.45
2026-09-28,G0243,26.04459,86.65004,18.17,31.43,70.8,1.62,0.417,21.68,76.16,20.84,1,17.777842,18.17
2026-09-28,G0242,26.04459,86.61003,13.57,30.27,73.7,2.77,0.355,17.67,70.52,14.89,1,13.620559,13.57
2026-09-28,G0232,26.00856,86.81011,9.8,30.34,70.66,5.11,0.501,13.85,70.41,10.13,1,11.3763895,9.8
2026-09-28,G0241,26.04459,86.57001,8.64,30.52,66.51,4.59,0.443,17.45,71.7,13.39,1,12.751177,8.64
2026-09-28,G0239,26.00856,87.09024,17.28,30.25,75.8,4.75,0.472,16.17,69.72,17.66,1,14.410852,17.28
2026-09-28,G0238,26.00856,87.05022,2.68,28.79,70.38,2.49,0.439,10.03,72.28,5.19,1,6.5165424,2.68
2026-09-28,G0237,26.00856,87.0102,18.85,28.93,76.75,1.67,0.445,9.06,71.26,6.07,1,10.711391,18.85
2026-09-28,G0236,26.00856,86.97018,13.89,32.13,82.41,2.76,0.402,9.65,70.13,8.98,1,10.526034,13.89
2026-09-28,G0235,26.00856,86.93017,7.53,29.37,75.43,3.9,0.399,9.79,70.87,12.73,1,7.970189,7.53
2026-09-28,G0234,26.00856,86.89015,11.55,30.05,59.54,3.71,0.357,5.76,69.4,8.76,1,6.030739,11.55
2026-09-28,G0240,26.00856,87.13012,3.5,30.44,78.67,5.08,0.421,11.89,69.17,9.87,1,9.1886215,3.5
2026-09-28,G0143,25.79234,86.85013,11.69,31.43,69.65,2.4,0.404,3.5,59.28,3.58,1,6.2614393,11.69
2026-09-28,G0072,25.61216,87.0102,12.07,31.87,70.52,3.77,0.438,12.46,53.78,14.63,1,10.93479,12.07
2026-09-28,G0141,25.79234,86.7701,10.87,33.01,67.64,4.72,0.516,12.22,62.64,10.36,1,10.085505,10.87
2026-09-28,G0049,25.57613,86.69006,10.2,30.23,83.04,4.06,0.432,16.33,45.34,12.35,1,13.085116,10.2
2026-09-28,G0048,25.57613,86.65004,17.16,32.95,66.13,2.95,0.44,18.6,50.16,18.36,1,15.20427,17.16
2026-09-28,G0047,25.57613,86.61003,11.95,31.76,73.09,6.0,0.398,13.2,53.01,12.02,1,10.729195,11.95
2026-09-28,G0046,25.57613,86.57001,14.26,32.55,67.35,3.79,0.4,7.06,50.4,9.64,1,8.410291,14.26
2026-09-28,G0045,25.54009,87.13012,11.21,32.62,69.05,5.12,0.472,18.11,46.04,13.79,1,13.918579,11.21
2026-09-28,G0044,25.54009,87.09024,12.77,33.02,72.38,3.65,0.362,19.07,52.0,15.47,1,14.464731,12.77
2026-09-28,G0050,25.57613,86.73008,11.18,32.14,71.93,2.24,0.407,14.9,53.61,15.15,1,11.362249,11.18
2026-09-28,G0043,25.54009,87.05022,7.91,32.05,70.86,3.53,0.501,11.58,46.97,8.66,1,9.008844,7.91
2026-09-28,G0041,25.54009,86.97018,11.68,31.11,73.06,5.51,0.477,13.24,50.24,14.91,1,10.691069,11.68
2026-09-28,G0040,25.54009,86.93017,22.89,30.07,77.21,3.76,0.404,10.8,46.49,11.63,1,11.932442,22.89
2026-09-28,G0039,25.54009,86.89015,9.06,30.95,70.47,2.31,0.479,14.42,47.17,5.59,1,11.245405,9.06
2026-09-28,G0038,25.54009,86.85013,16.72,31.23,66.12,3.5,0.434,18.16,47.97,15.08,1,14.689593,16.72
2026-09-28,G0037,25.54009,86.81011,15.72,30.04,75.26,3.82,0.392,14.34,46.99,12.0,1,12.710836,15.72
2026-09-28,G0036,25.54009,86.7701,13.73,29.17,82.96,4.17,0.376,11.15,50.79,10.59,1,10.743528,13.73
2026-09-28,G0042,25.54009,87.0102,8.45,31.04,78.09,5.63,0.425,16.77,50.39,14.04,1,12.629642,8.45
2026-09-28,G0035,25.54009,86.73008,11.59,29.7,87.47,5.17,0.423,15.47,50.51,12.44,1,12.197394,11.59
2026-09-28,G0051,25.57613,86.7701,14.74,31.16,69.22,3.9,0.434,14.22,49.42,13.1,1,12.827872,14.74
2026-09-28,G0053,25.57613,86.85013,6.78,33.14,85.52,3.01,0.43,12.02,50.55,8.19,1,9.400901,6.78
2026-09-28,G0067,25.61216,86.81011,14.74,31.5,81.81,2.4,0.458,10.78,52.97,13.41,1,10.929353,14.74
2026-09-28,G0066,25.61216,86.7701,12.06,32.55,77.55,2.19,0.456,13.59,52.87,14.84,1,11.657852,12.06
2026-09-28,G0065,25.61216,86.73008,13.47,30.62,76.94,2.16,0.462,14.86,56.09,13.12,1,12.192516,13.47
2026-09-28,G0064,25.61216,86.69006,7.41,31.77,72.17,2.41,0.472,12.61,53.29,8.46,1,9.515874,7.41
2026-09-28,G0063,25.61216,86.65004,9.74,30.79,76.57,4.0,0.401,16.78,51.26,20.86,1,12.725743,9.74
2026-09-28,G0062,25.61216,86.61003,17.71,32.36,71.38,2.91,0.415,13.19,48.84,17.25,1,12.262789,17.71
2026-09-28,G0052,25.57613,86.81011,12.48,30.04,75.61,2.47,0.381,21.21,53.1,16.2,1,16.382616,12.48
2026-09-28,G0061,25.61216,86.57001,12.34,32.48,73.13,3.88,0.388,17.7,53.29,15.57,1,13.904025,12.34
2026-09-28,G0059,25.57613,87.09024,13.47,29.8,76.59,4.64,0.406,12.94,51.17,15.61,1,12.117257,13.47
2026-09-28,G0058,25.57613,87.05022,17.21,32.71,74.91,2.57,0.408,14.9,51.03,14.41,1,12.797583,17.21
2026-09-28,G0057,25.57613,87.0102,12.27,30.74,77.47,1.51,0.432,17.96,50.38,17.22,1,14.141458,12.27
2026-09-28,G0056,25.57613,86.97018,13.22,30.8,65.4,1.52,0.392,10.77,48.44,8.24,1,9.630858,13.22
2026-09-28,G0055,25.57613,86.93017,10.42,30.54,67.67,2.57,0.455,13.79,48.27,12.02,1,10.622663,10.42
2026-09-28,G0054,25.57613,86.89015,15.23,31.8,72.51,3.83,0.477,11.45,56.18,15.03,1,10.757087,15.23
2026-09-28,G0060,25.57613,87.13012,16.31,30.28,70.53,4.02,0.391,9.98,50.09,8.31,1,10.605596,16.31
2026-09-28,G0068,25.61216,86.85013,9.32,30.57,80.8,3.6,0.491,7.63,52.62,11.53,1,8.587818,9.32
2026-09-28,G0034,25.54009,86.69006,17.28,31.97,78.91,4.11,0.471,17.99,48.1,14.75,1,14.902767,17.28
2026-09-28,G0032,25.54009,86.61003,15.29,31.78,66.51,6.31,0.418,14.26,49.47,12.44,1,12.966273,15.29
2026-09-28,G0013,25.46802,87.05022,15.02,31.61,71.19,4.11,0.408,10.66,43.96,13.82,1,10.661301,15.02
2026-09-28,G0012,25.46802,87.0102,20.12,32.23,72.08,3.2,0.412,16.58,46.02,16.77,1,14.605209,20.12
2026-09-28,G0011,25.46802,86.97018,12.6,31.3,68.11,2.22,0.474,15.96,44.54,13.3,1,12.206978,12.6
2026-09-28,G0010,25.46802,86.93017,15.16,32.58,84.71,4.54,0.48,10.5,46.56,11.52,1,10.966907,15.16
2026-09-28,G0009,25.46802,86.89015,10.94,31.23,79.21,2.12,0.46,16.69,46.02,16.18,1,12.369243,10.94
2026-09-28,G0008,25.46802,86.85013,19.34,30.67,68.9,4.98,0.415,11.47,44.31,12.9,1,12.188685,19.34
2026-09-28,G0014,25.46802,87.09024,11.09,31.39,79.02,3.45,0.489,19.77,47.78,14.68,1,14.6664715,11.09
2026-09-28,G0007,25.46802,86.81011,7.15,31.83,71.39,4.59,0.422,18.5,45.1,12.75,1,12.620747,7.15
2026-09-28,G0005,25.46802,86.73008,12.67,33.18,80.99,3.76,0.484,11.78,46.21,10.33,1,10.609473,12.67
2026-09-28,G0004,25.46802,86.69006,12.89,30.75,77.66,2.8,0.41,18.71,46.6,12.47,1,14.170239,12.89
2026-09-28,G0003,25.46802,86.65004,21.28,30.48,76.97,2.79,0.42,15.12,49.19,23.15,1,13.205062,21.28
2026-09-28,G0002,25.46802,86.61003,16.65,30.2,75.12,4.48,0.456,12.57,46.95,13.19,1,12.617513,16.65
2026-09-28,G0001,25.46802,86.57001,3.63,31.16,70.81,3.63,0.472,21.28,39.54,11.26,1,12.931446,3.63
2026-09-28,G0284,26.09932,87.09024,13.86,32.68,75.73,3.13,0.459,17.69,72.07,11.96,1,14.214033,13.86
2026-09-28,G0006,25.46802,86.7701,17.05,30.47,67.69,4.75,0.392,13.58,44.45,11.17,1,12.825455,17.05
2026-09-28,G0033,25.54009,86.65004,15.59,30.92,73.63,4.04,0.43,18.21,50.07,14.41,1,14.49392,15.59
2026-09-28,G0015,25.46802,87.13012,7.25,31.51,69.7,0.69,0.407,15.85,48.31,14.86,1,11.527113,7.25
2026-09-28,G0017,25.50405,86.61003,7.73,31.36,76.96,3.86,0.441,9.87,48.01,3.77,1,8.577445,7.73
2026-09-28,G0031,25.54009,86.57001,15.22,28.92,67.21,3.36,0.393,14.17,48.92,11.34,1,12.638077,15.22
2026-09-28,G0030,25.50405,87.13012,17.47,30.31,77.06,1.98,0.495,18.58,47.16,18.87,1,14.18115,17.47
2026-09-28,G0029,25.50405,87.09024,17.96,30.85,71.16,1.84,0.398,1.31,45.25,3.94,1,5.9391646,17.96
2026-09-28,G0028,25.50405,87.05022,14.07,29.32,77.26,3.64,0.4,12.49,46.57,12.9,1,11.292202,14.07
2026-09-28,G0027,25.50405,87.0102,20.65,30.7,65.85,5.32,0.417,17.99,47.35,22.05,1,15.736307,20.65
2026-09-28,G0026,25.50405,86.97018,11.03,32.09,85.93,0.67,0.457,13.78,45.98,13.28,1,11.498867,11.03
2026-09-28,G0016,25.50405,86.57001,16.08,32.16,65.93,2.63,0.447,23.21,46.31,19.11,1,18.070019,16.08
2026-09-28,G0025,25.50405,86.93017,12.15,30.45,68.83,4.28,0.429,10.87,49.8,12.4,1,10.091184,12.15
2026-09-28,G0023,25.50405,86.85013,8.35,32.48,77.29,1.33,0.459,8.36,52.65,7.9,1,7.3862724,8.35
2026-09-28,G0022,25.50405,86.81011,21.36,31.97,70.42,4.52,0.401,18.44,45.92,17.2,1,15.55997,21.36
2026-09-28,G0021,25.50405,86.7701,12.64,32.62,72.7,1.32,0.407,16.99,44.82,10.77,1,13.665865,12.64
2026-09-28,G0020,25.50405,86.73008,7.49,33.25,72.58,7.77,0.383,14.45,48.55,10.27,1,10.568515,7.49
2026-09-28,G0019,25.50405,86.69006,16.21,30.01,79.19,2.39,0.41,15.89,44.99,12.3,1,13.677365,16.21
2026-09-28,G0018,25.50405,86.65004,24.23,31.33,62.7,2.92,0.45,21.33,47.1,18.69,1,18.097345,24.23
2026-09-28,G0024,25.50405,86.89015,5.84,31.09,73.75,2.15,0.438,10.94,47.75,5.4,1,8.464063,5.84
2026-09-28,G0142,25.79234,86.81011,14.46,30.29,67.99,2.57,0.427,13.92,62.3,9.14,1,12.1089945,14.46
2026-09-28,G0069,25.61216,86.89015,23.04,33.41,67.47,2.57,0.396,5.27,53.67,11.7,1,10.2148,23.04
2026-09-28,G0071,25.61216,86.97018,17.41,29.58,65.83,3.57,0.403,16.27,53.61,14.87,1,13.887461,17.41
2026-09-28,G0122,25.75631,86.61003,12.29,32.44,76.79,5.25,0.5,7.68,59.39,5.09,1,7.8716183,12.29
2026-09-28,G0121,25.75631,86.57001,14.0,31.04,83.91,3.62,0.412,5.51,59.32,7.08,1,7.358254,14.0
2026-09-28,G0120,25.72027,87.13012,14.09,31.03,76.95,3.62,0.373,13.35,55.43,3.36,1,11.716273,14.09
2026-09-28,G0119,25.72027,87.09024,13.68,30.92,73.5,3.47,0.412,7.94,61.61,4.34,1,8.269288,13.68
2026-09-28,G0118,25.72027,87.05022,12.11,32.23,70.74,4.83,0.468,16.02,62.86,10.88,1,12.89614,12.11
2026-09-28,G0117,25.72027,87.0102,15.0,31.94,75.3,1.84,0.466,8.91,59.38,8.54,1,9.129398,15.0
2026-09-28,G0123,25.75631,86.65004,13.77,30.83,82.38,3.41,0.356,1.12,61.23,3.65,1,4.7465043,13.77
2026-09-28,G0116,25.72027,86.97018,16.68,31.87,79.77,5.67,0.37,9.98,55.96,11.44,1,10.564664,16.68
2026-09-28,G0114,25.72027,86.89015,13.67,31.19,81.65,4.55,0.358,10.27,56.03,12.59,1,10.460345,13.67
2026-09-28,G0113,25.72027,86.85013,11.69,28.51,78.5,3.17,0.436,8.16,58.06,12.36,1,9.228326,11.69
2026-09-28,G0112,25.72027,86.81011,14.34,31.48,74.76,3.31,0.43,11.26,54.87,9.23,1,10.255769,14.34
2026-09-28,G0111,25.72027,86.7701,16.04,31.04,77.39,2.25,0.451,10.42,54.51,5.72,1,10.705335,16.04
2026-09-28,G0110,25.72027,86.73008,15.23,32.26,79.73,6.49,0.412,22.34,57.89,16.25,1,17.054068,15.23
2026-09-28,G0109,25.72027,86.69006,7.42,30.83,66.53,3.3,0.428,19.22,59.95,10.94,1,12.6601305,7.42
2026-09-28,G0115,25.72027,86.93017,14.0,31.0,72.27,1.94,0.425,8.75,54.08,11.16,1,9.24671,14.0
2026-09-28,G0108,25.72027,86.65004,15.61,32.04,78.06,3.12,0.446,8.86,57.81,11.21,1,9.55731,15.61
2026-09-28,G0124,25.75631,86.69006,9.39,30.68,79.0,4.32,0.474,11.54,60.76,9.77,1,9.792789,9.39
2026-09-28,G0126,25.75631,86.7701,11.04,29.45,66.4,1.82,0.397,9.87,60.14,6.98,1,8.969639,11.04
2026-09-28,G0140,25.79234,86.73008,10.69,32.13,76.48,2.18,0.437,8.49,61.65,10.5,1,7.7721496,10.69
2026-09-28,G0139,25.79234,86.69006,6.11,31.5,76.21,3.82,0.365,17.72,59.52,14.73,1,13.325904,6.11
2026-09-28,G0138,25.79234,86.65004,18.13,29.44,80.06,3.15,0.425,25.15,64.84,15.3,1,20.113869,18.13
2026-09-28,G0137,25.79234,86.61003,3.35,31.46,81.26,6.99,0.441,17.07,59.64,9.11,1,10.469082,3.35
2026-09-28,G0136,25.79234,86.57001,14.69,29.0,78.14,3.75,0.448,15.26,59.04,11.24,1,13.665579,14.69
2026-09-28,G0135,25.75631,87.13012,12.55,30.32,65.25,4.37,0.416,20.26,56.67,14.34,1,15.131719,12.55
2026-09-28,G0125,25.75631,86.73008,11.27,30.81,77.37,3.26,0.403,18.67,56.09,15.38,1,13.8089,11.27
2026-09-28,G0134,25.75631,87.09024,14.19,30.36,74.18,4.13,0.455,7.81,59.17,9.84,1,8.164322,14.19
2026-09-28,G0132,25.75631,87.0102,8.31,31.45,71.51,3.11,0.404,12.35,57.86,4.13,1,9.7988,8.31
2026-09-28,G0131,25.75631,86.97018,14.41,31.94,71.62,4.08,0.452,8.1,58.67,6.62,1,8.521246,14.41
2026-09-28,G0130,25.75631,86.93017,11.99,30.14,77.93,3.59,0.495,2.93,62.43,8.39,1,5.3421917,11.99
2026-09-28,G0129,25.75631,86.89015,9.14,31.12,75.33,3.84,0.42,16.93,61.73,7.09,1,12.770743,9.14
2026-09-28,G0128,25.75631,86.85013,17.96,32.99,64.8,3.3,0.42,4.86,58.59,5.9,1,8.878342,17.96
2026-09-28,G0127,25.75631,86.81011,20.46,31.54,88.64,1.87,0.383,8.63,58.31,13.46,1,10.74221,20.46
2026-09-28,G0133,25.75631,87.05022,15.31,30.94,71.47,6.05,0.503,10.53,61.01,15.35,1,9.7511835,15.31
2026-09-28,G0070,25.61216,86.93017,17.79,31.08,75.52,1.98,0.431,12.55,49.94,11.61,1,12.288523,17.79
2026-09-28,G0107,25.72027,86.61003,15.24,30.08,79.14,5.33,0.424,11.32,59.74,12.15,1,10.982371,15.24
2026-09-28,G0105,25.68423,87.13012,4.69,30.33,67.04,2.98,0.346,7.02,56.7,5.02,1,6.1874495,4.69
2026-09-28,G0086,25.6482,86.97018,14.39,30.63,72.58,4.97,0.403,10.06,55.9,2.6,1,10.170383,14.39
2026-09-28,G0085,25.6482,86.93017,14.71,29.96,82.06,3.44,0.472,1.69,55.42,5.72,1,6.4133782,14.71
2026-09-28,G0084,25.6482,86.89015,7.82,32.57,75.11,4.87,0.438,10.49,54.89,8.19,1,8.865321,7.82
2026-09-28,G0083,25.6482,86.85013,9.65,30.95,76.02,3.12,0.453,4.22,51.98,3.67,1,6.168256,9.65
2026-09-28,G0082,25.6482,86.81011,18.5,32.02,82.39,1.95,0.457,19.53,53.08,14.76,1,15.690299,18.5
2026-09-28,G0081,25.6482,86.7701,13.59,30.51,70.75,2.92,0.42,17.77,52.63,13.81,1,13.680438,13.59
2026-09-28,G0087,25.6482,87.0102,12.91,33.64,67.03,4.47,0.385,10.04,55.99,6.61,1,9.55046,12.91
2026-09-28,G0080,25.6482,86.73008,18.27,29.81,76.6,4.44,0.431,17.11,52.09,12.12,1,15.424072,18.27
2026-09-28,G0078,25.6482,86.65004,10.37,32.37,68.02,1.68,0.491,13.23,56.07,10.15,1,11.159729,10.37
2026-09-28,G0077,25.6482,86.61003,10.4,31.36,66.95,5.79,0.433,3.68,54.83,5.03,1,4.557332,10.4
2026-09-28,G0076,25.6482,86.57001,13.25,31.83,72.32,1.74,0.408,5.87,57.95,2.72,1,7.002056,13.25
2026-09-28,G0075,25.61216,87.13012,10.86,30.25,77.41,5.41,0.421,14.73,52.58,10.91,1,11.557043,10.86
2026-09-28,G0074,25.61216,87.09024,15.37,30.82,71.31,2.93,0.476,14.76,54.01,15.97,1,12.236772,15.37
2026-09-28,G0073,25.61216,87.05022,12.22,32.3,64.79,1.23,0.383,9.41,52.59,9.94,1,9.034305,12.22
2026-09-28,G0079,25.6482,86.69006,10.3,29.82,70.25,2.85,0.423,10.96,51.92,7.31,1,9.803154,10.3
2026-09-28,G0106,25.72027,86.57001,16.56,30.9,80.7,2.89,0.388,10.76,61.42,10.47,1,11.194473,16.56
2026-09-28,G0088,25.6482,87.05022,4.87,32.18,66.84,4.21,0.393,1.38,55.91,0.0,0,2.8598518,4.87
2026-09-28,G0090,25.6482,87.13012,7.33,32.41,74.54,4.11,0.466,13.91,54.8,11.35,1,10.165181,7.33
2026-09-28,G0104,25.68423,87.09024,15.82,30.82,76.22,2.56,0.468,9.41,56.22,7.91,1,8.958417,15.82
2026-09-28,G0103,25.68423,87.05022,8.13,29.6,71.96,3.99,0.388,18.47,56.43,12.0,1,13.335887,8.13
2026-09-28,G0102,25.68423,87.0102,9.76,32.69,74.84,1.91,0.378,16.43,56.39,14.17,1,12.867061,9.76
2026-09-28,G0101,25.68423,86.97018,20.26,30.96,82.33,2.46,0.396,13.16,57.66,14.1,1,12.550252,20.26
2026-09-28,G0100,25.68423,86.93017,14.99,31.7,77.43,3.44,0.447,7.94,52.51,8.81,1,8.460662,14.99
2026-09-28,G0099,25.68423,86.89015,10.19,30.61,68.18,4.86,0.395,2.97,55.44,7.7,1,4.6125298,10.19
2026-09-28,G0089,25.6482,87.09024,11.44,31.59,80.63,2.78,0.392,12.65,50.38,14.84,1,11.496215,11.44
2026-09-28,G0098,25.68423,86.85013,14.61,30.63,70.0,2.76,0.42,7.45,53.05,6.28,1,8.492686,14.61
2026-09-28,G0096,25.68423,86.7701,8.06,31.34,72.28,1.18,0.409,9.73,56.36,3.15,1,8.659617,8.06
2026-09-28,G0095,25.68423,86.73008,8.61,31.01,66.14,2.02,0.422,10.16,56.93,4.07,1,9.006561,8.61
2026-09-28,G0094,25.68423,86.69006,8.25,31.99,66.39,3.15,0.364,15.56,53.05,15.97,1,10.601542,8.25
2026-09-28,G0093,25.68423,86.65004,4.95,32.27,81.55,4.01,0.429,19.65,57.12,13.9,1,12.721524,4.95
2026-09-28,G0092,25.68423,86.61003,13.17,32.4,70.39,4.73,0.403,12.09,55.22,14.15,1,10.52311,13.17
2026-09-28,G0091,25.68423,86.57001,12.48,30.32,76.13,5.64,0.36,7.83,56.56,8.36,1,8.388878,12.48
2026-09-28,G0097,25.68423,86.81011,14.08,29.82,75.39,2.48,0.431,6.06,53.43,3.33,1,7.6587305,14.08
2026-09-28,G0285,26.09932,87.13012,8.0,29.94,74.07,2.9,0.393,16.06,74.78,7.35,1,11.635689,8.0
