{
  "type": "FeatureCollection",
  "name": "madhepura_dummy_4km_grid",
  "features": [
    {
      "type": "Feature",
      "properties": {
        "name": "G0001",
        "grid_id": "G0001",
        "cell_km": "~4x4",
        "data_status": "DUMMY_DEVELOPMENT_ONLY"
      },
      "geometry": {
        "type": "Polygon",
        "coordinates": [
          [
            [
              86.55,
              25.45
            ],
            [
              86.5900174261443,
              25.45
            ],
            [
              86.5900174261443,
              25.486036036036037
            ],
            [
              86.55,
              25.486036036036037
            ],
            [
              86.55,
              25.45
            ]
          ]
        ]
      }
    },
    {
      "type": "Feature",
      "properties": {
        "name": "G0002",
        "grid_id": "G0002",
        "cell_km": "~4x4",
        "data_status": "DUMMY_DEVELOPMENT_ONLY"
      },
      "geometry": {
        "type": "Polygon",
        "coordinates": [
          [
            [
              86.5900174261443,
              25.45
            ],
            [
              86.6300348522886,
              25.45
            ],
            [
              86.6300348522886,
              25.486036036036037
            ],
            [
              86.5900174261443,
              25.486036036036037
            ],
            [
              86.5900174261443,
              25.45
            ]
          ]
        ]
      }
    },
    {
      "type": "Feature",
      "properties": {
        "name": "G0003",
        "grid_id": "G0003",
        "cell_km": "~4x4",
        "data_status": "DUMMY_DEVELOPMENT_ONLY"
      },
      "geometry": {
        "type": "Polygon",
        "coordinates": [
          [
            [
              86.6300348522886,
              25.45
            ],
            [
              86.6700522784329,
              25.45
            ],
            [
              86.6700522784329,
              25.486036036036037
            ],
            [
              86.6300348522886,
              25.486036036036037
            ],
            [
              86.6300348522886,
              25.45
            ]
          ]
        ]
      }
    },
    {
      "type": "Feature",
      "properties": {
        "name": "G0004",
        "grid_id": "G0004",
        "cell_km": "~4x4",
        "data_status": "DUMMY_DEVELOPMENT_ONLY"
      },
      "geometry": {
        "type": "Polygon",
        "coordinates": [
          [
            [
              86.6700522784329,
              25.45
            ],
            [
              86.71006970457721,
              25.45
            ],
            [
              86.71006970457721,
              25.486036036036037
            ],
            [
              86.6700522784329,
              25.486036036036037
            ],
            [
              86.6700522784329,
              25.45
            ]
          ]
        ]
      }
    },
    {
      "type": "Feature",
      "properties": {
        "name": "G0005",
        "grid_id": "G0005",
        "cell_km": "~4x4",
        "data_status": "DUMMY_DEVELOPMENT_ONLY"
      },
      "geometry": {
        "type": "Polygon",
        "coordinates": [
          [
            [
              86.71006970457721,
              25.45
            ],
            [
              86.75008713072151,
              25.45
            ],
            [
              86.75008713072151,
              25.486036036036037
            ],
            [
              86.71006970457721,
              25.486036036036037
            ],
            [
              86.71006970457721,
              25.45
            ]
          ]
        ]
      }
    },
    {
      "type": "Feature",
      "properties": {
        "name": "G0006",
        "grid_id": "G0006",
        "cell_km": "~4x4",
        "data_status": "DUMMY_DEVELOPMENT_ONLY"
      },
      "geometry": {
        "type": "Polygon",
        "coordinates": [
          [
            [
              86.75008713072151,
              25.45
            ],
            [
              86.79010455686581,
              25.45
            ],
            [
              86.79010455686581,
              25.486036036036037
            ],
            [
              86.75008713072151,
              25.486036036036037
            ],
            [
              86.75008713072151,
              25.45
            ]
          ]
        ]
      }
    },
    {
      "type": "Feature",
      "properties": {
        "name": "G0007",
        "grid_id": "G0007",
        "cell_km": "~4x4",
        "data_status": "DUMMY_DEVELOPMENT_ONLY"
      },
      "geometry": {
        "type": "Polygon",
        "coordinates": [
          [
            [
              86.79010455686581,
              25.45
            ],
            [
              86.83012198301012,
              25.45
            ],
            [
              86.83012198301012,
              25.486036036036037
            ],
            [
              86.79010455686581,
              25.486036036036037
            ],
            [
              86.79010455686581,
              25.45
            ]
          ]
        ]
      }
    },
    {
      "type": "Feature",
      "properties": {
        "name": "G0008",
        "grid_id": "G0008",
        "cell_km": "~4x4",
        "data_status": "DUMMY_DEVELOPMENT_ONLY"
      },
      "geometry": {
        "type": "Polygon",
        "coordinates": [
          [
            [
              86.83012198301012,
              25.45
            ],
            [
              86.87013940915442,
              25.45
            ],
            [
              86.87013940915442,
              25.486036036036037
            ],
            [
              86.83012198301012,
              25.486036036036037
            ],
            [
              86.83012198301012,
              25.45
            ]
          ]
        ]
      }
    },
    {
      "type": "Feature",
      "properties": {
        "name": "G0009",
        "grid_id": "G0009",
        "cell_km": "~4x4",
        "data_status": "DUMMY_DEVELOPMENT_ONLY"
      },
      "geometry": {
        "type": "Polygon",
        "coordinates": [
          [
            [
              86.87013940915442,
              25.45
            ],
            [
              86.91015683529872,
              25.45
            ],
            [
              86.91015683529872,
              25.486036036036037
            ],
            [
              86.87013940915442,
              25.486036036036037
            ],
            [
              86.87013940915442,
              25.45
            ]
          ]
        ]
      }
    },
    {
      "type": "Feature",
      "properties": {
        "name": "G0010",
        "grid_id": "G0010",
        "cell_km": "~4x4",
        "data_status": "DUMMY_DEVELOPMENT_ONLY"
      },
      "geometry": {
        "type": "Polygon",
        "coordinates": [
          [
            [
              86.91015683529872,
              25.45
            ],
            [
              86.95017426144302,
              25.45
            ],
            [
              86.95017426144302,
              25.486036036036037
            ],
            [
              86.91015683529872,
              25.486036036036037
            ],
            [
              86.91015683529872,
              25.45
            ]
          ]
        ]
      }
    },
    {
      "type": "Feature",
      "properties": {
        "name": "G0011",
        "grid_id": "G0011",
        "cell_km": "~4x4",
        "data_status": "DUMMY_DEVELOPMENT_ONLY"
      },
      "geometry": {
        "type": "Polygon",
        "coordinates": [
          [
            [
              86.95017426144302,
              25.45
            ],
            [
              86.99019168758733,
              25.45
            ],
            [
              86.99019168758733,
              25.486036036036037
            ],
            [
              86.95017426144302,
              25.486036036036037
            ],
            [
              86.95017426144302,
              25.45
            ]
          ]
        ]
      }
    },
    {
      "type": "Feature",
      "properties": {
        "name": "G0012",
        "grid_id": "G0012",
        "cell_km": "~4x4",
        "data_status": "DUMMY_DEVELOPMENT_ONLY"
      },
      "geometry": {
        "type": "Polygon",
        "coordinates": [
          [
            [
              86.99019168758733,
              25.45
            ],
            [
              87.03020911373163,
              25.45
            ],
            [
              87.03020911373163,
              25.486036036036037
            ],
            [
              86.99019168758733,
              25.486036036036037
            ],
            [
              86.99019168758733,
              25.45
            ]
          ]
        ]
      }
    },
    {
      "type": "Feature",
      "properties": {
        "name": "G0013",
        "grid_id": "G0013",
        "cell_km": "~4x4",
        "data_status": "DUMMY_DEVELOPMENT_ONLY"
      },
      "geometry": {
        "type": "Polygon",
        "coordinates": [
          [
            [
              87.03020911373163,
              25.45
            ],
            [
              87.07022653987593,
              25.45
            ],
            [
              87.07022653987593,
              25.486036036036037
            ],
            [
              87.03020911373163,
              25.486036036036037
            ],
            [
              87.03020911373163,
              25.45
            ]
          ]
        ]
      }
    },
    {
      "type": "Feature",
      "properties": {
        "name": "G0014",
        "grid_id": "G0014",
        "cell_km": "~4x4",
        "data_status": "DUMMY_DEVELOPMENT_ONLY"
      },
      "geometry": {
        "type": "Polygon",
        "coordinates": [
          [
            [
              87.07022653987593,
              25.45
            ],
            [
              87.11024396602024,
              25.45
            ],
            [
              87.11024396602024,
              25.486036036036037
            ],
            [
              87.07022653987593,
              25.486036036036037
            ],
            [
              87.07022653987593,
              25.45
            ]
          ]
        ]
      }
    },
    {
      "type": "Feature",
      "properties": {
        "name": "G0015",
        "grid_id": "G0015",
        "cell_km": "~4x4",
        "data_status": "DUMMY_DEVELOPMENT_ONLY"
      },
      "geometry": {
        "type": "Polygon",
        "coordinates": [
          [
            [
              87.11024396602024,
              25.45
            ],
            [
              87.15,
              25.45
            ],
            [
              87.15,
              25.486036036036037
            ],
            [
              87.11024396602024,
              25.486036036036037
            ],
            [
              87.11024396602024,
              25.45
            ]
          ]
        ]
      }
    },
    {
      "type": "Feature",
      "properties": {
        "name": "G0016",
        "grid_id": "G0016",
        "cell_km": "~4x4",
        "data_status": "DUMMY_DEVELOPMENT_ONLY"
      },
      "geometry": {
        "type": "Polygon",
        "coordinates": [
          [
            [
              86.55,
              25.486036036036037
            ],
            [
              86.5900174261443,
              25.486036036036037
            ],
            [
              86.5900174261443,
              25.522072072072074
            ],
            [
              86.55,
              25.522072072072074
            ],
            [
              86.55,
              25.486036036036037
            ]
          ]
        ]
      }
    },
    {
      "type": "Feature",
      "properties": {
        "name": "G0017",
        "grid_id": "G0017",
        "cell_km": "~4x4",
        "data_status": "DUMMY_DEVELOPMENT_ONLY"
      },
      "geometry": {
        "type": "Polygon",
        "coordinates": [
          [
            [
              86.5900174261443,
              25.486036036036037
            ],
            [
              86.6300348522886,
              25.486036036036037
            ],
            [
              86.6300348522886,
              25.522072072072074
            ],
            [
              86.5900174261443,
              25.522072072072074
            ],
            [
              86.5900174261443,
              25.486036036036037
            ]
          ]
        ]
      }
    },
    {
      "type": "Feature",
      "properties": {
        "name": "G0018",
        "grid_id": "G0018",
        "cell_km": "~4x4",
        "data_status": "DUMMY_DEVELOPMENT_ONLY"
      },
      "geometry": {
        "type": "Polygon",
        "coordinates": [
          [
            [
              86.6300348522886,
              25.486036036036037
            ],
            [
              86.6700522784329,
              25.486036036036037
            ],
            [
              86.6700522784329,
              25.522072072072074
            ],
            [
              86.6300348522886,
              25.522072072072074
            ],
            [
              86.6300348522886,
              25.486036036036037
            ]
          ]
        ]
      }
    },
    {
      "type": "Feature",
      "properties": {
        "name": "G0019",
        "grid_id": "G0019",
        "cell_km": "~4x4",
        "data_status": "DUMMY_DEVELOPMENT_ONLY"
      },
      "geometry": {
        "type": "Polygon",
        "coordinates": [
          [
            [
              86.6700522784329,
              25.486036036036037
            ],
            [
              86.71006970457721,
              25.486036036036037
            ],
            [
              86.71006970457721,
              25.522072072072074
            ],
            [
              86.6700522784329,
              25.522072072072074
            ],
            [
              86.6700522784329,
              25.486036036036037
            ]
          ]
        ]
      }
    },
    {
      "type": "Feature",
      "properties": {
        "name": "G0020",
        "grid_id": "G0020",
        "cell_km": "~4x4",
        "data_status": "DUMMY_DEVELOPMENT_ONLY"
      },
      "geometry": {
        "type": "Polygon",
        "coordinates": [
          [
            [
              86.71006970457721,
              25.486036036036037
            ],
            [
              86.75008713072151,
              25.486036036036037
            ],
            [
              86.75008713072151,
              25.522072072072074
            ],
            [
              86.71006970457721,
              25.522072072072074
            ],
            [
              86.71006970457721,
              25.486036036036037
            ]
          ]
        ]
      }
    },
    {
      "type": "Feature",
      "properties": {
        "name": "G0021",
        "grid_id": "G0021",
        "cell_km": "~4x4",
        "data_status": "DUMMY_DEVELOPMENT_ONLY"
      },
      "geometry": {
        "type": "Polygon",
        "coordinates": [
          [
            [
              86.75008713072151,
              25.486036036036037
            ],
            [
              86.79010455686581,
              25.486036036036037
            ],
            [
              86.79010455686581,
              25.522072072072074
            ],
            [
              86.75008713072151,
              25.522072072072074
            ],
            [
              86.75008713072151,
              25.486036036036037
            ]
          ]
        ]
      }
    },
    {
      "type": "Feature",
      "properties": {
        "name": "G0022",
        "grid_id": "G0022",
        "cell_km": "~4x4",
        "data_status": "DUMMY_DEVELOPMENT_ONLY"
      },
      "geometry": {
        "type": "Polygon",
        "coordinates": [
          [
            [
              86.79010455686581,
              25.486036036036037
            ],
            [
              86.83012198301012,
              25.486036036036037
            ],
            [
              86.83012198301012,
              25.522072072072074
            ],
            [
              86.79010455686581,
              25.522072072072074
            ],
            [
              86.79010455686581,
              25.486036036036037
            ]
          ]
        ]
      }
    },
    {
      "type": "Feature",
      "properties": {
        "name": "G0023",
        "grid_id": "G0023",
        "cell_km": "~4x4",
        "data_status": "DUMMY_DEVELOPMENT_ONLY"
      },
      "geometry": {
        "type": "Polygon",
        "coordinates": [
          [
            [
              86.83012198301012,
              25.486036036036037
            ],
            [
              86.87013940915442,
              25.486036036036037
            ],
            [
              86.87013940915442,
              25.522072072072074
            ],
            [
              86.83012198301012,
              25.522072072072074
            ],
            [
              86.83012198301012,
              25.486036036036037
            ]
          ]
        ]
      }
    },
    {
      "type": "Feature",
      "properties": {
        "name": "G0024",
        "grid_id": "G0024",
        "cell_km": "~4x4",
        "data_status": "DUMMY_DEVELOPMENT_ONLY"
      },
      "geometry": {
        "type": "Polygon",
        "coordinates": [
          [
            [
              86.87013940915442,
              25.486036036036037
            ],
            [
              86.91015683529872,
              25.486036036036037
            ],
            [
              86.91015683529872,
              25.522072072072074
            ],
            [
              86.87013940915442,
              25.522072072072074
            ],
            [
              86.87013940915442,
              25.486036036036037
            ]
          ]
        ]
      }
    },
    {
      "type": "Feature",
      "properties": {
        "name": "G0025",
        "grid_id": "G0025",
        "cell_km": "~4x4",
        "data_status": "DUMMY_DEVELOPMENT_ONLY"
      },
      "geometry": {
        "type": "Polygon",
        "coordinates": [
          [
            [
              86.91015683529872,
              25.486036036036037
            ],
            [
              86.95017426144302,
              25.486036036036037
            ],
            [
              86.95017426144302,
              25.522072072072074
            ],
            [
              86.91015683529872,
              25.522072072072074
            ],
            [
              86.91015683529872,
              25.486036036036037
            ]
          ]
        ]
      }
    },
    {
      "type": "Feature",
      "properties": {
        "name": "G0026",
        "grid_id": "G0026",
        "cell_km": "~4x4",
        "data_status": "DUMMY_DEVELOPMENT_ONLY"
      },
      "geometry": {
        "type": "Polygon",
        "coordinates": [
          [
            [
              86.95017426144302,
              25.486036036036037
            ],
            [
              86.99019168758733,
              25.486036036036037
            ],
            [
              86.99019168758733,
              25.522072072072074
            ],
            [
              86.95017426144302,
              25.522072072072074
            ],
            [
              86.95017426144302,
              25.486036036036037
            ]
          ]
        ]
      }
    },
    {
      "type": "Feature",
      "properties": {
        "name": "G0027",
        "grid_id": "G0027",
        "cell_km": "~4x4",
        "data_status": "DUMMY_DEVELOPMENT_ONLY"
      },
      "geometry": {
        "type": "Polygon",
        "coordinates": [
          [
            [
              86.99019168758733,
              25.486036036036037
            ],
            [
              87.03020911373163,
              25.486036036036037
            ],
            [
              87.03020911373163,
              25.522072072072074
            ],
            [
              86.99019168758733,
              25.522072072072074
            ],
            [
              86.99019168758733,
              25.486036036036037
            ]
          ]
        ]
      }
    },
    {
      "type": "Feature",
      "properties": {
        "name": "G0028",
        "grid_id": "G0028",
        "cell_km": "~4x4",
        "data_status": "DUMMY_DEVELOPMENT_ONLY"
      },
      "geometry": {
        "type": "Polygon",
        "coordinates": [
          [
            [
              87.03020911373163,
              25.486036036036037
            ],
            [
              87.07022653987593,
              25.486036036036037
            ],
            [
              87.07022653987593,
              25.522072072072074
            ],
            [
              87.03020911373163,
              25.522072072072074
            ],
            [
              87.03020911373163,
              25.486036036036037
            ]
          ]
        ]
      }
    },
    {
      "type": "Feature",
      "properties": {
        "name": "G0029",
        "grid_id": "G0029",
        "cell_km": "~4x4",
        "data_status": "DUMMY_DEVELOPMENT_ONLY"
      },
      "geometry": {
        "type": "Polygon",
        "coordinates": [
          [
            [
              87.07022653987593,
              25.486036036036037
            ],
            [
              87.11024396602024,
              25.486036036036037
            ],
            [
              87.11024396602024,
              25.522072072072074
            ],
            [
              87.07022653987593,
              25.522072072072074
            ],
            [
              87.07022653987593,
              25.486036036036037
            ]
          ]
        ]
      }
    },
    {
      "type": "Feature",
      "properties": {
        "name": "G0030",
        "grid_id": "G0030",
        "cell_km": "~4x4",
        "data_status": "DUMMY_DEVELOPMENT_ONLY"
      },
      "geometry": {
        "type": "Polygon",
        "coordinates": [
          [
            [
              87.11024396602024,
              25.486036036036037
            ],
            [
              87.15,
              25.486036036036037
            ],
            [
              87.15,
              25.522072072072074
            ],
            [
              87.11024396602024,
              25.522072072072074
            ],
            [
              87.11024396602024,
              25.486036036036037
            ]
          ]
        ]
      }
    },
    {
      "type": "Feature",
      "properties": {
        "name": "G0031",
        "grid_id": "G0031",
        "cell_km": "~4x4",
        "data_status": "DUMMY_DEVELOPMENT_ONLY"
      },
      "geometry": {
        "type": "Polygon",
        "coordinates": [
          [
            [
              86.55,
              25.522072072072074
            ],
            [
              86.5900174261443,
              25.522072072072074
            ],
            [
              86.5900174261443,
              25.55810810810811
            ],
            [
              86.55,
              25.55810810810811
            ],
            [
              86.55,
              25.522072072072074
            ]
          ]
        ]
      }
    },
    {
      "type": "Feature",
      "properties": {
        "name": "G0032",
        "grid_id": "G0032",
        "cell_km": "~4x4",
        "data_status": "DUMMY_DEVELOPMENT_ONLY"
      },
      "geometry": {
        "type": "Polygon",
        "coordinates": [
          [
            [
              86.5900174261443,
              25.522072072072074
            ],
            [
              86.6300348522886,
              25.522072072072074
            ],
            [
              86.6300348522886,
              25.55810810810811
            ],
            [
              86.5900174261443,
              25.55810810810811
            ],
            [
              86.5900174261443,
              25.522072072072074
            ]
          ]
        ]
      }
    },
    {
      "type": "Feature",
      "properties": {
        "name": "G0033",
        "grid_id": "G0033",
        "cell_km": "~4x4",
        "data_status": "DUMMY_DEVELOPMENT_ONLY"
      },
      "geometry": {
        "type": "Polygon",
        "coordinates": [
          [
            [
              86.6300348522886,
              25.522072072072074
            ],
            [
              86.6700522784329,
              25.522072072072074
            ],
            [
              86.6700522784329,
              25.55810810810811
            ],
            [
              86.6300348522886,
              25.55810810810811
            ],
            [
              86.6300348522886,
              25.522072072072074
            ]
          ]
        ]
      }
    },
    {
      "type": "Feature",
      "properties": {
        "name": "G0034",
        "grid_id": "G0034",
        "cell_km": "~4x4",
        "data_status": "DUMMY_DEVELOPMENT_ONLY"
      },
      "geometry": {
        "type": "Polygon",
        "coordinates": [
          [
            [
              86.6700522784329,
              25.522072072072074
            ],
            [
              86.71006970457721,
              25.522072072072074
            ],
            [
              86.71006970457721,
              25.55810810810811
            ],
            [
              86.6700522784329,
              25.55810810810811
            ],
            [
              86.6700522784329,
              25.522072072072074
            ]
          ]
        ]
      }
    },
    {
      "type": "Feature",
      "properties": {
        "name": "G0035",
        "grid_id": "G0035",
        "cell_km": "~4x4",
        "data_status": "DUMMY_DEVELOPMENT_ONLY"
      },
      "geometry": {
        "type": "Polygon",
        "coordinates": [
          [
            [
              86.71006970457721,
              25.522072072072074
            ],
            [
              86.75008713072151,
              25.522072072072074
            ],
            [
              86.75008713072151,
              25.55810810810811
            ],
            [
              86.71006970457721,
              25.55810810810811
            ],
            [
              86.71006970457721,
              25.522072072072074
            ]
          ]
        ]
      }
    },
    {
      "type": "Feature",
      "properties": {
        "name": "G0036",
        "grid_id": "G0036",
        "cell_km": "~4x4",
        "data_status": "DUMMY_DEVELOPMENT_ONLY"
      },
      "geometry": {
        "type": "Polygon",
        "coordinates": [
          [
            [
              86.75008713072151,
              25.522072072072074
            ],
            [
              86.79010455686581,
              25.522072072072074
            ],
            [
              86.79010455686581,
              25.55810810810811
            ],
            [
              86.75008713072151,
              25.55810810810811
            ],
            [
              86.75008713072151,
              25.522072072072074
            ]
          ]
        ]
      }
    },
    {
      "type": "Feature",
      "properties": {
        "name": "G0037",
        "grid_id": "G0037",
        "cell_km": "~4x4",
        "data_status": "DUMMY_DEVELOPMENT_ONLY"
      },
      "geometry": {
        "type": "Polygon",
        "coordinates": [
          [
            [
              86.79010455686581,
              25.522072072072074
            ],
            [
              86.83012198301012,
              25.522072072072074
            ],
            [
              86.83012198301012,
              25.55810810810811
            ],
            [
              86.79010455686581,
              25.55810810810811
            ],
            [
              86.79010455686581,
              25.522072072072074
            ]
          ]
        ]
      }
    },
    {
      "type": "Feature",
      "properties": {
        "name": "G0038",
        "grid_id": "G0038",
        "cell_km": "~4x4",
        "data_status": "DUMMY_DEVELOPMENT_ONLY"
      },
      "geometry": {
        "type": "Polygon",
        "coordinates": [
          [
            [
              86.83012198301012,
              25.522072072072074
            ],
            [
              86.87013940915442,
              25.522072072072074
            ],
            [
              86.87013940915442,
              25.55810810810811
            ],
            [
              86.83012198301012,
              25.55810810810811
            ],
            [
              86.83012198301012,
              25.522072072072074
            ]
          ]
        ]
      }
    },
    {
      "type": "Feature",
      "properties": {
        "name": "G0039",
        "grid_id": "G0039",
        "cell_km": "~4x4",
        "data_status": "DUMMY_DEVELOPMENT_ONLY"
      },
      "geometry": {
        "type": "Polygon",
        "coordinates": [
          [
            [
              86.87013940915442,
              25.522072072072074
            ],
            [
              86.91015683529872,
              25.522072072072074
            ],
            [
              86.91015683529872,
              25.55810810810811
            ],
            [
              86.87013940915442,
              25.55810810810811
            ],
            [
              86.87013940915442,
              25.522072072072074
            ]
          ]
        ]
      }
    },
    {
      "type": "Feature",
      "properties": {
        "name": "G0040",
        "grid_id": "G0040",
        "cell_km": "~4x4",
        "data_status": "DUMMY_DEVELOPMENT_ONLY"
      },
      "geometry": {
        "type": "Polygon",
        "coordinates": [
          [
            [
              86.91015683529872,
              25.522072072072074
            ],
            [
              86.95017426144302,
              25.522072072072074
            ],
            [
              86.95017426144302,
              25.55810810810811
            ],
            [
              86.91015683529872,
              25.55810810810811
            ],
            [
              86.91015683529872,
              25.522072072072074
            ]
          ]
        ]
      }
    },
    {
      "type": "Feature",
      "properties": {
        "name": "G0041",
        "grid_id": "G0041",
        "cell_km": "~4x4",
        "data_status": "DUMMY_DEVELOPMENT_ONLY"
      },
      "geometry": {
        "type": "Polygon",
        "coordinates": [
          [
            [
              86.95017426144302,
              25.522072072072074
            ],
            [
              86.99019168758733,
              25.522072072072074
            ],
            [
              86.99019168758733,
              25.55810810810811
            ],
            [
              86.95017426144302,
              25.55810810810811
            ],
            [
              86.95017426144302,
              25.522072072072074
            ]
          ]
        ]
      }
    },
    {
      "type": "Feature",
      "properties": {
        "name": "G0042",
        "grid_id": "G0042",
        "cell_km": "~4x4",
        "data_status": "DUMMY_DEVELOPMENT_ONLY"
      },
      "geometry": {
        "type": "Polygon",
        "coordinates": [
          [
            [
              86.99019168758733,
              25.522072072072074
            ],
            [
              87.03020911373163,
              25.522072072072074
            ],
            [
              87.03020911373163,
              25.55810810810811
            ],
            [
              86.99019168758733,
              25.55810810810811
            ],
            [
              86.99019168758733,
              25.522072072072074
            ]
          ]
        ]
      }
    },
    {
      "type": "Feature",
      "properties": {
        "name": "G0043",
        "grid_id": "G0043",
        "cell_km": "~4x4",
        "data_status": "DUMMY_DEVELOPMENT_ONLY"
      },
      "geometry": {
        "type": "Polygon",
        "coordinates": [
          [
            [
              87.03020911373163,
              25.522072072072074
            ],
            [
              87.07022653987593,
              25.522072072072074
            ],
            [
              87.07022653987593,
              25.55810810810811
            ],
            [
              87.03020911373163,
              25.55810810810811
            ],
            [
              87.03020911373163,
              25.522072072072074
            ]
          ]
        ]
      }
    },
    {
      "type": "Feature",
      "properties": {
        "name": "G0044",
        "grid_id": "G0044",
        "cell_km": "~4x4",
        "data_status": "DUMMY_DEVELOPMENT_ONLY"
      },
      "geometry": {
        "type": "Polygon",
        "coordinates": [
          [
            [
              87.07022653987593,
              25.522072072072074
            ],
            [
              87.11024396602024,
              25.522072072072074
            ],
            [
              87.11024396602024,
              25.55810810810811
            ],
            [
              87.07022653987593,
              25.55810810810811
            ],
            [
              87.07022653987593,
              25.522072072072074
            ]
          ]
        ]
      }
    },
    {
      "type": "Feature",
      "properties": {
        "name": "G0045",
        "grid_id": "G0045",
        "cell_km": "~4x4",
        "data_status": "DUMMY_DEVELOPMENT_ONLY"
      },
      "geometry": {
        "type": "Polygon",
        "coordinates": [
          [
            [
              87.11024396602024,
              25.522072072072074
            ],
            [
              87.15,
              25.522072072072074
            ],
            [
              87.15,
              25.55810810810811
            ],
            [
              87.11024396602024,
              25.55810810810811
            ],
            [
              87.11024396602024,
              25.522072072072074
            ]
          ]
        ]
      }
    },
    {
      "type": "Feature",
      "properties": {
        "name": "G0046",
        "grid_id": "G0046",
        "cell_km": "~4x4",
        "data_status": "DUMMY_DEVELOPMENT_ONLY"
      },
      "geometry": {
        "type": "Polygon",
        "coordinates": [
          [
            [
              86.55,
              25.55810810810811
            ],
            [
              86.5900174261443,
              25.55810810810811
            ],
            [
              86.5900174261443,
              25.59414414414415
            ],
            [
              86.55,
              25.59414414414415
            ],
            [
              86.55,
              25.55810810810811
            ]
          ]
        ]
      }
    },
    {
      "type": "Feature",
      "properties": {
        "name": "G0047",
        "grid_id": "G0047",
        "cell_km": "~4x4",
        "data_status": "DUMMY_DEVELOPMENT_ONLY"
      },
      "geometry": {
        "type": "Polygon",
        "coordinates": [
          [
            [
              86.5900174261443,
              25.55810810810811
            ],
            [
              86.6300348522886,
              25.55810810810811
            ],
            [
              86.6300348522886,
              25.59414414414415
            ],
            [
              86.5900174261443,
              25.59414414414415
            ],
            [
              86.5900174261443,
              25.55810810810811
            ]
          ]
        ]
      }
    },
    {
      "type": "Feature",
      "properties": {
        "name": "G0048",
        "grid_id": "G0048",
        "cell_km": "~4x4",
        "data_status": "DUMMY_DEVELOPMENT_ONLY"
      },
      "geometry": {
        "type": "Polygon",
        "coordinates": [
          [
            [
              86.6300348522886,
              25.55810810810811
            ],
            [
              86.6700522784329,
              25.55810810810811
            ],
            [
              86.6700522784329,
              25.59414414414415
            ],
            [
              86.6300348522886,
              25.59414414414415
            ],
            [
              86.6300348522886,
              25.55810810810811
            ]
          ]
        ]
      }
    },
    {
      "type": "Feature",
      "properties": {
        "name": "G0049",
        "grid_id": "G0049",
        "cell_km": "~4x4",
        "data_status": "DUMMY_DEVELOPMENT_ONLY"
      },
      "geometry": {
        "type": "Polygon",
        "coordinates": [
          [
            [
              86.6700522784329,
              25.55810810810811
            ],
            [
              86.71006970457721,
              25.55810810810811
            ],
            [
              86.71006970457721,
              25.59414414414415
            ],
            [
              86.6700522784329,
              25.59414414414415
            ],
            [
              86.6700522784329,
              25.55810810810811
            ]
          ]
        ]
      }
    },
    {
      "type": "Feature",
      "properties": {
        "name": "G0050",
        "grid_id": "G0050",
        "cell_km": "~4x4",
        "data_status": "DUMMY_DEVELOPMENT_ONLY"
      },
      "geometry": {
        "type": "Polygon",
        "coordinates": [
          [
            [
              86.71006970457721,
              25.55810810810811
            ],
            [
              86.75008713072151,
              25.55810810810811
            ],
            [
              86.75008713072151,
              25.59414414414415
            ],
            [
              86.71006970457721,
              25.59414414414415
            ],
            [
              86.71006970457721,
              25.55810810810811
            ]
          ]
        ]
      }
    },
    {
      "type": "Feature",
      "properties": {
        "name": "G0051",
        "grid_id": "G0051",
        "cell_km": "~4x4",
        "data_status": "DUMMY_DEVELOPMENT_ONLY"
      },
      "geometry": {
        "type": "Polygon",
        "coordinates": [
          [
            [
              86.75008713072151,
              25.55810810810811
            ],
            [
              86.79010455686581,
              25.55810810810811
            ],
            [
              86.79010455686581,
              25.59414414414415
            ],
            [
              86.75008713072151,
              25.59414414414415
            ],
            [
              86.75008713072151,
              25.55810810810811
            ]
          ]
        ]
      }
    },
    {
      "type": "Feature",
      "properties": {
        "name": "G0052",
        "grid_id": "G0052",
        "cell_km": "~4x4",
        "data_status": "DUMMY_DEVELOPMENT_ONLY"
      },
      "geometry": {
        "type": "Polygon",
        "coordinates": [
          [
            [
              86.79010455686581,
              25.55810810810811
            ],
            [
              86.83012198301012,
              25.55810810810811
            ],
            [
              86.83012198301012,
              25.59414414414415
            ],
            [
              86.79010455686581,
              25.59414414414415
            ],
            [
              86.79010455686581,
              25.55810810810811
            ]
          ]
        ]
      }
    },
    {
      "type": "Feature",
      "properties": {
        "name": "G0053",
        "grid_id": "G0053",
        "cell_km": "~4x4",
        "data_status": "DUMMY_DEVELOPMENT_ONLY"
      },
      "geometry": {
        "type": "Polygon",
        "coordinates": [
          [
            [
              86.83012198301012,
              25.55810810810811
            ],
            [
              86.87013940915442,
              25.55810810810811
            ],
            [
              86.87013940915442,
              25.59414414414415
            ],
            [
              86.83012198301012,
              25.59414414414415
            ],
            [
              86.83012198301012,
              25.55810810810811
            ]
          ]
        ]
      }
    },
    {
      "type": "Feature",
      "properties": {
        "name": "G0054",
        "grid_id": "G0054",
        "cell_km": "~4x4",
        "data_status": "DUMMY_DEVELOPMENT_ONLY"
      },
      "geometry": {
        "type": "Polygon",
        "coordinates": [
          [
            [
              86.87013940915442,
              25.55810810810811
            ],
            [
              86.91015683529872,
              25.55810810810811
            ],
            [
              86.91015683529872,
              25.59414414414415
            ],
            [
              86.87013940915442,
              25.59414414414415
            ],
            [
              86.87013940915442,
              25.55810810810811
            ]
          ]
        ]
      }
    },
    {
      "type": "Feature",
      "properties": {
        "name": "G0055",
        "grid_id": "G0055",
        "cell_km": "~4x4",
        "data_status": "DUMMY_DEVELOPMENT_ONLY"
      },
      "geometry": {
        "type": "Polygon",
        "coordinates": [
          [
            [
              86.91015683529872,
              25.55810810810811
            ],
            [
              86.95017426144302,
              25.55810810810811
            ],
            [
              86.95017426144302,
              25.59414414414415
            ],
            [
              86.91015683529872,
              25.59414414414415
            ],
            [
              86.91015683529872,
              25.55810810810811
            ]
          ]
        ]
      }
    },
    {
      "type": "Feature",
      "properties": {
        "name": "G0056",
        "grid_id": "G0056",
        "cell_km": "~4x4",
        "data_status": "DUMMY_DEVELOPMENT_ONLY"
      },
      "geometry": {
        "type": "Polygon",
        "coordinates": [
          [
            [
              86.95017426144302,
              25.55810810810811
            ],
            [
              86.99019168758733,
              25.55810810810811
            ],
            [
              86.99019168758733,
              25.59414414414415
            ],
            [
              86.95017426144302,
              25.59414414414415
            ],
            [
              86.95017426144302,
              25.55810810810811
            ]
          ]
        ]
      }
    },
    {
      "type": "Feature",
      "properties": {
        "name": "G0057",
        "grid_id": "G0057",
        "cell_km": "~4x4",
        "data_status": "DUMMY_DEVELOPMENT_ONLY"
      },
      "geometry": {
        "type": "Polygon",
        "coordinates": [
          [
            [
              86.99019168758733,
              25.55810810810811
            ],
            [
              87.03020911373163,
              25.55810810810811
            ],
            [
              87.03020911373163,
              25.59414414414415
            ],
            [
              86.99019168758733,
              25.59414414414415
            ],
            [
              86.99019168758733,
              25.55810810810811
            ]
          ]
        ]
      }
    },
    {
      "type": "Feature",
      "properties": {
        "name": "G0058",
        "grid_id": "G0058",
        "cell_km": "~4x4",
        "data_status": "DUMMY_DEVELOPMENT_ONLY"
      },
      "geometry": {
        "type": "Polygon",
        "coordinates": [
          [
            [
              87.03020911373163,
              25.55810810810811
            ],
            [
              87.07022653987593,
              25.55810810810811
            ],
            [
              87.07022653987593,
              25.59414414414415
            ],
            [
              87.03020911373163,
              25.59414414414415
            ],
            [
              87.03020911373163,
              25.55810810810811
            ]
          ]
        ]
      }
    },
    {
      "type": "Feature",
      "properties": {
        "name": "G0059",
        "grid_id": "G0059",
        "cell_km": "~4x4",
        "data_status": "DUMMY_DEVELOPMENT_ONLY"
      },
      "geometry": {
        "type": "Polygon",
        "coordinates": [
          [
            [
              87.07022653987593,
              25.55810810810811
            ],
            [
              87.11024396602024,
              25.55810810810811
            ],
            [
              87.11024396602024,
              25.59414414414415
            ],
            [
              87.07022653987593,
              25.59414414414415
            ],
            [
              87.07022653987593,
              25.55810810810811
            ]
          ]
        ]
      }
    },
    {
      "type": "Feature",
      "properties": {
        "name": "G0060",
        "grid_id": "G0060",
        "cell_km": "~4x4",
        "data_status": "DUMMY_DEVELOPMENT_ONLY"
      },
      "geometry": {
        "type": "Polygon",
        "coordinates": [
          [
            [
              87.11024396602024,
              25.55810810810811
            ],
            [
              87.15,
              25.55810810810811
            ],
            [
              87.15,
              25.59414414414415
            ],
            [
              87.11024396602024,
              25.59414414414415
            ],
            [
              87.11024396602024,
              25.55810810810811
            ]
          ]
        ]
      }
    },
    {
      "type": "Feature",
      "properties": {
        "name": "G0061",
        "grid_id": "G0061",
        "cell_km": "~4x4",
        "data_status": "DUMMY_DEVELOPMENT_ONLY"
      },
      "geometry": {
        "type": "Polygon",
        "coordinates": [
          [
            [
              86.55,
              25.59414414414415
            ],
            [
              86.5900174261443,
              25.59414414414415
            ],
            [
              86.5900174261443,
              25.630180180180187
            ],
            [
              86.55,
              25.630180180180187
            ],
            [
              86.55,
              25.59414414414415
            ]
          ]
        ]
      }
    },
    {
      "type": "Feature",
      "properties": {
        "name": "G0062",
        "grid_id": "G0062",
        "cell_km": "~4x4",
        "data_status": "DUMMY_DEVELOPMENT_ONLY"
      },
      "geometry": {
        "type": "Polygon",
        "coordinates": [
          [
            [
              86.5900174261443,
              25.59414414414415
            ],
            [
              86.6300348522886,
              25.59414414414415
            ],
            [
              86.6300348522886,
              25.630180180180187
            ],
            [
              86.5900174261443,
              25.630180180180187
            ],
            [
              86.5900174261443,
              25.59414414414415
            ]
          ]
        ]
      }
    },
    {
      "type": "Feature",
      "properties": {
        "name": "G0063",
        "grid_id": "G0063",
        "cell_km": "~4x4",
        "data_status": "DUMMY_DEVELOPMENT_ONLY"
      },
      "geometry": {
        "type": "Polygon",
        "coordinates": [
          [
            [
              86.6300348522886,
              25.59414414414415
            ],
            [
              86.6700522784329,
              25.59414414414415
            ],
            [
              86.6700522784329,
              25.630180180180187
            ],
            [
              86.6300348522886,
              25.630180180180187
            ],
            [
              86.6300348522886,
              25.59414414414415
            ]
          ]
        ]
      }
    },
    {
      "type": "Feature",
      "properties": {
        "name": "G0064",
        "grid_id": "G0064",
        "cell_km": "~4x4",
        "data_status": "DUMMY_DEVELOPMENT_ONLY"
      },
      "geometry": {
        "type": "Polygon",
        "coordinates": [
          [
            [
              86.6700522784329,
              25.59414414414415
            ],
            [
              86.71006970457721,
              25.59414414414415
            ],
            [
              86.71006970457721,
              25.630180180180187
            ],
            [
              86.6700522784329,
              25.630180180180187
            ],
            [
              86.6700522784329,
              25.59414414414415
            ]
          ]
        ]
      }
    },
    {
      "type": "Feature",
      "properties": {
        "name": "G0065",
        "grid_id": "G0065",
        "cell_km": "~4x4",
        "data_status": "DUMMY_DEVELOPMENT_ONLY"
      },
      "geometry": {
        "type": "Polygon",
        "coordinates": [
          [
            [
              86.71006970457721,
              25.59414414414415
            ],
            [
              86.75008713072151,
              25.59414414414415
            ],
            [
              86.75008713072151,
              25.630180180180187
            ],
            [
              86.71006970457721,
              25.630180180180187
            ],
            [
              86.71006970457721,
              25.59414414414415
            ]
          ]
        ]
      }
    },
    {
      "type": "Feature",
      "properties": {
        "name": "G0066",
        "grid_id": "G0066",
        "cell_km": "~4x4",
        "data_status": "DUMMY_DEVELOPMENT_ONLY"
      },
      "geometry": {
        "type": "Polygon",
        "coordinates": [
          [
            [
              86.75008713072151,
              25.59414414414415
            ],
            [
              86.79010455686581,
              25.59414414414415
            ],
            [
              86.79010455686581,
              25.630180180180187
            ],
            [
              86.75008713072151,
              25.630180180180187
            ],
            [
              86.75008713072151,
              25.59414414414415
            ]
          ]
        ]
      }
    },
    {
      "type": "Feature",
      "properties": {
        "name": "G0067",
        "grid_id": "G0067",
        "cell_km": "~4x4",
        "data_status": "DUMMY_DEVELOPMENT_ONLY"
      },
      "geometry": {
        "type": "Polygon",
        "coordinates": [
          [
            [
              86.79010455686581,
              25.59414414414415
            ],
            [
              86.83012198301012,
              25.59414414414415
            ],
            [
              86.83012198301012,
              25.630180180180187
            ],
            [
              86.79010455686581,
              25.630180180180187
            ],
            [
              86.79010455686581,
              25.59414414414415
            ]
          ]
        ]
      }
    },
    {
      "type": "Feature",
      "properties": {
        "name": "G0068",
        "grid_id": "G0068",
        "cell_km": "~4x4",
        "data_status": "DUMMY_DEVELOPMENT_ONLY"
      },
      "geometry": {
        "type": "Polygon",
        "coordinates": [
          [
            [
              86.83012198301012,
              25.59414414414415
            ],
            [
              86.87013940915442,
              25.59414414414415
            ],
            [
              86.87013940915442,
              25.630180180180187
            ],
            [
              86.83012198301012,
              25.630180180180187
            ],
            [
              86.83012198301012,
              25.59414414414415
            ]
          ]
        ]
      }
    },
    {
      "type": "Feature",
      "properties": {
        "name": "G0069",
        "grid_id": "G0069",
        "cell_km": "~4x4",
        "data_status": "DUMMY_DEVELOPMENT_ONLY"
      },
      "geometry": {
        "type": "Polygon",
        "coordinates": [
          [
            [
              86.87013940915442,
              25.59414414414415
            ],
            [
              86.91015683529872,
              25.59414414414415
            ],
            [
              86.91015683529872,
              25.630180180180187
            ],
            [
              86.87013940915442,
              25.630180180180187
            ],
            [
              86.87013940915442,
              25.59414414414415
            ]
          ]
        ]
      }
    },
    {
      "type": "Feature",
      "properties": {
        "name": "G0070",
        "grid_id": "G0070",
        "cell_km": "~4x4",
        "data_status": "DUMMY_DEVELOPMENT_ONLY"
      },
      "geometry": {
        "type": "Polygon",
        "coordinates": [
          [
            [
              86.91015683529872,
              25.59414414414415
            ],
            [
              86.95017426144302,
              25.59414414414415
            ],
            [
              86.95017426144302,
              25.630180180180187
            ],
            [
              86.91015683529872,
              25.630180180180187
            ],
            [
              86.91015683529872,
              25.59414414414415
            ]
          ]
        ]
      }
    },
    {
      "type": "Feature",
      "properties": {
        "name": "G0071",
        "grid_id": "G0071",
        "cell_km": "~4x4",
        "data_status": "DUMMY_DEVELOPMENT_ONLY"
      },
      "geometry": {
        "type": "Polygon",
        "coordinates": [
          [
            [
              86.95017426144302,
              25.59414414414415
            ],
            [
              86.99019168758733,
              25.59414414414415
            ],
            [
              86.99019168758733,
              25.630180180180187
            ],
            [
              86.95017426144302,
              25.630180180180187
            ],
            [
              86.95017426144302,
              25.59414414414415
            ]
          ]
        ]
      }
    },
    {
      "type": "Feature",
      "properties": {
        "name": "G0072",
        "grid_id": "G0072",
        "cell_km": "~4x4",
        "data_status": "DUMMY_DEVELOPMENT_ONLY"
      },
      "geometry": {
        "type": "Polygon",
        "coordinates": [
          [
            [
              86.99019168758733,
              25.59414414414415
            ],
            [
              87.03020911373163,
              25.59414414414415
            ],
            [
              87.03020911373163,
              25.630180180180187
            ],
            [
              86.99019168758733,
              25.630180180180187
            ],
            [
              86.99019168758733,
              25.59414414414415
            ]
          ]
        ]
      }
    },
    {
      "type": "Feature",
      "properties": {
        "name": "G0073",
        "grid_id": "G0073",
        "cell_km": "~4x4",
        "data_status": "DUMMY_DEVELOPMENT_ONLY"
      },
      "geometry": {
        "type": "Polygon",
        "coordinates": [
          [
            [
              87.03020911373163,
              25.59414414414415
            ],
            [
              87.07022653987593,
              25.59414414414415
            ],
            [
              87.07022653987593,
              25.630180180180187
            ],
            [
              87.03020911373163,
              25.630180180180187
            ],
            [
              87.03020911373163,
              25.59414414414415
            ]
          ]
        ]
      }
    },
    {
      "type": "Feature",
      "properties": {
        "name": "G0074",
        "grid_id": "G0074",
        "cell_km": "~4x4",
        "data_status": "DUMMY_DEVELOPMENT_ONLY"
      },
      "geometry": {
        "type": "Polygon",
        "coordinates": [
          [
            [
              87.07022653987593,
              25.59414414414415
            ],
            [
              87.11024396602024,
              25.59414414414415
            ],
            [
              87.11024396602024,
              25.630180180180187
            ],
            [
              87.07022653987593,
              25.630180180180187
            ],
            [
              87.07022653987593,
              25.59414414414415
            ]
          ]
        ]
      }
    },
    {
      "type": "Feature",
      "properties": {
        "name": "G0075",
        "grid_id": "G0075",
        "cell_km": "~4x4",
        "data_status": "DUMMY_DEVELOPMENT_ONLY"
      },
      "geometry": {
        "type": "Polygon",
        "coordinates": [
          [
            [
              87.11024396602024,
              25.59414414414415
            ],
            [
              87.15,
              25.59414414414415
            ],
            [
              87.15,
              25.630180180180187
            ],
            [
              87.11024396602024,
              25.630180180180187
            ],
            [
              87.11024396602024,
              25.59414414414415
            ]
          ]
        ]
      }
    },
    {
      "type": "Feature",
      "properties": {
        "name": "G0076",
        "grid_id": "G0076",
        "cell_km": "~4x4",
        "data_status": "DUMMY_DEVELOPMENT_ONLY"
      },
      "geometry": {
        "type": "Polygon",
        "coordinates": [
          [
            [
              86.55,
              25.630180180180187
            ],
            [
              86.5900174261443,
              25.630180180180187
            ],
            [
              86.5900174261443,
              25.666216216216224
            ],
            [
              86.55,
              25.666216216216224
            ],
            [
              86.55,
              25.630180180180187
            ]
          ]
        ]
      }
    },
    {
      "type": "Feature",
      "properties": {
        "name": "G0077",
        "grid_id": "G0077",
        "cell_km": "~4x4",
        "data_status": "DUMMY_DEVELOPMENT_ONLY"
      },
      "geometry": {
        "type": "Polygon",
        "coordinates": [
          [
            [
              86.5900174261443,
              25.630180180180187
            ],
            [
              86.6300348522886,
              25.630180180180187
            ],
            [
              86.6300348522886,
              25.666216216216224
            ],
            [
              86.5900174261443,
              25.666216216216224
            ],
            [
              86.5900174261443,
              25.630180180180187
            ]
          ]
        ]
      }
    },
    {
      "type": "Feature",
      "properties": {
        "name": "G0078",
        "grid_id": "G0078",
        "cell_km": "~4x4",
        "data_status": "DUMMY_DEVELOPMENT_ONLY"
      },
      "geometry": {
        "type": "Polygon",
        "coordinates": [
          [
            [
              86.6300348522886,
              25.630180180180187
            ],
            [
              86.6700522784329,
              25.630180180180187
            ],
            [
              86.6700522784329,
              25.666216216216224
            ],
            [
              86.6300348522886,
              25.666216216216224
            ],
            [
              86.6300348522886,
              25.630180180180187
            ]
          ]
        ]
      }
    },
    {
      "type": "Feature",
      "properties": {
        "name": "G0079",
        "grid_id": "G0079",
        "cell_km": "~4x4",
        "data_status": "DUMMY_DEVELOPMENT_ONLY"
      },
      "geometry": {
        "type": "Polygon",
        "coordinates": [
          [
            [
              86.6700522784329,
              25.630180180180187
            ],
            [
              86.71006970457721,
              25.630180180180187
            ],
            [
              86.71006970457721,
              25.666216216216224
            ],
            [
              86.6700522784329,
              25.666216216216224
            ],
            [
              86.6700522784329,
              25.630180180180187
            ]
          ]
        ]
      }
    },
    {
      "type": "Feature",
      "properties": {
        "name": "G0080",
        "grid_id": "G0080",
        "cell_km": "~4x4",
        "data_status": "DUMMY_DEVELOPMENT_ONLY"
      },
      "geometry": {
        "type": "Polygon",
        "coordinates": [
          [
            [
              86.71006970457721,
              25.630180180180187
            ],
            [
              86.75008713072151,
              25.630180180180187
            ],
            [
              86.75008713072151,
              25.666216216216224
            ],
            [
              86.71006970457721,
              25.666216216216224
            ],
            [
              86.71006970457721,
              25.630180180180187
            ]
          ]
        ]
      }
    },
    {
      "type": "Feature",
      "properties": {
        "name": "G0081",
        "grid_id": "G0081",
        "cell_km": "~4x4",
        "data_status": "DUMMY_DEVELOPMENT_ONLY"
      },
      "geometry": {
        "type": "Polygon",
        "coordinates": [
          [
            [
              86.75008713072151,
              25.630180180180187
            ],
            [
              86.79010455686581,
              25.630180180180187
            ],
            [
              86.79010455686581,
              25.666216216216224
            ],
            [
              86.75008713072151,
              25.666216216216224
            ],
            [
              86.75008713072151,
              25.630180180180187
            ]
          ]
        ]
      }
    },
    {
      "type": "Feature",
      "properties": {
        "name": "G0082",
        "grid_id": "G0082",
        "cell_km": "~4x4",
        "data_status": "DUMMY_DEVELOPMENT_ONLY"
      },
      "geometry": {
        "type": "Polygon",
        "coordinates": [
          [
            [
              86.79010455686581,
              25.630180180180187
            ],
            [
              86.83012198301012,
              25.630180180180187
            ],
            [
              86.83012198301012,
              25.666216216216224
            ],
            [
              86.79010455686581,
              25.666216216216224
            ],
            [
              86.79010455686581,
              25.630180180180187
            ]
          ]
        ]
      }
    },
    {
      "type": "Feature",
      "properties": {
        "name": "G0083",
        "grid_id": "G0083",
        "cell_km": "~4x4",
        "data_status": "DUMMY_DEVELOPMENT_ONLY"
      },
      "geometry": {
        "type": "Polygon",
        "coordinates": [
          [
            [
              86.83012198301012,
              25.630180180180187
            ],
            [
              86.87013940915442,
              25.630180180180187
            ],
            [
              86.87013940915442,
              25.666216216216224
            ],
            [
              86.83012198301012,
              25.666216216216224
            ],
            [
              86.83012198301012,
              25.630180180180187
            ]
          ]
        ]
      }
    },
    {
      "type": "Feature",
      "properties": {
        "name": "G0084",
        "grid_id": "G0084",
        "cell_km": "~4x4",
        "data_status": "DUMMY_DEVELOPMENT_ONLY"
      },
      "geometry": {
        "type": "Polygon",
        "coordinates": [
          [
            [
              86.87013940915442,
              25.630180180180187
            ],
            [
              86.91015683529872,
              25.630180180180187
            ],
            [
              86.91015683529872,
              25.666216216216224
            ],
            [
              86.87013940915442,
              25.666216216216224
            ],
            [
              86.87013940915442,
              25.630180180180187
            ]
          ]
        ]
      }
    },
    {
      "type": "Feature",
      "properties": {
        "name": "G0085",
        "grid_id": "G0085",
        "cell_km": "~4x4",
        "data_status": "DUMMY_DEVELOPMENT_ONLY"
      },
      "geometry": {
        "type": "Polygon",
        "coordinates": [
          [
            [
              86.91015683529872,
              25.630180180180187
            ],
            [
              86.95017426144302,
              25.630180180180187
            ],
            [
              86.95017426144302,
              25.666216216216224
            ],
            [
              86.91015683529872,
              25.666216216216224
            ],
            [
              86.91015683529872,
              25.630180180180187
            ]
          ]
        ]
      }
    },
    {
      "type": "Feature",
      "properties": {
        "name": "G0086",
        "grid_id": "G0086",
        "cell_km": "~4x4",
        "data_status": "DUMMY_DEVELOPMENT_ONLY"
      },
      "geometry": {
        "type": "Polygon",
        "coordinates": [
          [
            [
              86.95017426144302,
              25.630180180180187
            ],
            [
              86.99019168758733,
              25.630180180180187
            ],
            [
              86.99019168758733,
              25.666216216216224
            ],
            [
              86.95017426144302,
              25.666216216216224
            ],
            [
              86.95017426144302,
              25.630180180180187
            ]
          ]
        ]
      }
    },
    {
      "type": "Feature",
      "properties": {
        "name": "G0087",
        "grid_id": "G0087",
        "cell_km": "~4x4",
        "data_status": "DUMMY_DEVELOPMENT_ONLY"
      },
      "geometry": {
        "type": "Polygon",
        "coordinates": [
          [
            [
              86.99019168758733,
              25.630180180180187
            ],
            [
              87.03020911373163,
              25.630180180180187
            ],
            [
              87.03020911373163,
              25.666216216216224
            ],
            [
              86.99019168758733,
              25.666216216216224
            ],
            [
              86.99019168758733,
              25.630180180180187
            ]
          ]
        ]
      }
    },
    {
      "type": "Feature",
      "properties": {
        "name": "G0088",
        "grid_id": "G0088",
        "cell_km": "~4x4",
        "data_status": "DUMMY_DEVELOPMENT_ONLY"
      },
      "geometry": {
        "type": "Polygon",
        "coordinates": [
          [
            [
              87.03020911373163,
              25.630180180180187
            ],
            [
              87.07022653987593,
              25.630180180180187
            ],
            [
              87.07022653987593,
              25.666216216216224
            ],
            [
              87.03020911373163,
              25.666216216216224
            ],
            [
              87.03020911373163,
              25.630180180180187
            ]
          ]
        ]
      }
    },
    {
      "type": "Feature",
      "properties": {
        "name": "G0089",
        "grid_id": "G0089",
        "cell_km": "~4x4",
        "data_status": "DUMMY_DEVELOPMENT_ONLY"
      },
      "geometry": {
        "type": "Polygon",
        "coordinates": [
          [
            [
              87.07022653987593,
              25.630180180180187
            ],
            [
              87.11024396602024,
              25.630180180180187
            ],
            [
              87.11024396602024,
              25.666216216216224
            ],
            [
              87.07022653987593,
              25.666216216216224
            ],
            [
              87.07022653987593,
              25.630180180180187
            ]
          ]
        ]
      }
    },
    {
      "type": "Feature",
      "properties": {
        "name": "G0090",
        "grid_id": "G0090",
        "cell_km": "~4x4",
        "data_status": "DUMMY_DEVELOPMENT_ONLY"
      },
      "geometry": {
        "type": "Polygon",
        "coordinates": [
          [
            [
              87.11024396602024,
              25.630180180180187
            ],
            [
              87.15,
              25.630180180180187
            ],
            [
              87.15,
              25.666216216216224
            ],
            [
              87.11024396602024,
              25.666216216216224
            ],
            [
              87.11024396602024,
              25.630180180180187
            ]
          ]
        ]
      }
    },
    {
      "type": "Feature",
      "properties": {
        "name": "G0091",
        "grid_id": "G0091",
        "cell_km": "~4x4",
        "data_status": "DUMMY_DEVELOPMENT_ONLY"
      },
      "geometry": {
        "type": "Polygon",
        "coordinates": [
          [
            [
              86.55,
              25.666216216216224
            ],
            [
              86.5900174261443,
              25.666216216216224
            ],
            [
              86.5900174261443,
              25.70225225225226
            ],
            [
              86.55,
              25.70225225225226
            ],
            [
              86.55,
              25.666216216216224
            ]
          ]
        ]
      }
    },
    {
      "type": "Feature",
      "properties": {
        "name": "G0092",
        "grid_id": "G0092",
        "cell_km": "~4x4",
        "data_status": "DUMMY_DEVELOPMENT_ONLY"
      },
      "geometry": {
        "type": "Polygon",
        "coordinates": [
          [
            [
              86.5900174261443,
              25.666216216216224
            ],
            [
              86.6300348522886,
              25.666216216216224
            ],
            [
              86.6300348522886,
              25.70225225225226
            ],
            [
              86.5900174261443,
              25.70225225225226
            ],
            [
              86.5900174261443,
              25.666216216216224
            ]
          ]
        ]
      }
    },
    {
      "type": "Feature",
      "properties": {
        "name": "G0093",
        "grid_id": "G0093",
        "cell_km": "~4x4",
        "data_status": "DUMMY_DEVELOPMENT_ONLY"
      },
      "geometry": {
        "type": "Polygon",
        "coordinates": [
          [
            [
              86.6300348522886,
              25.666216216216224
            ],
            [
              86.6700522784329,
              25.666216216216224
            ],
            [
              86.6700522784329,
              25.70225225225226
            ],
            [
              86.6300348522886,
              25.70225225225226
            ],
            [
              86.6300348522886,
              25.666216216216224
            ]
          ]
        ]
      }
    },
    {
      "type": "Feature",
      "properties": {
        "name": "G0094",
        "grid_id": "G0094",
        "cell_km": "~4x4",
        "data_status": "DUMMY_DEVELOPMENT_ONLY"
      },
      "geometry": {
        "type": "Polygon",
        "coordinates": [
          [
            [
              86.6700522784329,
              25.666216216216224
            ],
            [
              86.71006970457721,
              25.666216216216224
            ],
            [
              86.71006970457721,
              25.70225225225226
            ],
            [
              86.6700522784329,
              25.70225225225226
            ],
            [
              86.6700522784329,
              25.666216216216224
            ]
          ]
        ]
      }
    },
    {
      "type": "Feature",
      "properties": {
        "name": "G0095",
        "grid_id": "G0095",
        "cell_km": "~4x4",
        "data_status": "DUMMY_DEVELOPMENT_ONLY"
      },
      "geometry": {
        "type": "Polygon",
        "coordinates": [
          [
            [
              86.71006970457721,
              25.666216216216224
            ],
            [
              86.75008713072151,
              25.666216216216224
            ],
            [
              86.75008713072151,
              25.70225225225226
            ],
            [
              86.71006970457721,
              25.70225225225226
            ],
            [
              86.71006970457721,
              25.666216216216224
            ]
          ]
        ]
      }
    },
    {
      "type": "Feature",
      "properties": {
        "name": "G0096",
        "grid_id": "G0096",
        "cell_km": "~4x4",
        "data_status": "DUMMY_DEVELOPMENT_ONLY"
      },
      "geometry": {
        "type": "Polygon",
        "coordinates": [
          [
            [
              86.75008713072151,
              25.666216216216224
            ],
            [
              86.79010455686581,
              25.666216216216224
            ],
            [
              86.79010455686581,
              25.70225225225226
            ],
            [
              86.75008713072151,
              25.70225225225226
            ],
            [
              86.75008713072151,
              25.666216216216224
            ]
          ]
        ]
      }
    },
    {
      "type": "Feature",
      "properties": {
        "name": "G0097",
        "grid_id": "G0097",
        "cell_km": "~4x4",
        "data_status": "DUMMY_DEVELOPMENT_ONLY"
      },
      "geometry": {
        "type": "Polygon",
        "coordinates": [
          [
            [
              86.79010455686581,
              25.666216216216224
            ],
            [
              86.83012198301012,
              25.666216216216224
            ],
            [
              86.83012198301012,
              25.70225225225226
            ],
            [
              86.79010455686581,
              25.70225225225226
            ],
            [
              86.79010455686581,
              25.666216216216224
            ]
          ]
        ]
      }
    },
    {
      "type": "Feature",
      "properties": {
        "name": "G0098",
        "grid_id": "G0098",
        "cell_km": "~4x4",
        "data_status": "DUMMY_DEVELOPMENT_ONLY"
      },
      "geometry": {
        "type": "Polygon",
        "coordinates": [
          [
            [
              86.83012198301012,
              25.666216216216224
            ],
            [
              86.87013940915442,
              25.666216216216224
            ],
            [
              86.87013940915442,
              25.70225225225226
            ],
            [
              86.83012198301012,
              25.70225225225226
            ],
            [
              86.83012198301012,
              25.666216216216224
            ]
          ]
        ]
      }
    },
    {
      "type": "Feature",
      "properties": {
        "name": "G0099",
        "grid_id": "G0099",
        "cell_km": "~4x4",
        "data_status": "DUMMY_DEVELOPMENT_ONLY"
      },
      "geometry": {
        "type": "Polygon",
        "coordinates": [
          [
            [
              86.87013940915442,
              25.666216216216224
            ],
            [
              86.91015683529872,
              25.666216216216224
            ],
            [
              86.91015683529872,
              25.70225225225226
            ],
            [
              86.87013940915442,
              25.70225225225226
            ],
            [
              86.87013940915442,
              25.666216216216224
            ]
          ]
        ]
      }
    },
    {
      "type": "Feature",
      "properties": {
        "name": "G0100",
        "grid_id": "G0100",
        "cell_km": "~4x4",
        "data_status": "DUMMY_DEVELOPMENT_ONLY"
      },
      "geometry": {
        "type": "Polygon",
        "coordinates": [
          [
            [
              86.91015683529872,
              25.666216216216224
            ],
            [
              86.95017426144302,
              25.666216216216224
            ],
            [
              86.95017426144302,
              25.70225225225226
            ],
            [
              86.91015683529872,
              25.70225225225226
            ],
            [
              86.91015683529872,
              25.666216216216224
            ]
          ]
        ]
      }
    },
    {
      "type": "Feature",
      "properties": {
        "name": "G0101",
        "grid_id": "G0101",
        "cell_km": "~4x4",
        "data_status": "DUMMY_DEVELOPMENT_ONLY"
      },
      "geometry": {
        "type": "Polygon",
        "coordinates": [
          [
            [
              86.95017426144302,
              25.666216216216224
            ],
            [
              86.99019168758733,
              25.666216216216224
            ],
            [
              86.99019168758733,
              25.70225225225226
            ],
            [
              86.95017426144302,
              25.70225225225226
            ],
            [
              86.95017426144302,
              25.666216216216224
            ]
          ]
        ]
      }
    },
    {
      "type": "Feature",
      "properties": {
        "name": "G0102",
        "grid_id": "G0102",
        "cell_km": "~4x4",
        "data_status": "DUMMY_DEVELOPMENT_ONLY"
      },
      "geometry": {
        "type": "Polygon",
        "coordinates": [
          [
            [
              86.99019168758733,
              25.666216216216224
            ],
            [
              87.03020911373163,
              25.666216216216224
            ],
            [
              87.03020911373163,
              25.70225225225226
            ],
            [
              86.99019168758733,
              25.70225225225226
            ],
            [
              86.99019168758733,
              25.666216216216224
            ]
          ]
        ]
      }
    },
    {
      "type": "Feature",
      "properties": {
        "name": "G0103",
        "grid_id": "G0103",
        "cell_km": "~4x4",
        "data_status": "DUMMY_DEVELOPMENT_ONLY"
      },
      "geometry": {
        "type": "Polygon",
        "coordinates": [
          [
            [
              87.03020911373163,
              25.666216216216224
            ],
            [
              87.07022653987593,
              25.666216216216224
            ],
            [
              87.07022653987593,
              25.70225225225226
            ],
            [
              87.03020911373163,
              25.70225225225226
            ],
            [
              87.03020911373163,
              25.666216216216224
            ]
          ]
        ]
      }
    },
    {
      "type": "Feature",
      "properties": {
        "name": "G0104",
        "grid_id": "G0104",
        "cell_km": "~4x4",
        "data_status": "DUMMY_DEVELOPMENT_ONLY"
      },
      "geometry": {
        "type": "Polygon",
        "coordinates": [
          [
            [
              87.07022653987593,
              25.666216216216224
            ],
            [
              87.11024396602024,
              25.666216216216224
            ],
            [
              87.11024396602024,
              25.70225225225226
            ],
            [
              87.07022653987593,
              25.70225225225226
            ],
            [
              87.07022653987593,
              25.666216216216224
            ]
          ]
        ]
      }
    },
    {
      "type": "Feature",
      "properties": {
        "name": "G0105",
        "grid_id": "G0105",
        "cell_km": "~4x4",
        "data_status": "DUMMY_DEVELOPMENT_ONLY"
      },
      "geometry": {
        "type": "Polygon",
        "coordinates": [
          [
            [
              87.11024396602024,
              25.666216216216224
            ],
            [
              87.15,
              25.666216216216224
            ],
            [
              87.15,
              25.70225225225226
            ],
            [
              87.11024396602024,
              25.70225225225226
            ],
            [
              87.11024396602024,
              25.666216216216224
            ]
          ]
        ]
      }
    },
    {
      "type": "Feature",
      "properties": {
        "name": "G0106",
        "grid_id": "G0106",
        "cell_km": "~4x4",
        "data_status": "DUMMY_DEVELOPMENT_ONLY"
      },
      "geometry": {
        "type": "Polygon",
        "coordinates": [
          [
            [
              86.55,
              25.70225225225226
            ],
            [
              86.5900174261443,
              25.70225225225226
            ],
            [
              86.5900174261443,
              25.7382882882883
            ],
            [
              86.55,
              25.7382882882883
            ],
            [
              86.55,
              25.70225225225226
            ]
          ]
        ]
      }
    },
    {
      "type": "Feature",
      "properties": {
        "name": "G0107",
        "grid_id": "G0107",
        "cell_km": "~4x4",
        "data_status": "DUMMY_DEVELOPMENT_ONLY"
      },
      "geometry": {
        "type": "Polygon",
        "coordinates": [
          [
            [
              86.5900174261443,
              25.70225225225226
            ],
            [
              86.6300348522886,
              25.70225225225226
            ],
            [
              86.6300348522886,
              25.7382882882883
            ],
            [
              86.5900174261443,
              25.7382882882883
            ],
            [
              86.5900174261443,
              25.70225225225226
            ]
          ]
        ]
      }
    },
    {
      "type": "Feature",
      "properties": {
        "name": "G0108",
        "grid_id": "G0108",
        "cell_km": "~4x4",
        "data_status": "DUMMY_DEVELOPMENT_ONLY"
      },
      "geometry": {
        "type": "Polygon",
        "coordinates": [
          [
            [
              86.6300348522886,
              25.70225225225226
            ],
            [
              86.6700522784329,
              25.70225225225226
            ],
            [
              86.6700522784329,
              25.7382882882883
            ],
            [
              86.6300348522886,
              25.7382882882883
            ],
            [
              86.6300348522886,
              25.70225225225226
            ]
          ]
        ]
      }
    },
    {
      "type": "Feature",
      "properties": {
        "name": "G0109",
        "grid_id": "G0109",
        "cell_km": "~4x4",
        "data_status": "DUMMY_DEVELOPMENT_ONLY"
      },
      "geometry": {
        "type": "Polygon",
        "coordinates": [
          [
            [
              86.6700522784329,
              25.70225225225226
            ],
            [
              86.71006970457721,
              25.70225225225226
            ],
            [
              86.71006970457721,
              25.7382882882883
            ],
            [
              86.6700522784329,
              25.7382882882883
            ],
            [
              86.6700522784329,
              25.70225225225226
            ]
          ]
        ]
      }
    },
    {
      "type": "Feature",
      "properties": {
        "name": "G0110",
        "grid_id": "G0110",
        "cell_km": "~4x4",
        "data_status": "DUMMY_DEVELOPMENT_ONLY"
      },
      "geometry": {
        "type": "Polygon",
        "coordinates": [
          [
            [
              86.71006970457721,
              25.70225225225226
            ],
            [
              86.75008713072151,
              25.70225225225226
            ],
            [
              86.75008713072151,
              25.7382882882883
            ],
            [
              86.71006970457721,
              25.7382882882883
            ],
            [
              86.71006970457721,
              25.70225225225226
            ]
          ]
        ]
      }
    },
    {
      "type": "Feature",
      "properties": {
        "name": "G0111",
        "grid_id": "G0111",
        "cell_km": "~4x4",
        "data_status": "DUMMY_DEVELOPMENT_ONLY"
      },
      "geometry": {
        "type": "Polygon",
        "coordinates": [
          [
            [
              86.75008713072151,
              25.70225225225226
            ],
            [
              86.79010455686581,
              25.70225225225226
            ],
            [
              86.79010455686581,
              25.7382882882883
            ],
            [
              86.75008713072151,
              25.7382882882883
            ],
            [
              86.75008713072151,
              25.70225225225226
            ]
          ]
        ]
      }
    },
    {
      "type": "Feature",
      "properties": {
        "name": "G0112",
        "grid_id": "G0112",
        "cell_km": "~4x4",
        "data_status": "DUMMY_DEVELOPMENT_ONLY"
      },
      "geometry": {
        "type": "Polygon",
        "coordinates": [
          [
            [
              86.79010455686581,
              25.70225225225226
            ],
            [
              86.83012198301012,
              25.70225225225226
            ],
            [
              86.83012198301012,
              25.7382882882883
            ],
            [
              86.79010455686581,
              25.7382882882883
            ],
            [
              86.79010455686581,
              25.70225225225226
            ]
          ]
        ]
      }
    },
    {
      "type": "Feature",
      "properties": {
        "name": "G0113",
        "grid_id": "G0113",
        "cell_km": "~4x4",
        "data_status": "DUMMY_DEVELOPMENT_ONLY"
      },
      "geometry": {
        "type": "Polygon",
        "coordinates": [
          [
            [
              86.83012198301012,
              25.70225225225226
            ],
            [
              86.87013940915442,
              25.70225225225226
            ],
            [
              86.87013940915442,
              25.7382882882883
            ],
            [
              86.83012198301012,
              25.7382882882883
            ],
            [
              86.83012198301012,
              25.70225225225226
            ]
          ]
        ]
      }
    },
    {
      "type": "Feature",
      "properties": {
        "name": "G0114",
        "grid_id": "G0114",
        "cell_km": "~4x4",
        "data_status": "DUMMY_DEVELOPMENT_ONLY"
      },
      "geometry": {
        "type": "Polygon",
        "coordinates": [
          [
            [
              86.87013940915442,
              25.70225225225226
            ],
            [
              86.91015683529872,
              25.70225225225226
            ],
            [
              86.91015683529872,
              25.7382882882883
            ],
            [
              86.87013940915442,
              25.7382882882883
            ],
            [
              86.87013940915442,
              25.70225225225226
            ]
          ]
        ]
      }
    },
    {
      "type": "Feature",
      "properties": {
        "name": "G0115",
        "grid_id": "G0115",
        "cell_km": "~4x4",
        "data_status": "DUMMY_DEVELOPMENT_ONLY"
      },
      "geometry": {
        "type": "Polygon",
        "coordinates": [
          [
            [
              86.91015683529872,
              25.70225225225226
            ],
            [
              86.95017426144302,
              25.70225225225226
            ],
            [
              86.95017426144302,
              25.7382882882883
            ],
            [
              86.91015683529872,
              25.7382882882883
            ],
            [
              86.91015683529872,
              25.70225225225226
            ]
          ]
        ]
      }
    },
    {
      "type": "Feature",
      "properties": {
        "name": "G0116",
        "grid_id": "G0116",
        "cell_km": "~4x4",
        "data_status": "DUMMY_DEVELOPMENT_ONLY"
      },
      "geometry": {
        "type": "Polygon",
        "coordinates": [
          [
            [
              86.95017426144302,
              25.70225225225226
            ],
            [
              86.99019168758733,
              25.70225225225226
            ],
            [
              86.99019168758733,
              25.7382882882883
            ],
            [
              86.95017426144302,
              25.7382882882883
            ],
            [
              86.95017426144302,
              25.70225225225226
            ]
          ]
        ]
      }
    },
    {
      "type": "Feature",
      "properties": {
        "name": "G0117",
        "grid_id": "G0117",
        "cell_km": "~4x4",
        "data_status": "DUMMY_DEVELOPMENT_ONLY"
      },
      "geometry": {
        "type": "Polygon",
        "coordinates": [
          [
            [
              86.99019168758733,
              25.70225225225226
            ],
            [
              87.03020911373163,
              25.70225225225226
            ],
            [
              87.03020911373163,
              25.7382882882883
            ],
            [
              86.99019168758733,
              25.7382882882883
            ],
            [
              86.99019168758733,
              25.70225225225226
            ]
          ]
        ]
      }
    },
    {
      "type": "Feature",
      "properties": {
        "name": "G0118",
        "grid_id": "G0118",
        "cell_km": "~4x4",
        "data_status": "DUMMY_DEVELOPMENT_ONLY"
      },
      "geometry": {
        "type": "Polygon",
        "coordinates": [
          [
            [
              87.03020911373163,
              25.70225225225226
            ],
            [
              87.07022653987593,
              25.70225225225226
            ],
            [
              87.07022653987593,
              25.7382882882883
            ],
            [
              87.03020911373163,
              25.7382882882883
            ],
            [
              87.03020911373163,
              25.70225225225226
            ]
          ]
        ]
      }
    },
    {
      "type": "Feature",
      "properties": {
        "name": "G0119",
        "grid_id": "G0119",
        "cell_km": "~4x4",
        "data_status": "DUMMY_DEVELOPMENT_ONLY"
      },
      "geometry": {
        "type": "Polygon",
        "coordinates": [
          [
            [
              87.07022653987593,
              25.70225225225226
            ],
            [
              87.11024396602024,
              25.70225225225226
            ],
            [
              87.11024396602024,
              25.7382882882883
            ],
            [
              87.07022653987593,
              25.7382882882883
            ],
            [
              87.07022653987593,
              25.70225225225226
            ]
          ]
        ]
      }
    },
    {
      "type": "Feature",
      "properties": {
        "name": "G0120",
        "grid_id": "G0120",
        "cell_km": "~4x4",
        "data_status": "DUMMY_DEVELOPMENT_ONLY"
      },
      "geometry": {
        "type": "Polygon",
        "coordinates": [
          [
            [
              87.11024396602024,
              25.70225225225226
            ],
            [
              87.15,
              25.70225225225226
            ],
            [
              87.15,
              25.7382882882883
            ],
            [
              87.11024396602024,
              25.7382882882883
            ],
            [
              87.11024396602024,
              25.70225225225226
            ]
          ]
        ]
      }
    },
    {
      "type": "Feature",
      "properties": {
        "name": "G0121",
        "grid_id": "G0121",
        "cell_km": "~4x4",
        "data_status": "DUMMY_DEVELOPMENT_ONLY"
      },
      "geometry": {
        "type": "Polygon",
        "coordinates": [
          [
            [
              86.55,
              25.7382882882883
            ],
            [
              86.5900174261443,
              25.7382882882883
            ],
            [
              86.5900174261443,
              25.774324324324336
            ],
            [
              86.55,
              25.774324324324336
            ],
            [
              86.55,
              25.7382882882883
            ]
          ]
        ]
      }
    },
    {
      "type": "Feature",
      "properties": {
        "name": "G0122",
        "grid_id": "G0122",
        "cell_km": "~4x4",
        "data_status": "DUMMY_DEVELOPMENT_ONLY"
      },
      "geometry": {
        "type": "Polygon",
        "coordinates": [
          [
            [
              86.5900174261443,
              25.7382882882883
            ],
            [
              86.6300348522886,
              25.7382882882883
            ],
            [
              86.6300348522886,
              25.774324324324336
            ],
            [
              86.5900174261443,
              25.774324324324336
            ],
            [
              86.5900174261443,
              25.7382882882883
            ]
          ]
        ]
      }
    },
    {
      "type": "Feature",
      "properties": {
        "name": "G0123",
        "grid_id": "G0123",
        "cell_km": "~4x4",
        "data_status": "DUMMY_DEVELOPMENT_ONLY"
      },
      "geometry": {
        "type": "Polygon",
        "coordinates": [
          [
            [
              86.6300348522886,
              25.7382882882883
            ],
            [
              86.6700522784329,
              25.7382882882883
            ],
            [
              86.6700522784329,
              25.774324324324336
            ],
            [
              86.6300348522886,
              25.774324324324336
            ],
            [
              86.6300348522886,
              25.7382882882883
            ]
          ]
        ]
      }
    },
    {
      "type": "Feature",
      "properties": {
        "name": "G0124",
        "grid_id": "G0124",
        "cell_km": "~4x4",
        "data_status": "DUMMY_DEVELOPMENT_ONLY"
      },
      "geometry": {
        "type": "Polygon",
        "coordinates": [
          [
            [
              86.6700522784329,
              25.7382882882883
            ],
            [
              86.71006970457721,
              25.7382882882883
            ],
            [
              86.71006970457721,
              25.774324324324336
            ],
            [
              86.6700522784329,
              25.774324324324336
            ],
            [
              86.6700522784329,
              25.7382882882883
            ]
          ]
        ]
      }
    },
    {
      "type": "Feature",
      "properties": {
        "name": "G0125",
        "grid_id": "G0125",
        "cell_km": "~4x4",
        "data_status": "DUMMY_DEVELOPMENT_ONLY"
      },
      "geometry": {
        "type": "Polygon",
        "coordinates": [
          [
            [
              86.71006970457721,
              25.7382882882883
            ],
            [
              86.75008713072151,
              25.7382882882883
            ],
            [
              86.75008713072151,
              25.774324324324336
            ],
            [
              86.71006970457721,
              25.774324324324336
            ],
            [
              86.71006970457721,
              25.7382882882883
            ]
          ]
        ]
      }
    },
    {
      "type": "Feature",
      "properties": {
        "name": "G0126",
        "grid_id": "G0126",
        "cell_km": "~4x4",
        "data_status": "DUMMY_DEVELOPMENT_ONLY"
      },
      "geometry": {
        "type": "Polygon",
        "coordinates": [
          [
            [
              86.75008713072151,
              25.7382882882883
            ],
            [
              86.79010455686581,
              25.7382882882883
            ],
            [
              86.79010455686581,
              25.774324324324336
            ],
            [
              86.75008713072151,
              25.774324324324336
            ],
            [
              86.75008713072151,
              25.7382882882883
            ]
          ]
        ]
      }
    },
    {
      "type": "Feature",
      "properties": {
        "name": "G0127",
        "grid_id": "G0127",
        "cell_km": "~4x4",
        "data_status": "DUMMY_DEVELOPMENT_ONLY"
      },
      "geometry": {
        "type": "Polygon",
        "coordinates": [
          [
            [
              86.79010455686581,
              25.7382882882883
            ],
            [
              86.83012198301012,
              25.7382882882883
            ],
            [
              86.83012198301012,
              25.774324324324336
            ],
            [
              86.79010455686581,
              25.774324324324336
            ],
            [
              86.79010455686581,
              25.7382882882883
            ]
          ]
        ]
      }
    },
    {
      "type": "Feature",
      "properties": {
        "name": "G0128",
        "grid_id": "G0128",
        "cell_km": "~4x4",
        "data_status": "DUMMY_DEVELOPMENT_ONLY"
      },
      "geometry": {
        "type": "Polygon",
        "coordinates": [
          [
            [
              86.83012198301012,
              25.7382882882883
            ],
            [
              86.87013940915442,
              25.7382882882883
            ],
            [
              86.87013940915442,
              25.774324324324336
            ],
            [
              86.83012198301012,
              25.774324324324336
            ],
            [
              86.83012198301012,
              25.7382882882883
            ]
          ]
        ]
      }
    },
    {
      "type": "Feature",
      "properties": {
        "name": "G0129",
        "grid_id": "G0129",
        "cell_km": "~4x4",
        "data_status": "DUMMY_DEVELOPMENT_ONLY"
      },
      "geometry": {
        "type": "Polygon",
        "coordinates": [
          [
            [
              86.87013940915442,
              25.7382882882883
            ],
            [
              86.91015683529872,
              25.7382882882883
            ],
            [
              86.91015683529872,
              25.774324324324336
            ],
            [
              86.87013940915442,
              25.774324324324336
            ],
            [
              86.87013940915442,
              25.7382882882883
            ]
          ]
        ]
      }
    },
    {
      "type": "Feature",
      "properties": {
        "name": "G0130",
        "grid_id": "G0130",
        "cell_km": "~4x4",
        "data_status": "DUMMY_DEVELOPMENT_ONLY"
      },
      "geometry": {
        "type": "Polygon",
        "coordinates": [
          [
            [
              86.91015683529872,
              25.7382882882883
            ],
            [
              86.95017426144302,
              25.7382882882883
            ],
            [
              86.95017426144302,
              25.774324324324336
            ],
            [
              86.91015683529872,
              25.774324324324336
            ],
            [
              86.91015683529872,
              25.7382882882883
            ]
          ]
        ]
      }
    },
    {
      "type": "Feature",
      "properties": {
        "name": "G0131",
        "grid_id": "G0131",
        "cell_km": "~4x4",
        "data_status": "DUMMY_DEVELOPMENT_ONLY"
      },
      "geometry": {
        "type": "Polygon",
        "coordinates": [
          [
            [
              86.95017426144302,
              25.7382882882883
            ],
            [
              86.99019168758733,
              25.7382882882883
            ],
            [
              86.99019168758733,
              25.774324324324336
            ],
            [
              86.95017426144302,
              25.774324324324336
            ],
            [
              86.95017426144302,
              25.7382882882883
            ]
          ]
        ]
      }
    },
    {
      "type": "Feature",
      "properties": {
        "name": "G0132",
        "grid_id": "G0132",
        "cell_km": "~4x4",
        "data_status": "DUMMY_DEVELOPMENT_ONLY"
      },
      "geometry": {
        "type": "Polygon",
        "coordinates": [
          [
            [
              86.99019168758733,
              25.7382882882883
            ],
            [
              87.03020911373163,
              25.7382882882883
            ],
            [
              87.03020911373163,
              25.774324324324336
            ],
            [
              86.99019168758733,
              25.774324324324336
            ],
            [
              86.99019168758733,
              25.7382882882883
            ]
          ]
        ]
      }
    },
    {
      "type": "Feature",
      "properties": {
        "name": "G0133",
        "grid_id": "G0133",
        "cell_km": "~4x4",
        "data_status": "DUMMY_DEVELOPMENT_ONLY"
      },
      "geometry": {
        "type": "Polygon",
        "coordinates": [
          [
            [
              87.03020911373163,
              25.7382882882883
            ],
            [
              87.07022653987593,
              25.7382882882883
            ],
            [
              87.07022653987593,
              25.774324324324336
            ],
            [
              87.03020911373163,
              25.774324324324336
            ],
            [
              87.03020911373163,
              25.7382882882883
            ]
          ]
        ]
      }
    },
    {
      "type": "Feature",
      "properties": {
        "name": "G0134",
        "grid_id": "G0134",
        "cell_km": "~4x4",
        "data_status": "DUMMY_DEVELOPMENT_ONLY"
      },
      "geometry": {
        "type": "Polygon",
        "coordinates": [
          [
            [
              87.07022653987593,
              25.7382882882883
            ],
            [
              87.11024396602024,
              25.7382882882883
            ],
            [
              87.11024396602024,
              25.774324324324336
            ],
            [
              87.07022653987593,
              25.774324324324336
            ],
            [
              87.07022653987593,
              25.7382882882883
            ]
          ]
        ]
      }
    },
    {
      "type": "Feature",
      "properties": {
        "name": "G0135",
        "grid_id": "G0135",
        "cell_km": "~4x4",
        "data_status": "DUMMY_DEVELOPMENT_ONLY"
      },
      "geometry": {
        "type": "Polygon",
        "coordinates": [
          [
            [
              87.11024396602024,
              25.7382882882883
            ],
            [
              87.15,
              25.7382882882883
            ],
            [
              87.15,
              25.774324324324336
            ],
            [
              87.11024396602024,
              25.774324324324336
            ],
            [
              87.11024396602024,
              25.7382882882883
            ]
          ]
        ]
      }
    },
    {
      "type": "Feature",
      "properties": {
        "name": "G0136",
        "grid_id": "G0136",
        "cell_km": "~4x4",
        "data_status": "DUMMY_DEVELOPMENT_ONLY"
      },
      "geometry": {
        "type": "Polygon",
        "coordinates": [
          [
            [
              86.55,
              25.774324324324336
            ],
            [
              86.5900174261443,
              25.774324324324336
            ],
            [
              86.5900174261443,
              25.810360360360374
            ],
            [
              86.55,
              25.810360360360374
            ],
            [
              86.55,
              25.774324324324336
            ]
          ]
        ]
      }
    },
    {
      "type": "Feature",
      "properties": {
        "name": "G0137",
        "grid_id": "G0137",
        "cell_km": "~4x4",
        "data_status": "DUMMY_DEVELOPMENT_ONLY"
      },
      "geometry": {
        "type": "Polygon",
        "coordinates": [
          [
            [
              86.5900174261443,
              25.774324324324336
            ],
            [
              86.6300348522886,
              25.774324324324336
            ],
            [
              86.6300348522886,
              25.810360360360374
            ],
            [
              86.5900174261443,
              25.810360360360374
            ],
            [
              86.5900174261443,
              25.774324324324336
            ]
          ]
        ]
      }
    },
    {
      "type": "Feature",
      "properties": {
        "name": "G0138",
        "grid_id": "G0138",
        "cell_km": "~4x4",
        "data_status": "DUMMY_DEVELOPMENT_ONLY"
      },
      "geometry": {
        "type": "Polygon",
        "coordinates": [
          [
            [
              86.6300348522886,
              25.774324324324336
            ],
            [
              86.6700522784329,
              25.774324324324336
            ],
            [
              86.6700522784329,
              25.810360360360374
            ],
            [
              86.6300348522886,
              25.810360360360374
            ],
            [
              86.6300348522886,
              25.774324324324336
            ]
          ]
        ]
      }
    },
    {
      "type": "Feature",
      "properties": {
        "name": "G0139",
        "grid_id": "G0139",
        "cell_km": "~4x4",
        "data_status": "DUMMY_DEVELOPMENT_ONLY"
      },
      "geometry": {
        "type": "Polygon",
        "coordinates": [
          [
            [
              86.6700522784329,
              25.774324324324336
            ],
            [
              86.71006970457721,
              25.774324324324336
            ],
            [
              86.71006970457721,
              25.810360360360374
            ],
            [
              86.6700522784329,
              25.810360360360374
            ],
            [
              86.6700522784329,
              25.774324324324336
            ]
          ]
        ]
      }
    },
    {
      "type": "Feature",
      "properties": {
        "name": "G0140",
        "grid_id": "G0140",
        "cell_km": "~4x4",
        "data_status": "DUMMY_DEVELOPMENT_ONLY"
      },
      "geometry": {
        "type": "Polygon",
        "coordinates": [
          [
            [
              86.71006970457721,
              25.774324324324336
            ],
            [
              86.75008713072151,
              25.774324324324336
            ],
            [
              86.75008713072151,
              25.810360360360374
            ],
            [
              86.71006970457721,
              25.810360360360374
            ],
            [
              86.71006970457721,
              25.774324324324336
            ]
          ]
        ]
      }
    },
    {
      "type": "Feature",
      "properties": {
        "name": "G0141",
        "grid_id": "G0141",
        "cell_km": "~4x4",
        "data_status": "DUMMY_DEVELOPMENT_ONLY"
      },
      "geometry": {
        "type": "Polygon",
        "coordinates": [
          [
            [
              86.75008713072151,
              25.774324324324336
            ],
            [
              86.79010455686581,
              25.774324324324336
            ],
            [
              86.79010455686581,
              25.810360360360374
            ],
            [
              86.75008713072151,
              25.810360360360374
            ],
            [
              86.75008713072151,
              25.774324324324336
            ]
          ]
        ]
      }
    },
    {
      "type": "Feature",
      "properties": {
        "name": "G0142",
        "grid_id": "G0142",
        "cell_km": "~4x4",
        "data_status": "DUMMY_DEVELOPMENT_ONLY"
      },
      "geometry": {
        "type": "Polygon",
        "coordinates": [
          [
            [
              86.79010455686581,
              25.774324324324336
            ],
            [
              86.83012198301012,
              25.774324324324336
            ],
            [
              86.83012198301012,
              25.810360360360374
            ],
            [
              86.79010455686581,
              25.810360360360374
            ],
            [
              86.79010455686581,
              25.774324324324336
            ]
          ]
        ]
      }
    },
    {
      "type": "Feature",
      "properties": {
        "name": "G0143",
        "grid_id": "G0143",
        "cell_km": "~4x4",
        "data_status": "DUMMY_DEVELOPMENT_ONLY"
      },
      "geometry": {
        "type": "Polygon",
        "coordinates": [
          [
            [
              86.83012198301012,
              25.774324324324336
            ],
            [
              86.87013940915442,
              25.774324324324336
            ],
            [
              86.87013940915442,
              25.810360360360374
            ],
            [
              86.83012198301012,
              25.810360360360374
            ],
            [
              86.83012198301012,
              25.774324324324336
            ]
          ]
        ]
      }
    },
    {
      "type": "Feature",
      "properties": {
        "name": "G0144",
        "grid_id": "G0144",
        "cell_km": "~4x4",
        "data_status": "DUMMY_DEVELOPMENT_ONLY"
      },
      "geometry": {
        "type": "Polygon",
        "coordinates": [
          [
            [
              86.87013940915442,
              25.774324324324336
            ],
            [
              86.91015683529872,
              25.774324324324336
            ],
            [
              86.91015683529872,
              25.810360360360374
            ],
            [
              86.87013940915442,
              25.810360360360374
            ],
            [
              86.87013940915442,
              25.774324324324336
            ]
          ]
        ]
      }
    },
    {
      "type": "Feature",
      "properties": {
        "name": "G0145",
        "grid_id": "G0145",
        "cell_km": "~4x4",
        "data_status": "DUMMY_DEVELOPMENT_ONLY"
      },
      "geometry": {
        "type": "Polygon",
        "coordinates": [
          [
            [
              86.91015683529872,
              25.774324324324336
            ],
            [
              86.95017426144302,
              25.774324324324336
            ],
            [
              86.95017426144302,
              25.810360360360374
            ],
            [
              86.91015683529872,
              25.810360360360374
            ],
            [
              86.91015683529872,
              25.774324324324336
            ]
          ]
        ]
      }
    },
    {
      "type": "Feature",
      "properties": {
        "name": "G0146",
        "grid_id": "G0146",
        "cell_km": "~4x4",
        "data_status": "DUMMY_DEVELOPMENT_ONLY"
      },
      "geometry": {
        "type": "Polygon",
        "coordinates": [
          [
            [
              86.95017426144302,
              25.774324324324336
            ],
            [
              86.99019168758733,
              25.774324324324336
            ],
            [
              86.99019168758733,
              25.810360360360374
            ],
            [
              86.95017426144302,
              25.810360360360374
            ],
            [
              86.95017426144302,
              25.774324324324336
            ]
          ]
        ]
      }
    },
    {
      "type": "Feature",
      "properties": {
        "name": "G0147",
        "grid_id": "G0147",
        "cell_km": "~4x4",
        "data_status": "DUMMY_DEVELOPMENT_ONLY"
      },
      "geometry": {
        "type": "Polygon",
        "coordinates": [
          [
            [
              86.99019168758733,
              25.774324324324336
            ],
            [
              87.03020911373163,
              25.774324324324336
            ],
            [
              87.03020911373163,
              25.810360360360374
            ],
            [
              86.99019168758733,
              25.810360360360374
            ],
            [
              86.99019168758733,
              25.774324324324336
            ]
          ]
        ]
      }
    },
    {
      "type": "Feature",
      "properties": {
        "name": "G0148",
        "grid_id": "G0148",
        "cell_km": "~4x4",
        "data_status": "DUMMY_DEVELOPMENT_ONLY"
      },
      "geometry": {
        "type": "Polygon",
        "coordinates": [
          [
            [
              87.03020911373163,
              25.774324324324336
            ],
            [
              87.07022653987593,
              25.774324324324336
            ],
            [
              87.07022653987593,
              25.810360360360374
            ],
            [
              87.03020911373163,
              25.810360360360374
            ],
            [
              87.03020911373163,
              25.774324324324336
            ]
          ]
        ]
      }
    },
    {
      "type": "Feature",
      "properties": {
        "name": "G0149",
        "grid_id": "G0149",
        "cell_km": "~4x4",
        "data_status": "DUMMY_DEVELOPMENT_ONLY"
      },
      "geometry": {
        "type": "Polygon",
        "coordinates": [
          [
            [
              87.07022653987593,
              25.774324324324336
            ],
            [
              87.11024396602024,
              25.774324324324336
            ],
            [
              87.11024396602024,
              25.810360360360374
            ],
            [
              87.07022653987593,
              25.810360360360374
            ],
            [
              87.07022653987593,
              25.774324324324336
            ]
          ]
        ]
      }
    },
    {
      "type": "Feature",
      "properties": {
        "name": "G0150",
        "grid_id": "G0150",
        "cell_km": "~4x4",
        "data_status": "DUMMY_DEVELOPMENT_ONLY"
      },
      "geometry": {
        "type": "Polygon",
        "coordinates": [
          [
            [
              87.11024396602024,
              25.774324324324336
            ],
            [
              87.15,
              25.774324324324336
            ],
            [
              87.15,
              25.810360360360374
            ],
            [
              87.11024396602024,
              25.810360360360374
            ],
            [
              87.11024396602024,
              25.774324324324336
            ]
          ]
        ]
      }
    },
    {
      "type": "Feature",
      "properties": {
        "name": "G0151",
        "grid_id": "G0151",
        "cell_km": "~4x4",
        "data_status": "DUMMY_DEVELOPMENT_ONLY"
      },
      "geometry": {
        "type": "Polygon",
        "coordinates": [
          [
            [
              86.55,
              25.810360360360374
            ],
            [
              86.5900174261443,
              25.810360360360374
            ],
            [
              86.5900174261443,
              25.84639639639641
            ],
            [
              86.55,
              25.84639639639641
            ],
            [
              86.55,
              25.810360360360374
            ]
          ]
        ]
      }
    },
    {
      "type": "Feature",
      "properties": {
        "name": "G0152",
        "grid_id": "G0152",
        "cell_km": "~4x4",
        "data_status": "DUMMY_DEVELOPMENT_ONLY"
      },
      "geometry": {
        "type": "Polygon",
        "coordinates": [
          [
            [
              86.5900174261443,
              25.810360360360374
            ],
            [
              86.6300348522886,
              25.810360360360374
            ],
            [
              86.6300348522886,
              25.84639639639641
            ],
            [
              86.5900174261443,
              25.84639639639641
            ],
            [
              86.5900174261443,
              25.810360360360374
            ]
          ]
        ]
      }
    },
    {
      "type": "Feature",
      "properties": {
        "name": "G0153",
        "grid_id": "G0153",
        "cell_km": "~4x4",
        "data_status": "DUMMY_DEVELOPMENT_ONLY"
      },
      "geometry": {
        "type": "Polygon",
        "coordinates": [
          [
            [
              86.6300348522886,
              25.810360360360374
            ],
            [
              86.6700522784329,
              25.810360360360374
            ],
            [
              86.6700522784329,
              25.84639639639641
            ],
            [
              86.6300348522886,
              25.84639639639641
            ],
            [
              86.6300348522886,
              25.810360360360374
            ]
          ]
        ]
      }
    },
    {
      "type": "Feature",
      "properties": {
        "name": "G0154",
        "grid_id": "G0154",
        "cell_km": "~4x4",
        "data_status": "DUMMY_DEVELOPMENT_ONLY"
      },
      "geometry": {
        "type": "Polygon",
        "coordinates": [
          [
            [
              86.6700522784329,
              25.810360360360374
            ],
            [
              86.71006970457721,
              25.810360360360374
            ],
            [
              86.71006970457721,
              25.84639639639641
            ],
            [
              86.6700522784329,
              25.84639639639641
            ],
            [
              86.6700522784329,
              25.810360360360374
            ]
          ]
        ]
      }
    },
    {
      "type": "Feature",
      "properties": {
        "name": "G0155",
        "grid_id": "G0155",
        "cell_km": "~4x4",
        "data_status": "DUMMY_DEVELOPMENT_ONLY"
      },
      "geometry": {
        "type": "Polygon",
        "coordinates": [
          [
            [
              86.71006970457721,
              25.810360360360374
            ],
            [
              86.75008713072151,
              25.810360360360374
            ],
            [
              86.75008713072151,
              25.84639639639641
            ],
            [
              86.71006970457721,
              25.84639639639641
            ],
            [
              86.71006970457721,
              25.810360360360374
            ]
          ]
        ]
      }
    },
    {
      "type": "Feature",
      "properties": {
        "name": "G0156",
        "grid_id": "G0156",
        "cell_km": "~4x4",
        "data_status": "DUMMY_DEVELOPMENT_ONLY"
      },
      "geometry": {
        "type": "Polygon",
        "coordinates": [
          [
            [
              86.75008713072151,
              25.810360360360374
            ],
            [
              86.79010455686581,
              25.810360360360374
            ],
            [
              86.79010455686581,
              25.84639639639641
            ],
            [
              86.75008713072151,
              25.84639639639641
            ],
            [
              86.75008713072151,
              25.810360360360374
            ]
          ]
        ]
      }
    },
    {
      "type": "Feature",
      "properties": {
        "name": "G0157",
        "grid_id": "G0157",
        "cell_km": "~4x4",
        "data_status": "DUMMY_DEVELOPMENT_ONLY"
      },
      "geometry": {
        "type": "Polygon",
        "coordinates": [
          [
            [
              86.79010455686581,
              25.810360360360374
            ],
            [
              86.83012198301012,
              25.810360360360374
            ],
            [
              86.83012198301012,
              25.84639639639641
            ],
            [
              86.79010455686581,
              25.84639639639641
            ],
            [
              86.79010455686581,
              25.810360360360374
            ]
          ]
        ]
      }
    },
    {
      "type": "Feature",
      "properties": {
        "name": "G0158",
        "grid_id": "G0158",
        "cell_km": "~4x4",
        "data_status": "DUMMY_DEVELOPMENT_ONLY"
      },
      "geometry": {
        "type": "Polygon",
        "coordinates": [
          [
            [
              86.83012198301012,
              25.810360360360374
            ],
            [
              86.87013940915442,
              25.810360360360374
            ],
            [
              86.87013940915442,
              25.84639639639641
            ],
            [
              86.83012198301012,
              25.84639639639641
            ],
            [
              86.83012198301012,
              25.810360360360374
            ]
          ]
        ]
      }
    },
    {
      "type": "Feature",
      "properties": {
        "name": "G0159",
        "grid_id": "G0159",
        "cell_km": "~4x4",
        "data_status": "DUMMY_DEVELOPMENT_ONLY"
      },
      "geometry": {
        "type": "Polygon",
        "coordinates": [
          [
            [
              86.87013940915442,
              25.810360360360374
            ],
            [
              86.91015683529872,
              25.810360360360374
            ],
            [
              86.91015683529872,
              25.84639639639641
            ],
            [
              86.87013940915442,
              25.84639639639641
            ],
            [
              86.87013940915442,
              25.810360360360374
            ]
          ]
        ]
      }
    },
    {
      "type": "Feature",
      "properties": {
        "name": "G0160",
        "grid_id": "G0160",
        "cell_km": "~4x4",
        "data_status": "DUMMY_DEVELOPMENT_ONLY"
      },
      "geometry": {
        "type": "Polygon",
        "coordinates": [
          [
            [
              86.91015683529872,
              25.810360360360374
            ],
            [
              86.95017426144302,
              25.810360360360374
            ],
            [
              86.95017426144302,
              25.84639639639641
            ],
            [
              86.91015683529872,
              25.84639639639641
            ],
            [
              86.91015683529872,
              25.810360360360374
            ]
          ]
        ]
      }
    },
    {
      "type": "Feature",
      "properties": {
        "name": "G0161",
        "grid_id": "G0161",
        "cell_km": "~4x4",
        "data_status": "DUMMY_DEVELOPMENT_ONLY"
      },
      "geometry": {
        "type": "Polygon",
        "coordinates": [
          [
            [
              86.95017426144302,
              25.810360360360374
            ],
            [
              86.99019168758733,
              25.810360360360374
            ],
            [
              86.99019168758733,
              25.84639639639641
            ],
            [
              86.95017426144302,
              25.84639639639641
            ],
            [
              86.95017426144302,
              25.810360360360374
            ]
          ]
        ]
      }
    },
    {
      "type": "Feature",
      "properties": {
        "name": "G0162",
        "grid_id": "G0162",
        "cell_km": "~4x4",
        "data_status": "DUMMY_DEVELOPMENT_ONLY"
      },
      "geometry": {
        "type": "Polygon",
        "coordinates": [
          [
            [
              86.99019168758733,
              25.810360360360374
            ],
            [
              87.03020911373163,
              25.810360360360374
            ],
            [
              87.03020911373163,
              25.84639639639641
            ],
            [
              86.99019168758733,
              25.84639639639641
            ],
            [
              86.99019168758733,
              25.810360360360374
            ]
          ]
        ]
      }
    },
    {
      "type": "Feature",
      "properties": {
        "name": "G0163",
        "grid_id": "G0163",
        "cell_km": "~4x4",
        "data_status": "DUMMY_DEVELOPMENT_ONLY"
      },
      "geometry": {
        "type": "Polygon",
        "coordinates": [
          [
            [
              87.03020911373163,
              25.810360360360374
            ],
            [
              87.07022653987593,
              25.810360360360374
            ],
            [
              87.07022653987593,
              25.84639639639641
            ],
            [
              87.03020911373163,
              25.84639639639641
            ],
            [
              87.03020911373163,
              25.810360360360374
            ]
          ]
        ]
      }
    },
    {
      "type": "Feature",
      "properties": {
        "name": "G0164",
        "grid_id": "G0164",
        "cell_km": "~4x4",
        "data_status": "DUMMY_DEVELOPMENT_ONLY"
      },
      "geometry": {
        "type": "Polygon",
        "coordinates": [
          [
            [
              87.07022653987593,
              25.810360360360374
            ],
            [
              87.11024396602024,
              25.810360360360374
            ],
            [
              87.11024396602024,
              25.84639639639641
            ],
            [
              87.07022653987593,
              25.84639639639641
            ],
            [
              87.07022653987593,
              25.810360360360374
            ]
          ]
        ]
      }
    },
    {
      "type": "Feature",
      "properties": {
        "name": "G0165",
        "grid_id": "G0165",
        "cell_km": "~4x4",
        "data_status": "DUMMY_DEVELOPMENT_ONLY"
      },
      "geometry": {
        "type": "Polygon",
        "coordinates": [
          [
            [
              87.11024396602024,
              25.810360360360374
            ],
            [
              87.15,
              25.810360360360374
            ],
            [
              87.15,
              25.84639639639641
            ],
            [
              87.11024396602024,
              25.84639639639641
            ],
            [
              87.11024396602024,
              25.810360360360374
            ]
          ]
        ]
      }
    },
    {
      "type": "Feature",
      "properties": {
        "name": "G0166",
        "grid_id": "G0166",
        "cell_km": "~4x4",
        "data_status": "DUMMY_DEVELOPMENT_ONLY"
      },
      "geometry": {
        "type": "Polygon",
        "coordinates": [
          [
            [
              86.55,
              25.84639639639641
            ],
            [
              86.5900174261443,
              25.84639639639641
            ],
            [
              86.5900174261443,
              25.88243243243245
            ],
            [
              86.55,
              25.88243243243245
            ],
            [
              86.55,
              25.84639639639641
            ]
          ]
        ]
      }
    },
    {
      "type": "Feature",
      "properties": {
        "name": "G0167",
        "grid_id": "G0167",
        "cell_km": "~4x4",
        "data_status": "DUMMY_DEVELOPMENT_ONLY"
      },
      "geometry": {
        "type": "Polygon",
        "coordinates": [
          [
            [
              86.5900174261443,
              25.84639639639641
            ],
            [
              86.6300348522886,
              25.84639639639641
            ],
            [
              86.6300348522886,
              25.88243243243245
            ],
            [
              86.5900174261443,
              25.88243243243245
            ],
            [
              86.5900174261443,
              25.84639639639641
            ]
          ]
        ]
      }
    },
    {
      "type": "Feature",
      "properties": {
        "name": "G0168",
        "grid_id": "G0168",
        "cell_km": "~4x4",
        "data_status": "DUMMY_DEVELOPMENT_ONLY"
      },
      "geometry": {
        "type": "Polygon",
        "coordinates": [
          [
            [
              86.6300348522886,
              25.84639639639641
            ],
            [
              86.6700522784329,
              25.84639639639641
            ],
            [
              86.6700522784329,
              25.88243243243245
            ],
            [
              86.6300348522886,
              25.88243243243245
            ],
            [
              86.6300348522886,
              25.84639639639641
            ]
          ]
        ]
      }
    },
    {
      "type": "Feature",
      "properties": {
        "name": "G0169",
        "grid_id": "G0169",
        "cell_km": "~4x4",
        "data_status": "DUMMY_DEVELOPMENT_ONLY"
      },
      "geometry": {
        "type": "Polygon",
        "coordinates": [
          [
            [
              86.6700522784329,
              25.84639639639641
            ],
            [
              86.71006970457721,
              25.84639639639641
            ],
            [
              86.71006970457721,
              25.88243243243245
            ],
            [
              86.6700522784329,
              25.88243243243245
            ],
            [
              86.6700522784329,
              25.84639639639641
            ]
          ]
        ]
      }
    },
    {
      "type": "Feature",
      "properties": {
        "name": "G0170",
        "grid_id": "G0170",
        "cell_km": "~4x4",
        "data_status": "DUMMY_DEVELOPMENT_ONLY"
      },
      "geometry": {
        "type": "Polygon",
        "coordinates": [
          [
            [
              86.71006970457721,
              25.84639639639641
            ],
            [
              86.75008713072151,
              25.84639639639641
            ],
            [
              86.75008713072151,
              25.88243243243245
            ],
            [
              86.71006970457721,
              25.88243243243245
            ],
            [
              86.71006970457721,
              25.84639639639641
            ]
          ]
        ]
      }
    },
    {
      "type": "Feature",
      "properties": {
        "name": "G0171",
        "grid_id": "G0171",
        "cell_km": "~4x4",
        "data_status": "DUMMY_DEVELOPMENT_ONLY"
      },
      "geometry": {
        "type": "Polygon",
        "coordinates": [
          [
            [
              86.75008713072151,
              25.84639639639641
            ],
            [
              86.79010455686581,
              25.84639639639641
            ],
            [
              86.79010455686581,
              25.88243243243245
            ],
            [
              86.75008713072151,
              25.88243243243245
            ],
            [
              86.75008713072151,
              25.84639639639641
            ]
          ]
        ]
      }
    },
    {
      "type": "Feature",
      "properties": {
        "name": "G0172",
        "grid_id": "G0172",
        "cell_km": "~4x4",
        "data_status": "DUMMY_DEVELOPMENT_ONLY"
      },
      "geometry": {
        "type": "Polygon",
        "coordinates": [
          [
            [
              86.79010455686581,
              25.84639639639641
            ],
            [
              86.83012198301012,
              25.84639639639641
            ],
            [
              86.83012198301012,
              25.88243243243245
            ],
            [
              86.79010455686581,
              25.88243243243245
            ],
            [
              86.79010455686581,
              25.84639639639641
            ]
          ]
        ]
      }
    },
    {
      "type": "Feature",
      "properties": {
        "name": "G0173",
        "grid_id": "G0173",
        "cell_km": "~4x4",
        "data_status": "DUMMY_DEVELOPMENT_ONLY"
      },
      "geometry": {
        "type": "Polygon",
        "coordinates": [
          [
            [
              86.83012198301012,
              25.84639639639641
            ],
            [
              86.87013940915442,
              25.84639639639641
            ],
            [
              86.87013940915442,
              25.88243243243245
            ],
            [
              86.83012198301012,
              25.88243243243245
            ],
            [
              86.83012198301012,
              25.84639639639641
            ]
          ]
        ]
      }
    },
    {
      "type": "Feature",
      "properties": {
        "name": "G0174",
        "grid_id": "G0174",
        "cell_km": "~4x4",
        "data_status": "DUMMY_DEVELOPMENT_ONLY"
      },
      "geometry": {
        "type": "Polygon",
        "coordinates": [
          [
            [
              86.87013940915442,
              25.84639639639641
            ],
            [
              86.91015683529872,
              25.84639639639641
            ],
            [
              86.91015683529872,
              25.88243243243245
            ],
            [
              86.87013940915442,
              25.88243243243245
            ],
            [
              86.87013940915442,
              25.84639639639641
            ]
          ]
        ]
      }
    },
    {
      "type": "Feature",
      "properties": {
        "name": "G0175",
        "grid_id": "G0175",
        "cell_km": "~4x4",
        "data_status": "DUMMY_DEVELOPMENT_ONLY"
      },
      "geometry": {
        "type": "Polygon",
        "coordinates": [
          [
            [
              86.91015683529872,
              25.84639639639641
            ],
            [
              86.95017426144302,
              25.84639639639641
            ],
            [
              86.95017426144302,
              25.88243243243245
            ],
            [
              86.91015683529872,
              25.88243243243245
            ],
            [
              86.91015683529872,
              25.84639639639641
            ]
          ]
        ]
      }
    },
    {
      "type": "Feature",
      "properties": {
        "name": "G0176",
        "grid_id": "G0176",
        "cell_km": "~4x4",
        "data_status": "DUMMY_DEVELOPMENT_ONLY"
      },
      "geometry": {
        "type": "Polygon",
        "coordinates": [
          [
            [
              86.95017426144302,
              25.84639639639641
            ],
            [
              86.99019168758733,
              25.84639639639641
            ],
            [
              86.99019168758733,
              25.88243243243245
            ],
            [
              86.95017426144302,
              25.88243243243245
            ],
            [
              86.95017426144302,
              25.84639639639641
            ]
          ]
        ]
      }
    },
    {
      "type": "Feature",
      "properties": {
        "name": "G0177",
        "grid_id": "G0177",
        "cell_km": "~4x4",
        "data_status": "DUMMY_DEVELOPMENT_ONLY"
      },
      "geometry": {
        "type": "Polygon",
        "coordinates": [
          [
            [
              86.99019168758733,
              25.84639639639641
            ],
            [
              87.03020911373163,
              25.84639639639641
            ],
            [
              87.03020911373163,
              25.88243243243245
            ],
            [
              86.99019168758733,
              25.88243243243245
            ],
            [
              86.99019168758733,
              25.84639639639641
            ]
          ]
        ]
      }
    },
    {
      "type": "Feature",
      "properties": {
        "name": "G0178",
        "grid_id": "G0178",
        "cell_km": "~4x4",
        "data_status": "DUMMY_DEVELOPMENT_ONLY"
      },
      "geometry": {
        "type": "Polygon",
        "coordinates": [
          [
            [
              87.03020911373163,
              25.84639639639641
            ],
            [
              87.07022653987593,
              25.84639639639641
            ],
            [
              87.07022653987593,
              25.88243243243245
            ],
            [
              87.03020911373163,
              25.88243243243245
            ],
            [
              87.03020911373163,
              25.84639639639641
            ]
          ]
        ]
      }
    },
    {
      "type": "Feature",
      "properties": {
        "name": "G0179",
        "grid_id": "G0179",
        "cell_km": "~4x4",
        "data_status": "DUMMY_DEVELOPMENT_ONLY"
      },
      "geometry": {
        "type": "Polygon",
        "coordinates": [
          [
            [
              87.07022653987593,
              25.84639639639641
            ],
            [
              87.11024396602024,
              25.84639639639641
            ],
            [
              87.11024396602024,
              25.88243243243245
            ],
            [
              87.07022653987593,
              25.88243243243245
            ],
            [
              87.07022653987593,
              25.84639639639641
            ]
          ]
        ]
      }
    },
    {
      "type": "Feature",
      "properties": {
        "name": "G0180",
        "grid_id": "G0180",
        "cell_km": "~4x4",
        "data_status": "DUMMY_DEVELOPMENT_ONLY"
      },
      "geometry": {
        "type": "Polygon",
        "coordinates": [
          [
            [
              87.11024396602024,
              25.84639639639641
            ],
            [
              87.15,
              25.84639639639641
            ],
            [
              87.15,
              25.88243243243245
            ],
            [
              87.11024396602024,
              25.88243243243245
            ],
            [
              87.11024396602024,
              25.84639639639641
            ]
          ]
        ]
      }
    },
    {
      "type": "Feature",
      "properties": {
        "name": "G0181",
        "grid_id": "G0181",
        "cell_km": "~4x4",
        "data_status": "DUMMY_DEVELOPMENT_ONLY"
      },
      "geometry": {
        "type": "Polygon",
        "coordinates": [
          [
            [
              86.55,
              25.88243243243245
            ],
            [
              86.5900174261443,
              25.88243243243245
            ],
            [
              86.5900174261443,
              25.918468468468486
            ],
            [
              86.55,
              25.918468468468486
            ],
            [
              86.55,
              25.88243243243245
            ]
          ]
        ]
      }
    },
    {
      "type": "Feature",
      "properties": {
        "name": "G0182",
        "grid_id": "G0182",
        "cell_km": "~4x4",
        "data_status": "DUMMY_DEVELOPMENT_ONLY"
      },
      "geometry": {
        "type": "Polygon",
        "coordinates": [
          [
            [
              86.5900174261443,
              25.88243243243245
            ],
            [
              86.6300348522886,
              25.88243243243245
            ],
            [
              86.6300348522886,
              25.918468468468486
            ],
            [
              86.5900174261443,
              25.918468468468486
            ],
            [
              86.5900174261443,
              25.88243243243245
            ]
          ]
        ]
      }
    },
    {
      "type": "Feature",
      "properties": {
        "name": "G0183",
        "grid_id": "G0183",
        "cell_km": "~4x4",
        "data_status": "DUMMY_DEVELOPMENT_ONLY"
      },
      "geometry": {
        "type": "Polygon",
        "coordinates": [
          [
            [
              86.6300348522886,
              25.88243243243245
            ],
            [
              86.6700522784329,
              25.88243243243245
            ],
            [
              86.6700522784329,
              25.918468468468486
            ],
            [
              86.6300348522886,
              25.918468468468486
            ],
            [
              86.6300348522886,
              25.88243243243245
            ]
          ]
        ]
      }
    },
    {
      "type": "Feature",
      "properties": {
        "name": "G0184",
        "grid_id": "G0184",
        "cell_km": "~4x4",
        "data_status": "DUMMY_DEVELOPMENT_ONLY"
      },
      "geometry": {
        "type": "Polygon",
        "coordinates": [
          [
            [
              86.6700522784329,
              25.88243243243245
            ],
            [
              86.71006970457721,
              25.88243243243245
            ],
            [
              86.71006970457721,
              25.918468468468486
            ],
            [
              86.6700522784329,
              25.918468468468486
            ],
            [
              86.6700522784329,
              25.88243243243245
            ]
          ]
        ]
      }
    },
    {
      "type": "Feature",
      "properties": {
        "name": "G0185",
        "grid_id": "G0185",
        "cell_km": "~4x4",
        "data_status": "DUMMY_DEVELOPMENT_ONLY"
      },
      "geometry": {
        "type": "Polygon",
        "coordinates": [
          [
            [
              86.71006970457721,
              25.88243243243245
            ],
            [
              86.75008713072151,
              25.88243243243245
            ],
            [
              86.75008713072151,
              25.918468468468486
            ],
            [
              86.71006970457721,
              25.918468468468486
            ],
            [
              86.71006970457721,
              25.88243243243245
            ]
          ]
        ]
      }
    },
    {
      "type": "Feature",
      "properties": {
        "name": "G0186",
        "grid_id": "G0186",
        "cell_km": "~4x4",
        "data_status": "DUMMY_DEVELOPMENT_ONLY"
      },
      "geometry": {
        "type": "Polygon",
        "coordinates": [
          [
            [
              86.75008713072151,
              25.88243243243245
            ],
            [
              86.79010455686581,
              25.88243243243245
            ],
            [
              86.79010455686581,
              25.918468468468486
            ],
            [
              86.75008713072151,
              25.918468468468486
            ],
            [
              86.75008713072151,
              25.88243243243245
            ]
          ]
        ]
      }
    },
    {
      "type": "Feature",
      "properties": {
        "name": "G0187",
        "grid_id": "G0187",
        "cell_km": "~4x4",
        "data_status": "DUMMY_DEVELOPMENT_ONLY"
      },
      "geometry": {
        "type": "Polygon",
        "coordinates": [
          [
            [
              86.79010455686581,
              25.88243243243245
            ],
            [
              86.83012198301012,
              25.88243243243245
            ],
            [
              86.83012198301012,
              25.918468468468486
            ],
            [
              86.79010455686581,
              25.918468468468486
            ],
            [
              86.79010455686581,
              25.88243243243245
            ]
          ]
        ]
      }
    },
    {
      "type": "Feature",
      "properties": {
        "name": "G0188",
        "grid_id": "G0188",
        "cell_km": "~4x4",
        "data_status": "DUMMY_DEVELOPMENT_ONLY"
      },
      "geometry": {
        "type": "Polygon",
        "coordinates": [
          [
            [
              86.83012198301012,
              25.88243243243245
            ],
            [
              86.87013940915442,
              25.88243243243245
            ],
            [
              86.87013940915442,
              25.918468468468486
            ],
            [
              86.83012198301012,
              25.918468468468486
            ],
            [
              86.83012198301012,
              25.88243243243245
            ]
          ]
        ]
      }
    },
    {
      "type": "Feature",
      "properties": {
        "name": "G0189",
        "grid_id": "G0189",
        "cell_km": "~4x4",
        "data_status": "DUMMY_DEVELOPMENT_ONLY"
      },
      "geometry": {
        "type": "Polygon",
        "coordinates": [
          [
            [
              86.87013940915442,
              25.88243243243245
            ],
            [
              86.91015683529872,
              25.88243243243245
            ],
            [
              86.91015683529872,
              25.918468468468486
            ],
            [
              86.87013940915442,
              25.918468468468486
            ],
            [
              86.87013940915442,
              25.88243243243245
            ]
          ]
        ]
      }
    },
    {
      "type": "Feature",
      "properties": {
        "name": "G0190",
        "grid_id": "G0190",
        "cell_km": "~4x4",
        "data_status": "DUMMY_DEVELOPMENT_ONLY"
      },
      "geometry": {
        "type": "Polygon",
        "coordinates": [
          [
            [
              86.91015683529872,
              25.88243243243245
            ],
            [
              86.95017426144302,
              25.88243243243245
            ],
            [
              86.95017426144302,
              25.918468468468486
            ],
            [
              86.91015683529872,
              25.918468468468486
            ],
            [
              86.91015683529872,
              25.88243243243245
            ]
          ]
        ]
      }
    },
    {
      "type": "Feature",
      "properties": {
        "name": "G0191",
        "grid_id": "G0191",
        "cell_km": "~4x4",
        "data_status": "DUMMY_DEVELOPMENT_ONLY"
      },
      "geometry": {
        "type": "Polygon",
        "coordinates": [
          [
            [
              86.95017426144302,
              25.88243243243245
            ],
            [
              86.99019168758733,
              25.88243243243245
            ],
            [
              86.99019168758733,
              25.918468468468486
            ],
            [
              86.95017426144302,
              25.918468468468486
            ],
            [
              86.95017426144302,
              25.88243243243245
            ]
          ]
        ]
      }
    },
    {
      "type": "Feature",
      "properties": {
        "name": "G0192",
        "grid_id": "G0192",
        "cell_km": "~4x4",
        "data_status": "DUMMY_DEVELOPMENT_ONLY"
      },
      "geometry": {
        "type": "Polygon",
        "coordinates": [
          [
            [
              86.99019168758733,
              25.88243243243245
            ],
            [
              87.03020911373163,
              25.88243243243245
            ],
            [
              87.03020911373163,
              25.918468468468486
            ],
            [
              86.99019168758733,
              25.918468468468486
            ],
            [
              86.99019168758733,
              25.88243243243245
            ]
          ]
        ]
      }
    },
    {
      "type": "Feature",
      "properties": {
        "name": "G0193",
        "grid_id": "G0193",
        "cell_km": "~4x4",
        "data_status": "DUMMY_DEVELOPMENT_ONLY"
      },
      "geometry": {
        "type": "Polygon",
        "coordinates": [
          [
            [
              87.03020911373163,
              25.88243243243245
            ],
            [
              87.07022653987593,
              25.88243243243245
            ],
            [
              87.07022653987593,
              25.918468468468486
            ],
            [
              87.03020911373163,
              25.918468468468486
            ],
            [
              87.03020911373163,
              25.88243243243245
            ]
          ]
        ]
      }
    },
    {
      "type": "Feature",
      "properties": {
        "name": "G0194",
        "grid_id": "G0194",
        "cell_km": "~4x4",
        "data_status": "DUMMY_DEVELOPMENT_ONLY"
      },
      "geometry": {
        "type": "Polygon",
        "coordinates": [
          [
            [
              87.07022653987593,
              25.88243243243245
            ],
            [
              87.11024396602024,
              25.88243243243245
            ],
            [
              87.11024396602024,
              25.918468468468486
            ],
            [
              87.07022653987593,
              25.918468468468486
            ],
            [
              87.07022653987593,
              25.88243243243245
            ]
          ]
        ]
      }
    },
    {
      "type": "Feature",
      "properties": {
        "name": "G0195",
        "grid_id": "G0195",
        "cell_km": "~4x4",
        "data_status": "DUMMY_DEVELOPMENT_ONLY"
      },
      "geometry": {
        "type": "Polygon",
        "coordinates": [
          [
            [
              87.11024396602024,
              25.88243243243245
            ],
            [
              87.15,
              25.88243243243245
            ],
            [
              87.15,
              25.918468468468486
            ],
            [
              87.11024396602024,
              25.918468468468486
            ],
            [
              87.11024396602024,
              25.88243243243245
            ]
          ]
        ]
      }
    },
    {
      "type": "Feature",
      "properties": {
        "name": "G0196",
        "grid_id": "G0196",
        "cell_km": "~4x4",
        "data_status": "DUMMY_DEVELOPMENT_ONLY"
      },
      "geometry": {
        "type": "Polygon",
        "coordinates": [
          [
            [
              86.55,
              25.918468468468486
            ],
            [
              86.5900174261443,
              25.918468468468486
            ],
            [
              86.5900174261443,
              25.954504504504524
            ],
            [
              86.55,
              25.954504504504524
            ],
            [
              86.55,
              25.918468468468486
            ]
          ]
        ]
      }
    },
    {
      "type": "Feature",
      "properties": {
        "name": "G0197",
        "grid_id": "G0197",
        "cell_km": "~4x4",
        "data_status": "DUMMY_DEVELOPMENT_ONLY"
      },
      "geometry": {
        "type": "Polygon",
        "coordinates": [
          [
            [
              86.5900174261443,
              25.918468468468486
            ],
            [
              86.6300348522886,
              25.918468468468486
            ],
            [
              86.6300348522886,
              25.954504504504524
            ],
            [
              86.5900174261443,
              25.954504504504524
            ],
            [
              86.5900174261443,
              25.918468468468486
            ]
          ]
        ]
      }
    },
    {
      "type": "Feature",
      "properties": {
        "name": "G0198",
        "grid_id": "G0198",
        "cell_km": "~4x4",
        "data_status": "DUMMY_DEVELOPMENT_ONLY"
      },
      "geometry": {
        "type": "Polygon",
        "coordinates": [
          [
            [
              86.6300348522886,
              25.918468468468486
            ],
            [
              86.6700522784329,
              25.918468468468486
            ],
            [
              86.6700522784329,
              25.954504504504524
            ],
            [
              86.6300348522886,
              25.954504504504524
            ],
            [
              86.6300348522886,
              25.918468468468486
            ]
          ]
        ]
      }
    },
    {
      "type": "Feature",
      "properties": {
        "name": "G0199",
        "grid_id": "G0199",
        "cell_km": "~4x4",
        "data_status": "DUMMY_DEVELOPMENT_ONLY"
      },
      "geometry": {
        "type": "Polygon",
        "coordinates": [
          [
            [
              86.6700522784329,
              25.918468468468486
            ],
            [
              86.71006970457721,
              25.918468468468486
            ],
            [
              86.71006970457721,
              25.954504504504524
            ],
            [
              86.6700522784329,
              25.954504504504524
            ],
            [
              86.6700522784329,
              25.918468468468486
            ]
          ]
        ]
      }
    },
    {
      "type": "Feature",
      "properties": {
        "name": "G0200",
        "grid_id": "G0200",
        "cell_km": "~4x4",
        "data_status": "DUMMY_DEVELOPMENT_ONLY"
      },
      "geometry": {
        "type": "Polygon",
        "coordinates": [
          [
            [
              86.71006970457721,
              25.918468468468486
            ],
            [
              86.75008713072151,
              25.918468468468486
            ],
            [
              86.75008713072151,
              25.954504504504524
            ],
            [
              86.71006970457721,
              25.954504504504524
            ],
            [
              86.71006970457721,
              25.918468468468486
            ]
          ]
        ]
      }
    },
    {
      "type": "Feature",
      "properties": {
        "name": "G0201",
        "grid_id": "G0201",
        "cell_km": "~4x4",
        "data_status": "DUMMY_DEVELOPMENT_ONLY"
      },
      "geometry": {
        "type": "Polygon",
        "coordinates": [
          [
            [
              86.75008713072151,
              25.918468468468486
            ],
            [
              86.79010455686581,
              25.918468468468486
            ],
            [
              86.79010455686581,
              25.954504504504524
            ],
            [
              86.75008713072151,
              25.954504504504524
            ],
            [
              86.75008713072151,
              25.918468468468486
            ]
          ]
        ]
      }
    },
    {
      "type": "Feature",
      "properties": {
        "name": "G0202",
        "grid_id": "G0202",
        "cell_km": "~4x4",
        "data_status": "DUMMY_DEVELOPMENT_ONLY"
      },
      "geometry": {
        "type": "Polygon",
        "coordinates": [
          [
            [
              86.79010455686581,
              25.918468468468486
            ],
            [
              86.83012198301012,
              25.918468468468486
            ],
            [
              86.83012198301012,
              25.954504504504524
            ],
            [
              86.79010455686581,
              25.954504504504524
            ],
            [
              86.79010455686581,
              25.918468468468486
            ]
          ]
        ]
      }
    },
    {
      "type": "Feature",
      "properties": {
        "name": "G0203",
        "grid_id": "G0203",
        "cell_km": "~4x4",
        "data_status": "DUMMY_DEVELOPMENT_ONLY"
      },
      "geometry": {
        "type": "Polygon",
        "coordinates": [
          [
            [
              86.83012198301012,
              25.918468468468486
            ],
            [
              86.87013940915442,
              25.918468468468486
            ],
            [
              86.87013940915442,
              25.954504504504524
            ],
            [
              86.83012198301012,
              25.954504504504524
            ],
            [
              86.83012198301012,
              25.918468468468486
            ]
          ]
        ]
      }
    },
    {
      "type": "Feature",
      "properties": {
        "name": "G0204",
        "grid_id": "G0204",
        "cell_km": "~4x4",
        "data_status": "DUMMY_DEVELOPMENT_ONLY"
      },
      "geometry": {
        "type": "Polygon",
        "coordinates": [
          [
            [
              86.87013940915442,
              25.918468468468486
            ],
            [
              86.91015683529872,
              25.918468468468486
            ],
            [
              86.91015683529872,
              25.954504504504524
            ],
            [
              86.87013940915442,
              25.954504504504524
            ],
            [
              86.87013940915442,
              25.918468468468486
            ]
          ]
        ]
      }
    },
    {
      "type": "Feature",
      "properties": {
        "name": "G0205",
        "grid_id": "G0205",
        "cell_km": "~4x4",
        "data_status": "DUMMY_DEVELOPMENT_ONLY"
      },
      "geometry": {
        "type": "Polygon",
        "coordinates": [
          [
            [
              86.91015683529872,
              25.918468468468486
            ],
            [
              86.95017426144302,
              25.918468468468486
            ],
            [
              86.95017426144302,
              25.954504504504524
            ],
            [
              86.91015683529872,
              25.954504504504524
            ],
            [
              86.91015683529872,
              25.918468468468486
            ]
          ]
        ]
      }
    },
    {
      "type": "Feature",
      "properties": {
        "name": "G0206",
        "grid_id": "G0206",
        "cell_km": "~4x4",
        "data_status": "DUMMY_DEVELOPMENT_ONLY"
      },
      "geometry": {
        "type": "Polygon",
        "coordinates": [
          [
            [
              86.95017426144302,
              25.918468468468486
            ],
            [
              86.99019168758733,
              25.918468468468486
            ],
            [
              86.99019168758733,
              25.954504504504524
            ],
            [
              86.95017426144302,
              25.954504504504524
            ],
            [
              86.95017426144302,
              25.918468468468486
            ]
          ]
        ]
      }
    },
    {
      "type": "Feature",
      "properties": {
        "name": "G0207",
        "grid_id": "G0207",
        "cell_km": "~4x4",
        "data_status": "DUMMY_DEVELOPMENT_ONLY"
      },
      "geometry": {
        "type": "Polygon",
        "coordinates": [
          [
            [
              86.99019168758733,
              25.918468468468486
            ],
            [
              87.03020911373163,
              25.918468468468486
            ],
            [
              87.03020911373163,
              25.954504504504524
            ],
            [
              86.99019168758733,
              25.954504504504524
            ],
            [
              86.99019168758733,
              25.918468468468486
            ]
          ]
        ]
      }
    },
    {
      "type": "Feature",
      "properties": {
        "name": "G0208",
        "grid_id": "G0208",
        "cell_km": "~4x4",
        "data_status": "DUMMY_DEVELOPMENT_ONLY"
      },
      "geometry": {
        "type": "Polygon",
        "coordinates": [
          [
            [
              87.03020911373163,
              25.918468468468486
            ],
            [
              87.07022653987593,
              25.918468468468486
            ],
            [
              87.07022653987593,
              25.954504504504524
            ],
            [
              87.03020911373163,
              25.954504504504524
            ],
            [
              87.03020911373163,
              25.918468468468486
            ]
          ]
        ]
      }
    },
    {
      "type": "Feature",
      "properties": {
        "name": "G0209",
        "grid_id": "G0209",
        "cell_km": "~4x4",
        "data_status": "DUMMY_DEVELOPMENT_ONLY"
      },
      "geometry": {
        "type": "Polygon",
        "coordinates": [
          [
            [
              87.07022653987593,
              25.918468468468486
            ],
            [
              87.11024396602024,
              25.918468468468486
            ],
            [
              87.11024396602024,
              25.954504504504524
            ],
            [
              87.07022653987593,
              25.954504504504524
            ],
            [
              87.07022653987593,
              25.918468468468486
            ]
          ]
        ]
      }
    },
    {
      "type": "Feature",
      "properties": {
        "name": "G0210",
        "grid_id": "G0210",
        "cell_km": "~4x4",
        "data_status": "DUMMY_DEVELOPMENT_ONLY"
      },
      "geometry": {
        "type": "Polygon",
        "coordinates": [
          [
            [
              87.11024396602024,
              25.918468468468486
            ],
            [
              87.15,
              25.918468468468486
            ],
            [
              87.15,
              25.954504504504524
            ],
            [
              87.11024396602024,
              25.954504504504524
            ],
            [
              87.11024396602024,
              25.918468468468486
            ]
          ]
        ]
      }
    },
    {
      "type": "Feature",
      "properties": {
        "name": "G0211",
        "grid_id": "G0211",
        "cell_km": "~4x4",
        "data_status": "DUMMY_DEVELOPMENT_ONLY"
      },
      "geometry": {
        "type": "Polygon",
        "coordinates": [
          [
            [
              86.55,
              25.954504504504524
            ],
            [
              86.5900174261443,
              25.954504504504524
            ],
            [
              86.5900174261443,
              25.99054054054056
            ],
            [
              86.55,
              25.99054054054056
            ],
            [
              86.55,
              25.954504504504524
            ]
          ]
        ]
      }
    },
    {
      "type": "Feature",
      "properties": {
        "name": "G0212",
        "grid_id": "G0212",
        "cell_km": "~4x4",
        "data_status": "DUMMY_DEVELOPMENT_ONLY"
      },
      "geometry": {
        "type": "Polygon",
        "coordinates": [
          [
            [
              86.5900174261443,
              25.954504504504524
            ],
            [
              86.6300348522886,
              25.954504504504524
            ],
            [
              86.6300348522886,
              25.99054054054056
            ],
            [
              86.5900174261443,
              25.99054054054056
            ],
            [
              86.5900174261443,
              25.954504504504524
            ]
          ]
        ]
      }
    },
    {
      "type": "Feature",
      "properties": {
        "name": "G0213",
        "grid_id": "G0213",
        "cell_km": "~4x4",
        "data_status": "DUMMY_DEVELOPMENT_ONLY"
      },
      "geometry": {
        "type": "Polygon",
        "coordinates": [
          [
            [
              86.6300348522886,
              25.954504504504524
            ],
            [
              86.6700522784329,
              25.954504504504524
            ],
            [
              86.6700522784329,
              25.99054054054056
            ],
            [
              86.6300348522886,
              25.99054054054056
            ],
            [
              86.6300348522886,
              25.954504504504524
            ]
          ]
        ]
      }
    },
    {
      "type": "Feature",
      "properties": {
        "name": "G0214",
        "grid_id": "G0214",
        "cell_km": "~4x4",
        "data_status": "DUMMY_DEVELOPMENT_ONLY"
      },
      "geometry": {
        "type": "Polygon",
        "coordinates": [
          [
            [
              86.6700522784329,
              25.954504504504524
            ],
            [
              86.71006970457721,
              25.954504504504524
            ],
            [
              86.71006970457721,
              25.99054054054056
            ],
            [
              86.6700522784329,
              25.99054054054056
            ],
            [
              86.6700522784329,
              25.954504504504524
            ]
          ]
        ]
      }
    },
    {
      "type": "Feature",
      "properties": {
        "name": "G0215",
        "grid_id": "G0215",
        "cell_km": "~4x4",
        "data_status": "DUMMY_DEVELOPMENT_ONLY"
      },
      "geometry": {
        "type": "Polygon",
        "coordinates": [
          [
            [
              86.71006970457721,
              25.954504504504524
            ],
            [
              86.75008713072151,
              25.954504504504524
            ],
            [
              86.75008713072151,
              25.99054054054056
            ],
            [
              86.71006970457721,
              25.99054054054056
            ],
            [
              86.71006970457721,
              25.954504504504524
            ]
          ]
        ]
      }
    },
    {
      "type": "Feature",
      "properties": {
        "name": "G0216",
        "grid_id": "G0216",
        "cell_km": "~4x4",
        "data_status": "DUMMY_DEVELOPMENT_ONLY"
      },
      "geometry": {
        "type": "Polygon",
        "coordinates": [
          [
            [
              86.75008713072151,
              25.954504504504524
            ],
            [
              86.79010455686581,
              25.954504504504524
            ],
            [
              86.79010455686581,
              25.99054054054056
            ],
            [
              86.75008713072151,
              25.99054054054056
            ],
            [
              86.75008713072151,
              25.954504504504524
            ]
          ]
        ]
      }
    },
    {
      "type": "Feature",
      "properties": {
        "name": "G0217",
        "grid_id": "G0217",
        "cell_km": "~4x4",
        "data_status": "DUMMY_DEVELOPMENT_ONLY"
      },
      "geometry": {
        "type": "Polygon",
        "coordinates": [
          [
            [
              86.79010455686581,
              25.954504504504524
            ],
            [
              86.83012198301012,
              25.954504504504524
            ],
            [
              86.83012198301012,
              25.99054054054056
            ],
            [
              86.79010455686581,
              25.99054054054056
            ],
            [
              86.79010455686581,
              25.954504504504524
            ]
          ]
        ]
      }
    },
    {
      "type": "Feature",
      "properties": {
        "name": "G0218",
        "grid_id": "G0218",
        "cell_km": "~4x4",
        "data_status": "DUMMY_DEVELOPMENT_ONLY"
      },
      "geometry": {
        "type": "Polygon",
        "coordinates": [
          [
            [
              86.83012198301012,
              25.954504504504524
            ],
            [
              86.87013940915442,
              25.954504504504524
            ],
            [
              86.87013940915442,
              25.99054054054056
            ],
            [
              86.83012198301012,
              25.99054054054056
            ],
            [
              86.83012198301012,
              25.954504504504524
            ]
          ]
        ]
      }
    },
    {
      "type": "Feature",
      "properties": {
        "name": "G0219",
        "grid_id": "G0219",
        "cell_km": "~4x4",
        "data_status": "DUMMY_DEVELOPMENT_ONLY"
      },
      "geometry": {
        "type": "Polygon",
        "coordinates": [
          [
            [
              86.87013940915442,
              25.954504504504524
            ],
            [
              86.91015683529872,
              25.954504504504524
            ],
            [
              86.91015683529872,
              25.99054054054056
            ],
            [
              86.87013940915442,
              25.99054054054056
            ],
            [
              86.87013940915442,
              25.954504504504524
            ]
          ]
        ]
      }
    },
    {
      "type": "Feature",
      "properties": {
        "name": "G0220",
        "grid_id": "G0220",
        "cell_km": "~4x4",
        "data_status": "DUMMY_DEVELOPMENT_ONLY"
      },
      "geometry": {
        "type": "Polygon",
        "coordinates": [
          [
            [
              86.91015683529872,
              25.954504504504524
            ],
            [
              86.95017426144302,
              25.954504504504524
            ],
            [
              86.95017426144302,
              25.99054054054056
            ],
            [
              86.91015683529872,
              25.99054054054056
            ],
            [
              86.91015683529872,
              25.954504504504524
            ]
          ]
        ]
      }
    },
    {
      "type": "Feature",
      "properties": {
        "name": "G0221",
        "grid_id": "G0221",
        "cell_km": "~4x4",
        "data_status": "DUMMY_DEVELOPMENT_ONLY"
      },
      "geometry": {
        "type": "Polygon",
        "coordinates": [
          [
            [
              86.95017426144302,
              25.954504504504524
            ],
            [
              86.99019168758733,
              25.954504504504524
            ],
            [
              86.99019168758733,
              25.99054054054056
            ],
            [
              86.95017426144302,
              25.99054054054056
            ],
            [
              86.95017426144302,
              25.954504504504524
            ]
          ]
        ]
      }
    },
    {
      "type": "Feature",
      "properties": {
        "name": "G0222",
        "grid_id": "G0222",
        "cell_km": "~4x4",
        "data_status": "DUMMY_DEVELOPMENT_ONLY"
      },
      "geometry": {
        "type": "Polygon",
        "coordinates": [
          [
            [
              86.99019168758733,
              25.954504504504524
            ],
            [
              87.03020911373163,
              25.954504504504524
            ],
            [
              87.03020911373163,
              25.99054054054056
            ],
            [
              86.99019168758733,
              25.99054054054056
            ],
            [
              86.99019168758733,
              25.954504504504524
            ]
          ]
        ]
      }
    },
    {
      "type": "Feature",
      "properties": {
        "name": "G0223",
        "grid_id": "G0223",
        "cell_km": "~4x4",
        "data_status": "DUMMY_DEVELOPMENT_ONLY"
      },
      "geometry": {
        "type": "Polygon",
        "coordinates": [
          [
            [
              87.03020911373163,
              25.954504504504524
            ],
            [
              87.07022653987593,
              25.954504504504524
            ],
            [
              87.07022653987593,
              25.99054054054056
            ],
            [
              87.03020911373163,
              25.99054054054056
            ],
            [
              87.03020911373163,
              25.954504504504524
            ]
          ]
        ]
      }
    },
    {
      "type": "Feature",
      "properties": {
        "name": "G0224",
        "grid_id": "G0224",
        "cell_km": "~4x4",
        "data_status": "DUMMY_DEVELOPMENT_ONLY"
      },
      "geometry": {
        "type": "Polygon",
        "coordinates": [
          [
            [
              87.07022653987593,
              25.954504504504524
            ],
            [
              87.11024396602024,
              25.954504504504524
            ],
            [
              87.11024396602024,
              25.99054054054056
            ],
            [
              87.07022653987593,
              25.99054054054056
            ],
            [
              87.07022653987593,
              25.954504504504524
            ]
          ]
        ]
      }
    },
    {
      "type": "Feature",
      "properties": {
        "name": "G0225",
        "grid_id": "G0225",
        "cell_km": "~4x4",
        "data_status": "DUMMY_DEVELOPMENT_ONLY"
      },
      "geometry": {
        "type": "Polygon",
        "coordinates": [
          [
            [
              87.11024396602024,
              25.954504504504524
            ],
            [
              87.15,
              25.954504504504524
            ],
            [
              87.15,
              25.99054054054056
            ],
            [
              87.11024396602024,
              25.99054054054056
            ],
            [
              87.11024396602024,
              25.954504504504524
            ]
          ]
        ]
      }
    },
    {
      "type": "Feature",
      "properties": {
        "name": "G0226",
        "grid_id": "G0226",
        "cell_km": "~4x4",
        "data_status": "DUMMY_DEVELOPMENT_ONLY"
      },
      "geometry": {
        "type": "Polygon",
        "coordinates": [
          [
            [
              86.55,
              25.99054054054056
            ],
            [
              86.5900174261443,
              25.99054054054056
            ],
            [
              86.5900174261443,
              26.0265765765766
            ],
            [
              86.55,
              26.0265765765766
            ],
            [
              86.55,
              25.99054054054056
            ]
          ]
        ]
      }
    },
    {
      "type": "Feature",
      "properties": {
        "name": "G0227",
        "grid_id": "G0227",
        "cell_km": "~4x4",
        "data_status": "DUMMY_DEVELOPMENT_ONLY"
      },
      "geometry": {
        "type": "Polygon",
        "coordinates": [
          [
            [
              86.5900174261443,
              25.99054054054056
            ],
            [
              86.6300348522886,
              25.99054054054056
            ],
            [
              86.6300348522886,
              26.0265765765766
            ],
            [
              86.5900174261443,
              26.0265765765766
            ],
            [
              86.5900174261443,
              25.99054054054056
            ]
          ]
        ]
      }
    },
    {
      "type": "Feature",
      "properties": {
        "name": "G0228",
        "grid_id": "G0228",
        "cell_km": "~4x4",
        "data_status": "DUMMY_DEVELOPMENT_ONLY"
      },
      "geometry": {
        "type": "Polygon",
        "coordinates": [
          [
            [
              86.6300348522886,
              25.99054054054056
            ],
            [
              86.6700522784329,
              25.99054054054056
            ],
            [
              86.6700522784329,
              26.0265765765766
            ],
            [
              86.6300348522886,
              26.0265765765766
            ],
            [
              86.6300348522886,
              25.99054054054056
            ]
          ]
        ]
      }
    },
    {
      "type": "Feature",
      "properties": {
        "name": "G0229",
        "grid_id": "G0229",
        "cell_km": "~4x4",
        "data_status": "DUMMY_DEVELOPMENT_ONLY"
      },
      "geometry": {
        "type": "Polygon",
        "coordinates": [
          [
            [
              86.6700522784329,
              25.99054054054056
            ],
            [
              86.71006970457721,
              25.99054054054056
            ],
            [
              86.71006970457721,
              26.0265765765766
            ],
            [
              86.6700522784329,
              26.0265765765766
            ],
            [
              86.6700522784329,
              25.99054054054056
            ]
          ]
        ]
      }
    },
    {
      "type": "Feature",
      "properties": {
        "name": "G0230",
        "grid_id": "G0230",
        "cell_km": "~4x4",
        "data_status": "DUMMY_DEVELOPMENT_ONLY"
      },
      "geometry": {
        "type": "Polygon",
        "coordinates": [
          [
            [
              86.71006970457721,
              25.99054054054056
            ],
            [
              86.75008713072151,
              25.99054054054056
            ],
            [
              86.75008713072151,
              26.0265765765766
            ],
            [
              86.71006970457721,
              26.0265765765766
            ],
            [
              86.71006970457721,
              25.99054054054056
            ]
          ]
        ]
      }
    },
    {
      "type": "Feature",
      "properties": {
        "name": "G0231",
        "grid_id": "G0231",
        "cell_km": "~4x4",
        "data_status": "DUMMY_DEVELOPMENT_ONLY"
      },
      "geometry": {
        "type": "Polygon",
        "coordinates": [
          [
            [
              86.75008713072151,
              25.99054054054056
            ],
            [
              86.79010455686581,
              25.99054054054056
            ],
            [
              86.79010455686581,
              26.0265765765766
            ],
            [
              86.75008713072151,
              26.0265765765766
            ],
            [
              86.75008713072151,
              25.99054054054056
            ]
          ]
        ]
      }
    },
    {
      "type": "Feature",
      "properties": {
        "name": "G0232",
        "grid_id": "G0232",
        "cell_km": "~4x4",
        "data_status": "DUMMY_DEVELOPMENT_ONLY"
      },
      "geometry": {
        "type": "Polygon",
        "coordinates": [
          [
            [
              86.79010455686581,
              25.99054054054056
            ],
            [
              86.83012198301012,
              25.99054054054056
            ],
            [
              86.83012198301012,
              26.0265765765766
            ],
            [
              86.79010455686581,
              26.0265765765766
            ],
            [
              86.79010455686581,
              25.99054054054056
            ]
          ]
        ]
      }
    },
    {
      "type": "Feature",
      "properties": {
        "name": "G0233",
        "grid_id": "G0233",
        "cell_km": "~4x4",
        "data_status": "DUMMY_DEVELOPMENT_ONLY"
      },
      "geometry": {
        "type": "Polygon",
        "coordinates": [
          [
            [
              86.83012198301012,
              25.99054054054056
            ],
            [
              86.87013940915442,
              25.99054054054056
            ],
            [
              86.87013940915442,
              26.0265765765766
            ],
            [
              86.83012198301012,
              26.0265765765766
            ],
            [
              86.83012198301012,
              25.99054054054056
            ]
          ]
        ]
      }
    },
    {
      "type": "Feature",
      "properties": {
        "name": "G0234",
        "grid_id": "G0234",
        "cell_km": "~4x4",
        "data_status": "DUMMY_DEVELOPMENT_ONLY"
      },
      "geometry": {
        "type": "Polygon",
        "coordinates": [
          [
            [
              86.87013940915442,
              25.99054054054056
            ],
            [
              86.91015683529872,
              25.99054054054056
            ],
            [
              86.91015683529872,
              26.0265765765766
            ],
            [
              86.87013940915442,
              26.0265765765766
            ],
            [
              86.87013940915442,
              25.99054054054056
            ]
          ]
        ]
      }
    },
    {
      "type": "Feature",
      "properties": {
        "name": "G0235",
        "grid_id": "G0235",
        "cell_km": "~4x4",
        "data_status": "DUMMY_DEVELOPMENT_ONLY"
      },
      "geometry": {
        "type": "Polygon",
        "coordinates": [
          [
            [
              86.91015683529872,
              25.99054054054056
            ],
            [
              86.95017426144302,
              25.99054054054056
            ],
            [
              86.95017426144302,
              26.0265765765766
            ],
            [
              86.91015683529872,
              26.0265765765766
            ],
            [
              86.91015683529872,
              25.99054054054056
            ]
          ]
        ]
      }
    },
    {
      "type": "Feature",
      "properties": {
        "name": "G0236",
        "grid_id": "G0236",
        "cell_km": "~4x4",
        "data_status": "DUMMY_DEVELOPMENT_ONLY"
      },
      "geometry": {
        "type": "Polygon",
        "coordinates": [
          [
            [
              86.95017426144302,
              25.99054054054056
            ],
            [
              86.99019168758733,
              25.99054054054056
            ],
            [
              86.99019168758733,
              26.0265765765766
            ],
            [
              86.95017426144302,
              26.0265765765766
            ],
            [
              86.95017426144302,
              25.99054054054056
            ]
          ]
        ]
      }
    },
    {
      "type": "Feature",
      "properties": {
        "name": "G0237",
        "grid_id": "G0237",
        "cell_km": "~4x4",
        "data_status": "DUMMY_DEVELOPMENT_ONLY"
      },
      "geometry": {
        "type": "Polygon",
        "coordinates": [
          [
            [
              86.99019168758733,
              25.99054054054056
            ],
            [
              87.03020911373163,
              25.99054054054056
            ],
            [
              87.03020911373163,
              26.0265765765766
            ],
            [
              86.99019168758733,
              26.0265765765766
            ],
            [
              86.99019168758733,
              25.99054054054056
            ]
          ]
        ]
      }
    },
    {
      "type": "Feature",
      "properties": {
        "name": "G0238",
        "grid_id": "G0238",
        "cell_km": "~4x4",
        "data_status": "DUMMY_DEVELOPMENT_ONLY"
      },
      "geometry": {
        "type": "Polygon",
        "coordinates": [
          [
            [
              87.03020911373163,
              25.99054054054056
            ],
            [
              87.07022653987593,
              25.99054054054056
            ],
            [
              87.07022653987593,
              26.0265765765766
            ],
            [
              87.03020911373163,
              26.0265765765766
            ],
            [
              87.03020911373163,
              25.99054054054056
            ]
          ]
        ]
      }
    },
    {
      "type": "Feature",
      "properties": {
        "name": "G0239",
        "grid_id": "G0239",
        "cell_km": "~4x4",
        "data_status": "DUMMY_DEVELOPMENT_ONLY"
      },
      "geometry": {
        "type": "Polygon",
        "coordinates": [
          [
            [
              87.07022653987593,
              25.99054054054056
            ],
            [
              87.11024396602024,
              25.99054054054056
            ],
            [
              87.11024396602024,
              26.0265765765766
            ],
            [
              87.07022653987593,
              26.0265765765766
            ],
            [
              87.07022653987593,
              25.99054054054056
            ]
          ]
        ]
      }
    },
    {
      "type": "Feature",
      "properties": {
        "name": "G0240",
        "grid_id": "G0240",
        "cell_km": "~4x4",
        "data_status": "DUMMY_DEVELOPMENT_ONLY"
      },
      "geometry": {
        "type": "Polygon",
        "coordinates": [
          [
            [
              87.11024396602024,
              25.99054054054056
            ],
            [
              87.15,
              25.99054054054056
            ],
            [
              87.15,
              26.0265765765766
            ],
            [
              87.11024396602024,
              26.0265765765766
            ],
            [
              87.11024396602024,
              25.99054054054056
            ]
          ]
        ]
      }
    },
    {
      "type": "Feature",
      "properties": {
        "name": "G0241",
        "grid_id": "G0241",
        "cell_km": "~4x4",
        "data_status": "DUMMY_DEVELOPMENT_ONLY"
      },
      "geometry": {
        "type": "Polygon",
        "coordinates": [
          [
            [
              86.55,
              26.0265765765766
            ],
            [
              86.5900174261443,
              26.0265765765766
            ],
            [
              86.5900174261443,
              26.062612612612636
            ],
            [
              86.55,
              26.062612612612636
            ],
            [
              86.55,
              26.0265765765766
            ]
          ]
        ]
      }
    },
    {
      "type": "Feature",
      "properties": {
        "name": "G0242",
        "grid_id": "G0242",
        "cell_km": "~4x4",
        "data_status": "DUMMY_DEVELOPMENT_ONLY"
      },
      "geometry": {
        "type": "Polygon",
        "coordinates": [
          [
            [
              86.5900174261443,
              26.0265765765766
            ],
            [
              86.6300348522886,
              26.0265765765766
            ],
            [
              86.6300348522886,
              26.062612612612636
            ],
            [
              86.5900174261443,
              26.062612612612636
            ],
            [
              86.5900174261443,
              26.0265765765766
            ]
          ]
        ]
      }
    },
    {
      "type": "Feature",
      "properties": {
        "name": "G0243",
        "grid_id": "G0243",
        "cell_km": "~4x4",
        "data_status": "DUMMY_DEVELOPMENT_ONLY"
      },
      "geometry": {
        "type": "Polygon",
        "coordinates": [
          [
            [
              86.6300348522886,
              26.0265765765766
            ],
            [
              86.6700522784329,
              26.0265765765766
            ],
            [
              86.6700522784329,
              26.062612612612636
            ],
            [
              86.6300348522886,
              26.062612612612636
            ],
            [
              86.6300348522886,
              26.0265765765766
            ]
          ]
        ]
      }
    },
    {
      "type": "Feature",
      "properties": {
        "name": "G0244",
        "grid_id": "G0244",
        "cell_km": "~4x4",
        "data_status": "DUMMY_DEVELOPMENT_ONLY"
      },
      "geometry": {
        "type": "Polygon",
        "coordinates": [
          [
            [
              86.6700522784329,
              26.0265765765766
            ],
            [
              86.71006970457721,
              26.0265765765766
            ],
            [
              86.71006970457721,
              26.062612612612636
            ],
            [
              86.6700522784329,
              26.062612612612636
            ],
            [
              86.6700522784329,
              26.0265765765766
            ]
          ]
        ]
      }
    },
    {
      "type": "Feature",
      "properties": {
        "name": "G0245",
        "grid_id": "G0245",
        "cell_km": "~4x4",
        "data_status": "DUMMY_DEVELOPMENT_ONLY"
      },
      "geometry": {
        "type": "Polygon",
        "coordinates": [
          [
            [
              86.71006970457721,
              26.0265765765766
            ],
            [
              86.75008713072151,
              26.0265765765766
            ],
            [
              86.75008713072151,
              26.062612612612636
            ],
            [
              86.71006970457721,
              26.062612612612636
            ],
            [
              86.71006970457721,
              26.0265765765766
            ]
          ]
        ]
      }
    },
    {
      "type": "Feature",
      "properties": {
        "name": "G0246",
        "grid_id": "G0246",
        "cell_km": "~4x4",
        "data_status": "DUMMY_DEVELOPMENT_ONLY"
      },
      "geometry": {
        "type": "Polygon",
        "coordinates": [
          [
            [
              86.75008713072151,
              26.0265765765766
            ],
            [
              86.79010455686581,
              26.0265765765766
            ],
            [
              86.79010455686581,
              26.062612612612636
            ],
            [
              86.75008713072151,
              26.062612612612636
            ],
            [
              86.75008713072151,
              26.0265765765766
            ]
          ]
        ]
      }
    },
    {
      "type": "Feature",
      "properties": {
        "name": "G0247",
        "grid_id": "G0247",
        "cell_km": "~4x4",
        "data_status": "DUMMY_DEVELOPMENT_ONLY"
      },
      "geometry": {
        "type": "Polygon",
        "coordinates": [
          [
            [
              86.79010455686581,
              26.0265765765766
            ],
            [
              86.83012198301012,
              26.0265765765766
            ],
            [
              86.83012198301012,
              26.062612612612636
            ],
            [
              86.79010455686581,
              26.062612612612636
            ],
            [
              86.79010455686581,
              26.0265765765766
            ]
          ]
        ]
      }
    },
    {
      "type": "Feature",
      "properties": {
        "name": "G0248",
        "grid_id": "G0248",
        "cell_km": "~4x4",
        "data_status": "DUMMY_DEVELOPMENT_ONLY"
      },
      "geometry": {
        "type": "Polygon",
        "coordinates": [
          [
            [
              86.83012198301012,
              26.0265765765766
            ],
            [
              86.87013940915442,
              26.0265765765766
            ],
            [
              86.87013940915442,
              26.062612612612636
            ],
            [
              86.83012198301012,
              26.062612612612636
            ],
            [
              86.83012198301012,
              26.0265765765766
            ]
          ]
        ]
      }
    },
    {
      "type": "Feature",
      "properties": {
        "name": "G0249",
        "grid_id": "G0249",
        "cell_km": "~4x4",
        "data_status": "DUMMY_DEVELOPMENT_ONLY"
      },
      "geometry": {
        "type": "Polygon",
        "coordinates": [
          [
            [
              86.87013940915442,
              26.0265765765766
            ],
            [
              86.91015683529872,
              26.0265765765766
            ],
            [
              86.91015683529872,
              26.062612612612636
            ],
            [
              86.87013940915442,
              26.062612612612636
            ],
            [
              86.87013940915442,
              26.0265765765766
            ]
          ]
        ]
      }
    },
    {
      "type": "Feature",
      "properties": {
        "name": "G0250",
        "grid_id": "G0250",
        "cell_km": "~4x4",
        "data_status": "DUMMY_DEVELOPMENT_ONLY"
      },
      "geometry": {
        "type": "Polygon",
        "coordinates": [
          [
            [
              86.91015683529872,
              26.0265765765766
            ],
            [
              86.95017426144302,
              26.0265765765766
            ],
            [
              86.95017426144302,
              26.062612612612636
            ],
            [
              86.91015683529872,
              26.062612612612636
            ],
            [
              86.91015683529872,
              26.0265765765766
            ]
          ]
        ]
      }
    },
    {
      "type": "Feature",
      "properties": {
        "name": "G0251",
        "grid_id": "G0251",
        "cell_km": "~4x4",
        "data_status": "DUMMY_DEVELOPMENT_ONLY"
      },
      "geometry": {
        "type": "Polygon",
        "coordinates": [
          [
            [
              86.95017426144302,
              26.0265765765766
            ],
            [
              86.99019168758733,
              26.0265765765766
            ],
            [
              86.99019168758733,
              26.062612612612636
            ],
            [
              86.95017426144302,
              26.062612612612636
            ],
            [
              86.95017426144302,
              26.0265765765766
            ]
          ]
        ]
      }
    },
    {
      "type": "Feature",
      "properties": {
        "name": "G0252",
        "grid_id": "G0252",
        "cell_km": "~4x4",
        "data_status": "DUMMY_DEVELOPMENT_ONLY"
      },
      "geometry": {
        "type": "Polygon",
        "coordinates": [
          [
            [
              86.99019168758733,
              26.0265765765766
            ],
            [
              87.03020911373163,
              26.0265765765766
            ],
            [
              87.03020911373163,
              26.062612612612636
            ],
            [
              86.99019168758733,
              26.062612612612636
            ],
            [
              86.99019168758733,
              26.0265765765766
            ]
          ]
        ]
      }
    },
    {
      "type": "Feature",
      "properties": {
        "name": "G0253",
        "grid_id": "G0253",
        "cell_km": "~4x4",
        "data_status": "DUMMY_DEVELOPMENT_ONLY"
      },
      "geometry": {
        "type": "Polygon",
        "coordinates": [
          [
            [
              87.03020911373163,
              26.0265765765766
            ],
            [
              87.07022653987593,
              26.0265765765766
            ],
            [
              87.07022653987593,
              26.062612612612636
            ],
            [
              87.03020911373163,
              26.062612612612636
            ],
            [
              87.03020911373163,
              26.0265765765766
            ]
          ]
        ]
      }
    },
    {
      "type": "Feature",
      "properties": {
        "name": "G0254",
        "grid_id": "G0254",
        "cell_km": "~4x4",
        "data_status": "DUMMY_DEVELOPMENT_ONLY"
      },
      "geometry": {
        "type": "Polygon",
        "coordinates": [
          [
            [
              87.07022653987593,
              26.0265765765766
            ],
            [
              87.11024396602024,
              26.0265765765766
            ],
            [
              87.11024396602024,
              26.062612612612636
            ],
            [
              87.07022653987593,
              26.062612612612636
            ],
            [
              87.07022653987593,
              26.0265765765766
            ]
          ]
        ]
      }
    },
    {
      "type": "Feature",
      "properties": {
        "name": "G0255",
        "grid_id": "G0255",
        "cell_km": "~4x4",
        "data_status": "DUMMY_DEVELOPMENT_ONLY"
      },
      "geometry": {
        "type": "Polygon",
        "coordinates": [
          [
            [
              87.11024396602024,
              26.0265765765766
            ],
            [
              87.15,
              26.0265765765766
            ],
            [
              87.15,
              26.062612612612636
            ],
            [
              87.11024396602024,
              26.062612612612636
            ],
            [
              87.11024396602024,
              26.0265765765766
            ]
          ]
        ]
      }
    },
    {
      "type": "Feature",
      "properties": {
        "name": "G0256",
        "grid_id": "G0256",
        "cell_km": "~4x4",
        "data_status": "DUMMY_DEVELOPMENT_ONLY"
      },
      "geometry": {
        "type": "Polygon",
        "coordinates": [
          [
            [
              86.55,
              26.062612612612636
            ],
            [
              86.5900174261443,
              26.062612612612636
            ],
            [
              86.5900174261443,
              26.098648648648673
            ],
            [
              86.55,
              26.098648648648673
            ],
            [
              86.55,
              26.062612612612636
            ]
          ]
        ]
      }
    },
    {
      "type": "Feature",
      "properties": {
        "name": "G0257",
        "grid_id": "G0257",
        "cell_km": "~4x4",
        "data_status": "DUMMY_DEVELOPMENT_ONLY"
      },
      "geometry": {
        "type": "Polygon",
        "coordinates": [
          [
            [
              86.5900174261443,
              26.062612612612636
            ],
            [
              86.6300348522886,
              26.062612612612636
            ],
            [
              86.6300348522886,
              26.098648648648673
            ],
            [
              86.5900174261443,
              26.098648648648673
            ],
            [
              86.5900174261443,
              26.062612612612636
            ]
          ]
        ]
      }
    },
    {
      "type": "Feature",
      "properties": {
        "name": "G0258",
        "grid_id": "G0258",
        "cell_km": "~4x4",
        "data_status": "DUMMY_DEVELOPMENT_ONLY"
      },
      "geometry": {
        "type": "Polygon",
        "coordinates": [
          [
            [
              86.6300348522886,
              26.062612612612636
            ],
            [
              86.6700522784329,
              26.062612612612636
            ],
            [
              86.6700522784329,
              26.098648648648673
            ],
            [
              86.6300348522886,
              26.098648648648673
            ],
            [
              86.6300348522886,
              26.062612612612636
            ]
          ]
        ]
      }
    },
    {
      "type": "Feature",
      "properties": {
        "name": "G0259",
        "grid_id": "G0259",
        "cell_km": "~4x4",
        "data_status": "DUMMY_DEVELOPMENT_ONLY"
      },
      "geometry": {
        "type": "Polygon",
        "coordinates": [
          [
            [
              86.6700522784329,
              26.062612612612636
            ],
            [
              86.71006970457721,
              26.062612612612636
            ],
            [
              86.71006970457721,
              26.098648648648673
            ],
            [
              86.6700522784329,
              26.098648648648673
            ],
            [
              86.6700522784329,
              26.062612612612636
            ]
          ]
        ]
      }
    },
    {
      "type": "Feature",
      "properties": {
        "name": "G0260",
        "grid_id": "G0260",
        "cell_km": "~4x4",
        "data_status": "DUMMY_DEVELOPMENT_ONLY"
      },
      "geometry": {
        "type": "Polygon",
        "coordinates": [
          [
            [
              86.71006970457721,
              26.062612612612636
            ],
            [
              86.75008713072151,
              26.062612612612636
            ],
            [
              86.75008713072151,
              26.098648648648673
            ],
            [
              86.71006970457721,
              26.098648648648673
            ],
            [
              86.71006970457721,
              26.062612612612636
            ]
          ]
        ]
      }
    },
    {
      "type": "Feature",
      "properties": {
        "name": "G0261",
        "grid_id": "G0261",
        "cell_km": "~4x4",
        "data_status": "DUMMY_DEVELOPMENT_ONLY"
      },
      "geometry": {
        "type": "Polygon",
        "coordinates": [
          [
            [
              86.75008713072151,
              26.062612612612636
            ],
            [
              86.79010455686581,
              26.062612612612636
            ],
            [
              86.79010455686581,
              26.098648648648673
            ],
            [
              86.75008713072151,
              26.098648648648673
            ],
            [
              86.75008713072151,
              26.062612612612636
            ]
          ]
        ]
      }
    },
    {
      "type": "Feature",
      "properties": {
        "name": "G0262",
        "grid_id": "G0262",
        "cell_km": "~4x4",
        "data_status": "DUMMY_DEVELOPMENT_ONLY"
      },
      "geometry": {
        "type": "Polygon",
        "coordinates": [
          [
            [
              86.79010455686581,
              26.062612612612636
            ],
            [
              86.83012198301012,
              26.062612612612636
            ],
            [
              86.83012198301012,
              26.098648648648673
            ],
            [
              86.79010455686581,
              26.098648648648673
            ],
            [
              86.79010455686581,
              26.062612612612636
            ]
          ]
        ]
      }
    },
    {
      "type": "Feature",
      "properties": {
        "name": "G0263",
        "grid_id": "G0263",
        "cell_km": "~4x4",
        "data_status": "DUMMY_DEVELOPMENT_ONLY"
      },
      "geometry": {
        "type": "Polygon",
        "coordinates": [
          [
            [
              86.83012198301012,
              26.062612612612636
            ],
            [
              86.87013940915442,
              26.062612612612636
            ],
            [
              86.87013940915442,
              26.098648648648673
            ],
            [
              86.83012198301012,
              26.098648648648673
            ],
            [
              86.83012198301012,
              26.062612612612636
            ]
          ]
        ]
      }
    },
    {
      "type": "Feature",
      "properties": {
        "name": "G0264",
        "grid_id": "G0264",
        "cell_km": "~4x4",
        "data_status": "DUMMY_DEVELOPMENT_ONLY"
      },
      "geometry": {
        "type": "Polygon",
        "coordinates": [
          [
            [
              86.87013940915442,
              26.062612612612636
            ],
            [
              86.91015683529872,
              26.062612612612636
            ],
            [
              86.91015683529872,
              26.098648648648673
            ],
            [
              86.87013940915442,
              26.098648648648673
            ],
            [
              86.87013940915442,
              26.062612612612636
            ]
          ]
        ]
      }
    },
    {
      "type": "Feature",
      "properties": {
        "name": "G0265",
        "grid_id": "G0265",
        "cell_km": "~4x4",
        "data_status": "DUMMY_DEVELOPMENT_ONLY"
      },
      "geometry": {
        "type": "Polygon",
        "coordinates": [
          [
            [
              86.91015683529872,
              26.062612612612636
            ],
            [
              86.95017426144302,
              26.062612612612636
            ],
            [
              86.95017426144302,
              26.098648648648673
            ],
            [
              86.91015683529872,
              26.098648648648673
            ],
            [
              86.91015683529872,
              26.062612612612636
            ]
          ]
        ]
      }
    },
    {
      "type": "Feature",
      "properties": {
        "name": "G0266",
        "grid_id": "G0266",
        "cell_km": "~4x4",
        "data_status": "DUMMY_DEVELOPMENT_ONLY"
      },
      "geometry": {
        "type": "Polygon",
        "coordinates": [
          [
            [
              86.95017426144302,
              26.062612612612636
            ],
            [
              86.99019168758733,
              26.062612612612636
            ],
            [
              86.99019168758733,
              26.098648648648673
            ],
            [
              86.95017426144302,
              26.098648648648673
            ],
            [
              86.95017426144302,
              26.062612612612636
            ]
          ]
        ]
      }
    },
    {
      "type": "Feature",
      "properties": {
        "name": "G0267",
        "grid_id": "G0267",
        "cell_km": "~4x4",
        "data_status": "DUMMY_DEVELOPMENT_ONLY"
      },
      "geometry": {
        "type": "Polygon",
        "coordinates": [
          [
            [
              86.99019168758733,
              26.062612612612636
            ],
            [
              87.03020911373163,
              26.062612612612636
            ],
            [
              87.03020911373163,
              26.098648648648673
            ],
            [
              86.99019168758733,
              26.098648648648673
            ],
            [
              86.99019168758733,
              26.062612612612636
            ]
          ]
        ]
      }
    },
    {
      "type": "Feature",
      "properties": {
        "name": "G0268",
        "grid_id": "G0268",
        "cell_km": "~4x4",
        "data_status": "DUMMY_DEVELOPMENT_ONLY"
      },
      "geometry": {
        "type": "Polygon",
        "coordinates": [
          [
            [
              87.03020911373163,
              26.062612612612636
            ],
            [
              87.07022653987593,
              26.062612612612636
            ],
            [
              87.07022653987593,
              26.098648648648673
            ],
            [
              87.03020911373163,
              26.098648648648673
            ],
            [
              87.03020911373163,
              26.062612612612636
            ]
          ]
        ]
      }
    },
    {
      "type": "Feature",
      "properties": {
        "name": "G0269",
        "grid_id": "G0269",
        "cell_km": "~4x4",
        "data_status": "DUMMY_DEVELOPMENT_ONLY"
      },
      "geometry": {
        "type": "Polygon",
        "coordinates": [
          [
            [
              87.07022653987593,
              26.062612612612636
            ],
            [
              87.11024396602024,
              26.062612612612636
            ],
            [
              87.11024396602024,
              26.098648648648673
            ],
            [
              87.07022653987593,
              26.098648648648673
            ],
            [
              87.07022653987593,
              26.062612612612636
            ]
          ]
        ]
      }
    },
    {
      "type": "Feature",
      "properties": {
        "name": "G0270",
        "grid_id": "G0270",
        "cell_km": "~4x4",
        "data_status": "DUMMY_DEVELOPMENT_ONLY"
      },
      "geometry": {
        "type": "Polygon",
        "coordinates": [
          [
            [
              87.11024396602024,
              26.062612612612636
            ],
            [
              87.15,
              26.062612612612636
            ],
            [
              87.15,
              26.098648648648673
            ],
            [
              87.11024396602024,
              26.098648648648673
            ],
            [
              87.11024396602024,
              26.062612612612636
            ]
          ]
        ]
      }
    },
    {
      "type": "Feature",
      "properties": {
        "name": "G0271",
        "grid_id": "G0271",
        "cell_km": "~4x4",
        "data_status": "DUMMY_DEVELOPMENT_ONLY"
      },
      "geometry": {
        "type": "Polygon",
        "coordinates": [
          [
            [
              86.55,
              26.098648648648673
            ],
            [
              86.5900174261443,
              26.098648648648673
            ],
            [
              86.5900174261443,
              26.1
            ],
            [
              86.55,
              26.1
            ],
            [
              86.55,
              26.098648648648673
            ]
          ]
        ]
      }
    },
    {
      "type": "Feature",
      "properties": {
        "name": "G0272",
        "grid_id": "G0272",
        "cell_km": "~4x4",
        "data_status": "DUMMY_DEVELOPMENT_ONLY"
      },
      "geometry": {
        "type": "Polygon",
        "coordinates": [
          [
            [
              86.5900174261443,
              26.098648648648673
            ],
            [
              86.6300348522886,
              26.098648648648673
            ],
            [
              86.6300348522886,
              26.1
            ],
            [
              86.5900174261443,
              26.1
            ],
            [
              86.5900174261443,
              26.098648648648673
            ]
          ]
        ]
      }
    },
    {
      "type": "Feature",
      "properties": {
        "name": "G0273",
        "grid_id": "G0273",
        "cell_km": "~4x4",
        "data_status": "DUMMY_DEVELOPMENT_ONLY"
      },
      "geometry": {
        "type": "Polygon",
        "coordinates": [
          [
            [
              86.6300348522886,
              26.098648648648673
            ],
            [
              86.6700522784329,
              26.098648648648673
            ],
            [
              86.6700522784329,
              26.1
            ],
            [
              86.6300348522886,
              26.1
            ],
            [
              86.6300348522886,
              26.098648648648673
            ]
          ]
        ]
      }
    },
    {
      "type": "Feature",
      "properties": {
        "name": "G0274",
        "grid_id": "G0274",
        "cell_km": "~4x4",
        "data_status": "DUMMY_DEVELOPMENT_ONLY"
      },
      "geometry": {
        "type": "Polygon",
        "coordinates": [
          [
            [
              86.6700522784329,
              26.098648648648673
            ],
            [
              86.71006970457721,
              26.098648648648673
            ],
            [
              86.71006970457721,
              26.1
            ],
            [
              86.6700522784329,
              26.1
            ],
            [
              86.6700522784329,
              26.098648648648673
            ]
          ]
        ]
      }
    },
    {
      "type": "Feature",
      "properties": {
        "name": "G0275",
        "grid_id": "G0275",
        "cell_km": "~4x4",
        "data_status": "DUMMY_DEVELOPMENT_ONLY"
      },
      "geometry": {
        "type": "Polygon",
        "coordinates": [
          [
            [
              86.71006970457721,
              26.098648648648673
            ],
            [
              86.75008713072151,
              26.098648648648673
            ],
            [
              86.75008713072151,
              26.1
            ],
            [
              86.71006970457721,
              26.1
            ],
            [
              86.71006970457721,
              26.098648648648673
            ]
          ]
        ]
      }
    },
    {
      "type": "Feature",
      "properties": {
        "name": "G0276",
        "grid_id": "G0276",
        "cell_km": "~4x4",
        "data_status": "DUMMY_DEVELOPMENT_ONLY"
      },
      "geometry": {
        "type": "Polygon",
        "coordinates": [
          [
            [
              86.75008713072151,
              26.098648648648673
            ],
            [
              86.79010455686581,
              26.098648648648673
            ],
            [
              86.79010455686581,
              26.1
            ],
            [
              86.75008713072151,
              26.1
            ],
            [
              86.75008713072151,
              26.098648648648673
            ]
          ]
        ]
      }
    },
    {
      "type": "Feature",
      "properties": {
        "name": "G0277",
        "grid_id": "G0277",
        "cell_km": "~4x4",
        "data_status": "DUMMY_DEVELOPMENT_ONLY"
      },
      "geometry": {
        "type": "Polygon",
        "coordinates": [
          [
            [
              86.79010455686581,
              26.098648648648673
            ],
            [
              86.83012198301012,
              26.098648648648673
            ],
            [
              86.83012198301012,
              26.1
            ],
            [
              86.79010455686581,
              26.1
            ],
            [
              86.79010455686581,
              26.098648648648673
            ]
          ]
        ]
      }
    },
    {
      "type": "Feature",
      "properties": {
        "name": "G0278",
        "grid_id": "G0278",
        "cell_km": "~4x4",
        "data_status": "DUMMY_DEVELOPMENT_ONLY"
      },
      "geometry": {
        "type": "Polygon",
        "coordinates": [
          [
            [
              86.83012198301012,
              26.098648648648673
            ],
            [
              86.87013940915442,
              26.098648648648673
            ],
            [
              86.87013940915442,
              26.1
            ],
            [
              86.83012198301012,
              26.1
            ],
            [
              86.83012198301012,
              26.098648648648673
            ]
          ]
        ]
      }
    },
    {
      "type": "Feature",
      "properties": {
        "name": "G0279",
        "grid_id": "G0279",
        "cell_km": "~4x4",
        "data_status": "DUMMY_DEVELOPMENT_ONLY"
      },
      "geometry": {
        "type": "Polygon",
        "coordinates": [
          [
            [
              86.87013940915442,
              26.098648648648673
            ],
            [
              86.91015683529872,
              26.098648648648673
            ],
            [
              86.91015683529872,
              26.1
            ],
            [
              86.87013940915442,
              26.1
            ],
            [
              86.87013940915442,
              26.098648648648673
            ]
          ]
        ]
      }
    },
    {
      "type": "Feature",
      "properties": {
        "name": "G0280",
        "grid_id": "G0280",
        "cell_km": "~4x4",
        "data_status": "DUMMY_DEVELOPMENT_ONLY"
      },
      "geometry": {
        "type": "Polygon",
        "coordinates": [
          [
            [
              86.91015683529872,
              26.098648648648673
            ],
            [
              86.95017426144302,
              26.098648648648673
            ],
            [
              86.95017426144302,
              26.1
            ],
            [
              86.91015683529872,
              26.1
            ],
            [
              86.91015683529872,
              26.098648648648673
            ]
          ]
        ]
      }
    },
    {
      "type": "Feature",
      "properties": {
        "name": "G0281",
        "grid_id": "G0281",
        "cell_km": "~4x4",
        "data_status": "DUMMY_DEVELOPMENT_ONLY"
      },
      "geometry": {
        "type": "Polygon",
        "coordinates": [
          [
            [
              86.95017426144302,
              26.098648648648673
            ],
            [
              86.99019168758733,
              26.098648648648673
            ],
            [
              86.99019168758733,
              26.1
            ],
            [
              86.95017426144302,
              26.1
            ],
            [
              86.95017426144302,
              26.098648648648673
            ]
          ]
        ]
      }
    },
    {
      "type": "Feature",
      "properties": {
        "name": "G0282",
        "grid_id": "G0282",
        "cell_km": "~4x4",
        "data_status": "DUMMY_DEVELOPMENT_ONLY"
      },
      "geometry": {
        "type": "Polygon",
        "coordinates": [
          [
            [
              86.99019168758733,
              26.098648648648673
            ],
            [
              87.03020911373163,
              26.098648648648673
            ],
            [
              87.03020911373163,
              26.1
            ],
            [
              86.99019168758733,
              26.1
            ],
            [
              86.99019168758733,
              26.098648648648673
            ]
          ]
        ]
      }
    },
    {
      "type": "Feature",
      "properties": {
        "name": "G0283",
        "grid_id": "G0283",
        "cell_km": "~4x4",
        "data_status": "DUMMY_DEVELOPMENT_ONLY"
      },
      "geometry": {
        "type": "Polygon",
        "coordinates": [
          [
            [
              87.03020911373163,
              26.098648648648673
            ],
            [
              87.07022653987593,
              26.098648648648673
            ],
            [
              87.07022653987593,
              26.1
            ],
            [
              87.03020911373163,
              26.1
            ],
            [
              87.03020911373163,
              26.098648648648673
            ]
          ]
        ]
      }
    },
    {
      "type": "Feature",
      "properties": {
        "name": "G0284",
        "grid_id": "G0284",
        "cell_km": "~4x4",
        "data_status": "DUMMY_DEVELOPMENT_ONLY"
      },
      "geometry": {
        "type": "Polygon",
        "coordinates": [
          [
            [
              87.07022653987593,
              26.098648648648673
            ],
            [
              87.11024396602024,
              26.098648648648673
            ],
            [
              87.11024396602024,
              26.1
            ],
            [
              87.07022653987593,
              26.1
            ],
            [
              87.07022653987593,
              26.098648648648673
            ]
          ]
        ]
      }
    },
    {
      "type": "Feature",
      "properties": {
        "name": "G0285",
        "grid_id": "G0285",
        "cell_km": "~4x4",
        "data_status": "DUMMY_DEVELOPMENT_ONLY"
      },
      "geometry": {
        "type": "Polygon",
        "coordinates": [
          [
            [
              87.11024396602024,
              26.098648648648673
            ],
            [
              87.15,
              26.098648648648673
            ],
            [
              87.15,
              26.1
            ],
            [
              87.11024396602024,
              26.1
            ],
            [
              87.11024396602024,
              26.098648648648673
            ]
          ]
        ]
      }
    }
  ]
}